# File exported by ZBrush version 2024
# www.zbrush.com
#Vertex Count 5590
#UV Vertex Count 5739
#Face Count 5588
#Auto scale x=1.000000 y=1.000000 z=1.000000
#Auto offset x=-0.000000 y=-0.000000 z=-0.000000
mtllib Column.mtl
usemtl defaultMat
v -0.6115325 5.02873182 -0.66496098
v -0.04900182 5.02967357 0.91385823
v 0.90794515 5.02970218 0.07812885
v -0.15237578 4.76089048 -1.00953662
v -0.14935706 4.84488582 -0.99523323
v -0.78593069 4.74621057 -0.57228756
v -0.79797202 4.82938051 -0.62462282
v -1.0208143 4.76711177 0.1498616
v -0.98862266 4.82906341 0.19785784
v -0.61827832 4.76660537 0.8244704
v -0.60825502 4.86803388 0.79509049
v 0.14753758 4.76041889 1.00261867
v 0.14324113 4.83774948 1.00088977
v 0.81923079 4.75935792 0.60323452
v 0.81299459 4.8348236 0.60161358
v 1.00103533 4.76051139 -0.16080969
v 0.9927597 4.83052063 -0.17500117
v 0.60071247 4.76192379 -0.82176309
v 0.58595377 4.83676528 -0.81729728
v -0.02533187 4.99304771 -0.29300311
v -0.291606 4.99306058 0.03324057
v 0.03292243 4.99308872 0.2953253
v 0.2957879 4.99306869 -0.02512162
v -0.55906224 5.02542495 -0.71327197
v -0.5246315 5.02372932 -0.78375113
v -0.62428408 5.0248537 -0.69493174
v -0.7075985 5.03102254 -0.59395325
v -0.59870243 5.01089334 -0.54231846
v -0.46215909 5.0022583 -0.63433843
v -0.20649054 5.02807283 0.88815045
v -0.19739241 5.01711797 0.92701625
v -0.04471578 5.02035188 0.94117188
v 0.12997745 5.03000545 0.90304011
v 0.11987356 5.01922178 0.79479014
v -0.04324372 5.01649713 0.79596316
v -0.18635913 5.01028299 0.77077776
v 0.12841312 5.02152299 0.93574011
v 0.88116085 5.02686739 0.24857841
v 0.9150291 5.01614522 0.24851469
v 0.93767631 5.02032756 0.0956453
v 0.94143879 5.02546119 -0.03858561
v 0.90921711 5.0286026 -0.05598615
v 0.7970364 5.01456499 -0.05346309
v 0.79066884 5.01308393 0.0773864
v -0.0940365 4.77114105 -1.02073776
v -0.07446745 4.73190498 -0.91606283
v -0.14950501 4.72886657 -0.92820918
v -0.2158882 4.76864385 -1.01170599
v -0.21843195 4.71992969 -0.92473977
v -0.14355039 4.99914693 -0.95243746
v 0.02301361 5.01388406 -0.95376586
v 0.02308703 4.84235191 -0.98003733
v 0.03293773 4.7708044 -1.02262365
v -0.38089212 4.76585054 -0.96561211
v -0.35536891 4.82329034 -0.94216924
v -0.33591866 4.99498367 -0.89647394
v -0.78468841 4.75983238 -0.62638491
v -0.69564789 4.70395708 -0.56326979
v -0.73378968 4.70889425 -0.51856786
v -0.78347307 4.6904726 -0.48527324
v -0.83676821 4.74606084 -0.54450041
v -0.84701633 4.78291797 -0.59034913
v -0.92438674 4.77592182 -0.4685615
v -0.88933974 4.83124589 -0.47037902
v -0.84012347 5.00062465 -0.46110126
v -0.74547094 4.98884058 -0.61053568
v -0.72835141 4.75847291 -0.67978233
v -1.02533423 4.77393388 0.04675709
v -0.91714841 4.73242044 0.04255871
v -0.92680245 4.73076248 0.13362072
v -0.91639721 4.72138309 0.18788993
v -1.00011968 4.75910091 0.20019301
v -1.00050425 4.76503658 0.27252578
v -0.94211757 4.99430799 0.18900999
v -0.95783877 4.99994039 0.0582568
v -0.98725813 4.85202884 0.04345673
v -0.6976825 4.77367115 0.75125777
v -0.62536406 4.73140144 0.67499649
v -0.55891913 4.73037529 0.73976892
v -0.52048575 4.72018623 0.78200089
v -0.5731768 4.7575941 0.84703332
v -0.53487384 4.76625442 0.88658422
v -0.54552453 4.997859 0.79318821
v -0.65324294 5.00846719 0.69689273
v -0.67129617 4.86463594 0.71646213
v 0.08157911 4.7690258 1.02441394
v 0.05644581 4.72734928 0.91568946
v 0.1439204 4.72733449 0.91452848
v 0.21611249 4.76506424 1.00768256
v 0.21434305 4.71569967 0.91176897
v 0.1376156 4.98017501 0.95608747
v -0.04307847 4.99681043 0.95463311
v -0.05247049 4.82269763 0.98934239
v 0.37628343 4.75867319 0.95237785
v 0.36110019 4.8085618 0.94838219
v 0.3306297 4.97871637 0.8986541
v 0.79173487 4.7680087 0.64948952
v 0.7032237 4.72811746 0.58459264
v 0.75529056 4.72504806 0.54473048
v 0.86124181 4.76627063 0.56646812
v 0.79160559 4.71609211 0.49675422
v 0.93613833 4.76060152 0.4370743
v 0.91424477 4.81431818 0.44522067
v 0.86246895 4.97214269 0.42495316
v 0.77813053 4.99183893 0.56973648
v 0.68026822 4.9972682 0.67101413
v 0.70084828 4.82324409 0.7022041
v 0.70984649 4.76829385 0.7264257
v 1.01741623 4.76977682 -0.10439766
v 0.91209512 4.72945308 -0.08624277
v 0.91492945 4.72515535 -0.15471671
v 1.00846338 4.76572799 -0.24164637
v 0.90730816 4.71293783 -0.24172429
v 0.98843646 4.8324027 -0.00501596
v 1.01890814 4.76872921 0.01209729
v 0.9449417 4.99340391 -0.1891423
v 0.95625507 5.00971794 -0.02715337
v 0.64838177 4.77080106 -0.79932934
v 0.58757084 4.73038673 -0.71434515
v 0.54324489 4.72712278 -0.75782597
v 0.55971056 4.76783514 -0.86638861
v 0.49203535 4.71880817 -0.79839658
v 0.42026522 4.76476097 -0.94290757
v 0.41927158 4.81901073 -0.9181621
v 0.40510287 5.00245189 -0.865157
v 0.55871629 4.99688386 -0.78066498
v 0.65502387 5.00192546 -0.69903749
v 0.68902641 4.83977317 -0.70256328
v 0.72070539 4.77243471 -0.720124
v -0.03502322 4.99396228 -0.38355732
v -0.12061665 4.99338007 -0.36220499
v -0.06918299 4.99272108 -0.25823214
v -0.01495762 4.99254322 -0.20985822
v 0.02536578 4.99271535 -0.26751697
v 0.05393932 4.99307823 -0.37848588
v -0.2656846 4.99272728 -0.01628038
v -0.38024985 4.99330329 -0.0345421
v -0.38059204 4.99395132 0.05254533
v -0.35734811 4.99314308 0.13652668
v -0.25732609 4.99270963 0.075157
v -0.20818905 4.99253463 0.02230262
v 0.05097038 4.99405765 0.38880592
v 0.13370822 4.99329853 0.36689785
v 0.07387661 4.99272298 0.26075929
v 0.02139986 4.99255371 0.21266716
v -0.01536286 4.99274492 0.26914438
v -0.03165962 4.99339199 0.38765385
v 0.26993909 4.99273586 0.02141451
v 0.38616398 4.99323415 0.04507957
v 0.38975495 4.99402666 -0.03422239
v 0.37014117 4.99358129 -0.11165501
v 0.26158917 4.99274015 -0.06484269
v 0.21443478 4.99256324 -0.01647453
v 0.76415246 5.00557327 0.22309628
v 0.71772843 5.01345157 0.37565705
v 0.827075 5.02835464 0.41072827
v 0.71089994 5.00206947 0.07179404
v 0.68128943 4.99905443 0.20382893
v 0.63580179 5.0078926 0.34118726
v 0.55654454 5.00830268 0.46461263
v 0.63740694 5.01633882 0.50829577
v 0.58473199 4.99442529 0.18033875
v 0.54302835 4.99947834 0.29943192
v 0.47374737 5.00075292 0.4058898
v 0.36333087 4.99383306 0.49750849
v 0.43484321 4.99806881 0.56864577
v 0.43815118 4.99570322 0.25156939
v 0.37975522 4.99613046 0.34065616
v 0.29008364 4.99321889 0.41707676
v 0.18155391 4.99371242 0.47207993
v 0.2287275 4.99341535 0.57160866
v 0.28502512 4.99384212 0.27260369
v 0.2127621 4.99291992 0.32817643
v 0.18806466 4.99276399 0.19507879
v 0.13112717 4.99259662 0.23450374
v 0.11458843 4.99237489 0.13199222
v 0.06726241 4.99239254 0.17216223
v 0.05920663 4.99216079 0.08579341
v 0.01651226 4.99223804 0.13221748
v -0.02854713 4.99244308 0.18446077
v -0.07199589 4.99267005 0.25721117
v -0.03208135 4.99217557 0.09702611
v -0.07908624 4.99240255 0.15418791
v -0.13344237 4.99276542 0.23263834
v -0.18819569 4.99276781 0.19110466
v -0.25997793 4.99383544 0.28673929
v -0.18664068 4.99369812 0.33593145
v -0.10739968 4.99297618 0.36738827
v -0.12651781 4.99236965 0.11619668
v -0.07855813 4.99214792 0.05881304
v -0.12375907 4.99221611 0.01683636
v -0.16693639 4.99238109 0.06885672
v -0.22912025 4.99259853 0.13353055
v -0.31801676 4.99297237 0.21617193
v -0.45528331 4.99326467 0.18807786
v -0.39878761 4.99353027 0.29527267
v -0.32238122 4.99602079 0.38222003
v -0.47222203 4.99405193 0.36794266
v -0.37943235 5.000391 0.47545385
v -0.2718878 4.99656438 0.54480904
v -0.23219414 4.99479913 0.44259202
v -0.15166425 4.99426841 0.58912718
v -0.13296367 4.99287557 0.48294821
v -0.03406538 4.99720621 0.61703318
v -0.03136181 4.99443197 0.50367826
v 0.09281266 5.00164938 0.61468112
v 0.07375191 4.99682378 0.50419956
v -0.0379581 5.00610542 0.71582502
v 0.10806233 5.0114727 0.71447467
v 0.2735216 4.9976263 0.66204536
v 0.32080036 5.00106716 0.7299509
v 0.51034718 5.00791597 0.62289458
v -0.16881972 5.00130224 0.68707013
v -0.30661088 5.00309085 0.64000016
v -0.33740818 5.00865125 0.72076714
v -0.47590506 5.01667118 0.63469386
v -0.52597647 5.03011512 0.74119556
v -0.37013295 5.02758598 0.83832979
v -0.43303242 5.00799274 0.56008791
v -0.54033106 4.99941968 0.43921744
v -0.58898502 5.00974512 0.50046467
v -0.69987642 5.00391387 0.33094182
v -0.79002898 5.0203309 0.4037159
v -0.65198952 5.02417707 0.59810882
v -0.62994569 4.99261236 0.2877407
v -0.68889755 5.00714826 0.1306934
v -0.76972973 5.01837396 0.15393434
v -0.54588156 4.99249887 0.23925699
v -0.59421664 5.00089502 0.10722998
v -0.60264092 4.99668312 -0.03286178
v -0.69593924 5.00227975 -0.03164063
v -0.4909152 4.99648523 0.0795347
v -0.49647268 4.99425888 -0.03382569
v -0.4713087 4.99282455 -0.14532412
v -0.57246089 4.99453544 -0.17068919
v -0.35845068 4.99296045 -0.11477243
v -0.32491582 4.99382495 -0.19617611
v -0.42621457 4.99555778 -0.24955588
v -0.25067535 4.99265432 -0.07374649
v -0.22242285 4.99274158 -0.13527901
v -0.17996597 4.99269962 -0.18944506
v -0.27466192 4.99372148 -0.26821249
v -0.17711128 4.99241733 -0.0279694
v -0.14438517 4.99237155 -0.07918324
v -0.1061643 4.99234771 -0.12753245
v -0.08596707 4.99214696 -0.03246843
v -0.0475286 4.99212646 -0.08049599
v -0.00643953 4.9922328 -0.12752904
v -0.0604721 4.99238061 -0.16927543
v -0.1244 4.99258709 -0.23135721
v -0.20009522 4.99292659 -0.32325857
v -0.16056054 4.99435901 -0.46840781
v -0.27134105 4.99308395 -0.41538125
v -0.36308634 4.99566745 -0.34029999
v -0.33763355 4.99354028 -0.49910759
v -0.45058676 4.99968195 -0.41186779
v -0.52861201 4.99942684 -0.30252268
v -0.5309835 5.0058074 -0.4785383
v -0.61831796 5.00627946 -0.34750485
v -0.66737729 4.99751949 -0.19397413
v -0.69861179 5.01013326 -0.38982608
v -0.7479909 5.00132322 -0.21418055
v -0.77564322 5.01480388 -0.02338172
v -0.86353224 5.02017164 -0.23611433
v -0.88391041 5.02290153 -0.01011016
v -0.87545228 5.02691793 0.18680469
v -0.94054073 5.02183675 0.05152097
v -0.92157781 5.02263975 0.19350099
v -0.85656213 5.02170801 0.38490003
v -0.8729406 4.99672317 0.38494578
v -0.91701638 4.82019281 0.41486761
v -0.82766813 4.82596492 0.55986619
v -0.79117184 5.00885582 0.53354257
v -0.77140766 5.02645206 0.52922099
v -0.74967974 4.83463096 0.63676399
v -0.71690446 5.00527524 0.63348579
v -0.69784927 5.02510976 0.62784892
v -0.6522901 5.02664756 0.67575615
v -0.84321928 4.76694726 0.57863396
v -0.77793043 4.77039337 0.65912187
v -0.75562506 4.7178359 0.51989865
v -0.69770717 4.72335958 0.58067703
v -0.7482931 4.65038347 0.52462506
v -0.69639957 4.65108633 0.57364946
v -0.60842949 4.66377162 0.65447986
v -0.6882534 4.55687809 0.56557411
v -0.59550291 4.5649333 0.65374028
v -0.52442294 4.57026004 0.72579634
v -0.53842991 4.67250919 0.72252762
v -0.4898799 4.56735134 0.77800166
v -0.49940916 4.66971826 0.76984417
v -0.40035608 4.56220483 0.80601519
v -0.42717251 4.6606307 0.80967479
v -0.45451507 4.71440458 0.81436425
v -0.28857067 4.64999723 0.86318153
v -0.31691688 4.71287727 0.86662268
v -0.36584678 4.76075935 0.96273899
v -0.17494405 4.714262 0.89710289
v -0.20041026 4.76179647 0.9944424
v -0.21039362 4.80757474 0.99144458
v -0.38720727 4.81505584 0.93688523
v -0.20030932 4.97976446 0.93719416
v -0.37008285 4.98192644 0.88389551
v -0.36788466 5.01865673 0.87411105
v -0.53271514 5.0227952 0.78322005
v -0.06629945 4.76838207 1.01221108
v -0.06985139 4.7204976 0.90073245
v -0.16546632 4.64362192 0.89903783
v -0.07449285 4.64682579 0.89747142
v 0.05547542 4.65996122 0.89392846
v -0.07719901 4.55333566 0.8867138
v 0.05994748 4.5611763 0.88292962
v 0.1613364 4.56312179 0.88394182
v 0.15202519 4.66629505 0.8871541
v 0.23857997 4.55862903 0.87323284
v 0.23720715 4.64954662 0.89708912
v 0.36195179 4.55222272 0.81956499
v 0.35492879 4.64160633 0.84529185
v 0.34321796 4.70983791 0.85377275
v 0.48395869 4.64104604 0.76907008
v 0.47489711 4.71229648 0.77463042
v 0.5288313 4.76094913 0.86065721
v 0.55200302 4.71458292 0.71958208
v 0.62410301 4.76176357 0.79433387
v 0.62696665 4.80738639 0.78890579
v 0.52863395 4.80049181 0.86717373
v 0.61202597 4.99453973 0.73643362
v 0.49719718 4.98444891 0.81832385
v 0.61755377 5.02015543 0.72155749
v 0.49579626 5.01910591 0.80545944
v 0.32769382 5.01842784 0.88601213
v 0.50496476 5.0286684 0.77140337
v 0.33185324 5.02796697 0.85671764
v 0.61375469 5.03041553 0.6989091
v 0.67078697 5.01895237 0.66639483
v 0.64261263 5.03005456 0.6656593
v 0.76649129 5.02063226 0.56354671
v 0.74216926 5.03181695 0.55273568
v 0.85400754 5.01746177 0.41697558
v 0.92393392 4.96222734 0.25991615
v 0.97917103 4.80256938 0.27379599
v 0.99184048 4.81525468 0.12782388
v 0.9483509 4.9972229 0.11351373
v 0.97638875 4.7608056 0.26319491
v 1.00416207 4.76388216 0.13303725
v 0.88113611 4.7137227 0.23429484
v 0.89876401 4.71546983 0.12612979
v 0.90709161 4.7211833 0.02348629
v 0.90224134 4.64078998 0.13033738
v 0.89946496 4.64637756 0.02863993
v 0.89148747 4.66397237 -0.09038505
v 0.88786137 4.55187749 0.03188069
v 0.88342928 4.56531429 -0.09713096
v 0.88692438 4.56635332 -0.17348331
v 0.88993763 4.66288948 -0.1696743
v 0.86445319 4.56188106 -0.25471767
v 0.88458311 4.65477609 -0.25428128
v 0.80810809 4.55602741 -0.38728252
v 0.8297792 4.64659023 -0.3840129
v 0.84379798 4.71225214 -0.38127684
v 0.7598465 4.64774227 -0.50141185
v 0.76282632 4.71737718 -0.49592649
v 0.85065585 4.76496315 -0.55763286
v 0.94141787 4.76213359 -0.42218059
v 0.84024846 4.8186922 -0.5507515
v 0.92928129 4.8141222 -0.39884972
v 0.79040652 4.99553299 -0.5405035
v 0.87392616 4.99584484 -0.3886505
v 0.7627207 5.02397012 -0.54935556
v 0.85464721 5.02337265 -0.39975953
v 0.92376261 5.02338028 -0.20727177
v 0.78892999 5.01723575 -0.41798684
v 0.88600015 5.02902412 -0.21835793
v 0.68529665 5.00052499 -0.36123579
v 0.76932835 5.01167678 -0.20033818
v 0.61087966 4.99704217 -0.32859244
v 0.68197059 5.00665855 -0.18740157
v 0.71460551 5.00770092 -0.05348951
v 0.58545863 4.99886417 -0.16696633
v 0.61449343 5.00036239 -0.04986922
v 0.61123675 4.99494218 0.06455473
v 0.5061078 4.99624919 -0.04318065
v 0.50368714 4.99394178 0.05482105
v 0.47868514 4.99290227 0.15382322
v 0.36575907 4.99299573 0.12157618
v 0.33408713 4.99392271 0.20048788
v 0.25720214 4.99267673 0.07942111
v 0.23074187 4.99281263 0.14169962
v 0.18518817 4.99244785 0.03375321
v 0.15371885 4.99240922 0.08479365
v 0.13559819 4.99225282 -0.01010603
v 0.09876044 4.99218702 0.03874125
v 0.09068947 4.99215459 -0.05207272
v 0.05067253 4.99209022 -0.00201629
v 0.01096513 4.99207973 0.04659947
v 0.00289973 4.99208974 -0.04088886
v -0.03648237 4.99207496 0.00790808
v 0.04369346 4.99217128 -0.09120012
v 0.13796448 4.9923706 -0.10734364
v 0.09118606 4.99239969 -0.1472944
v 0.03844373 4.99243211 -0.18006952
v 0.15308295 4.99285173 -0.22233623
v 0.08718069 4.99267196 -0.25236168
v 0.21962842 4.99398088 -0.31429305
v 0.13800811 4.99299335 -0.3534629
v 0.28540065 4.99654531 -0.40717986
v 0.1839133 4.99314785 -0.45526993
v 0.0712098 4.9934926 -0.48842212
v 0.22785027 4.99314212 -0.54962903
v 0.0909777 4.9937005 -0.58932608
v -0.05343294 4.99986219 -0.60228204
v -0.04440179 4.99598312 -0.49524205
v -0.20146058 4.99479532 -0.56841838
v -0.06181465 5.00655508 -0.69713097
v -0.23835292 4.99946546 -0.65828955
v -0.40238443 4.99473333 -0.575468
v -0.2699742 5.00394773 -0.73751795
v -0.06858175 5.0175867 -0.78012871
v -0.07483379 5.02625322 -0.8810814
v -0.31838586 5.02362108 -0.83669191
v -0.13329048 5.02293491 -0.93561291
v -0.33585816 5.02152204 -0.88303214
v -0.51369231 5.00248718 -0.80690163
v -0.52181464 4.83448362 -0.84586101
v -0.62855505 4.92565774 -0.72989827
v -0.63455277 5.0086112 -0.71110189
v -0.73101395 5.01912641 -0.6041271
v -0.82640385 5.02274131 -0.46082484
v -0.80568802 5.02943134 -0.44276824
v -0.89911651 5.02450275 -0.28371599
v -0.9111073 5.00418329 -0.2900404
v -0.96307206 4.81800794 -0.30341562
v -0.98021322 4.83126258 -0.16407392
v -0.94652646 5.00072479 -0.14311985
v -0.93092 5.02432823 -0.12558305
v -0.97788453 4.84386539 -0.06615293
v -0.95127862 5.01332712 -0.06512232
v -0.93422776 5.02799415 -0.06332995
v -1.00948882 4.76988172 -0.1656018
v -1.02128768 4.77262544 -0.06886738
v -0.90441602 4.72264862 -0.15294314
v -0.91310644 4.7256937 -0.06753377
v -0.90121609 4.66007137 -0.15026211
v -0.89888048 4.65804481 -0.07158021
v -0.89298635 4.66895246 0.04535454
v -0.88856518 4.56429767 -0.07255198
v -0.88380521 4.57002449 0.0540676
v -0.88329249 4.57159233 0.14875988
v -0.89056664 4.67397975 0.13634689
v -0.89106726 4.56681776 0.21248333
v -0.89793688 4.66904783 0.19827312
v -0.84851133 4.56264925 0.29996693
v -0.87237215 4.65732336 0.28742665
v -0.89509934 4.71515178 0.2721554
v -0.80539226 4.65309381 0.42234405
v -0.82180172 4.71756267 0.40255388
v -0.92133212 4.76336717 0.44065663
v -0.7840268 4.55880212 0.43366774
v -0.74516141 4.55474615 0.52678155
v -0.76537412 4.45859336 0.44271841
v -0.73829478 4.45511293 0.52125448
v -0.6785314 4.45433282 0.56183886
v -0.72749006 4.34500885 0.51482343
v -0.66534024 4.34506368 0.5588805
v -0.56444245 4.35152387 0.65682667
v -0.58305496 4.46218395 0.65346312
v -0.49295678 4.35448312 0.7322455
v -0.50922364 4.46714639 0.72586977
v -0.45845836 4.35213327 0.76209968
v -0.46996039 4.46605014 0.7668755
v -0.35456889 4.34767389 0.80207872
v -0.37570729 4.46048355 0.80234903
v -0.21954633 4.34410285 0.84879982
v -0.23694473 4.45545148 0.851534
v -0.26046961 4.55617809 0.8569464
v -0.15397195 4.45158386 0.89080536
v -0.16302897 4.55276632 0.8938837
v -0.07277469 4.45111131 0.87697309
v -0.14950655 4.34140396 0.87715709
v -0.06492304 4.34138441 0.86511194
v 0.07980702 4.34730768 0.86364895
v 0.07017477 4.45798015 0.8731721
v 0.17512343 4.34842586 0.874224
v 0.16922694 4.46076154 0.87505811
v 0.24086017 4.34530353 0.84811264
v 0.23916484 4.45803451 0.85746461
v 0.36800774 4.34139394 0.79403173
v 0.36625057 4.4521265 0.80356383
v 0.47767254 4.33944368 0.74265325
v 0.48155984 4.44943237 0.74708116
v 0.48420742 4.54972219 0.75514996
v 0.52242577 4.44723987 0.71904897
v 0.53352457 4.54836416 0.72186088
v 0.55016887 4.63850784 0.72471439
v 0.60637712 4.55092144 0.6488713
v 0.6169489 4.64584446 0.65427136
v 0.62482446 4.72004222 0.65517479
v 0.69448375 4.65902996 0.56870037
v 0.69113147 4.5626645 0.55774337
v 0.74474412 4.5620408 0.50668191
v 0.74348485 4.66206693 0.51505762
v 0.78532874 4.55771875 0.45371785
v 0.79570269 4.65289783 0.47432029
v 0.82990419 4.55222415 0.33856424
v 0.84361738 4.64354991 0.36483377
v 0.84566551 4.70954513 0.3863289
v 0.88299626 4.64094018 0.21719472
v 0.87263357 4.55016088 0.20249404
v 0.88916575 4.54859876 0.1352498
v 0.86569583 4.44926071 0.19352144
v 0.87877565 4.44703722 0.13989505
v 0.87630313 4.44932985 0.03521371
v 0.86852151 4.337821 0.1424307
v 0.86289453 4.33946991 0.03359517
v 0.86409205 4.34715843 -0.10799326
v 0.87250357 4.46096134 -0.10089056
v 0.88353747 4.34713268 -0.18295046
v 0.88730531 4.46279239 -0.17549227
v 0.84172791 4.34729385 -0.25743833
v 0.85024988 4.46013975 -0.25589934
v 0.78454035 4.34509658 -0.38839283
v 0.79287409 4.45604372 -0.38924565
v 0.74113059 4.34396982 -0.48790741
v 0.74534851 4.45396041 -0.49301809
v 0.7512356 4.55417108 -0.4986253
v 0.71411109 4.45301151 -0.52280414
v 0.71516817 4.55423116 -0.53839856
v 0.71734982 4.64598798 -0.55623358
v 0.63918507 4.55774498 -0.61532414
v 0.64381426 4.65446996 -0.62460255
v 0.64670509 4.72597551 -0.63452953
v 0.71710717 4.71854066 -0.56759399
v 0.79232013 4.76837015 -0.64627176
v 0.76125776 4.83111 -0.62903356
v 0.73013341 5.01173734 -0.61314129
v 0.64590281 5.02211284 -0.68467837
v 0.70908427 5.02709722 -0.60947412
v 0.5639041 4.66599559 -0.70011019
v 0.55197775 4.56904792 -0.69805944
v 0.50447988 4.5691967 -0.74976283
v 0.51067012 4.66831493 -0.7439537
v 0.44729977 4.56502962 -0.78799951
v 0.46405339 4.65609836 -0.80258476
v 0.32958868 4.55955028 -0.83441084
v 0.35338148 4.64978838 -0.84764748
v 0.37465122 4.71261072 -0.85386627
v 0.21200253 4.65042352 -0.88401174
v 0.22520518 4.71750927 -0.89190477
v 0.25347742 4.76598882 -0.99256008
v 0.1286928 4.72027254 -0.90120881
v 0.13789291 4.76822376 -1.00959324
v 0.13474495 4.82873868 -0.98219335
v 0.25714659 4.81343889 -0.97706121
v 0.11645058 4.99850654 -0.95019525
v 0.24039584 5.007236 -0.92541414
v 0.10066784 5.02348136 -0.93237072
v 0.22975139 5.02630567 -0.91185176
v 0.40056774 5.02443313 -0.85108792
v 0.5437119 5.02341556 -0.76812779
v 0.16164481 5.01372242 -0.85911107
v 0.36588111 5.02154398 -0.82141482
v 0.51824444 5.02721118 -0.73230302
v 0.64457833 5.02163887 -0.60080063
v 0.3073683 5.00480651 -0.713328
v 0.45625031 5.01971387 -0.63943976
v 0.57301062 5.01533603 -0.51963448
v 0.40763437 5.00797033 -0.57138675
v 0.51942831 5.0022645 -0.4647085
v 0.34810179 5.00085973 -0.49322301
v 0.44839677 4.99679803 -0.40438446
v 0.52433586 4.99461937 -0.28685489
v 0.36968344 4.9945569 -0.33492538
v 0.4344353 4.99287414 -0.2406037
v 0.47982445 4.99502039 -0.1418543
v 0.33612924 4.99298477 -0.18299582
v 0.28635197 4.99353885 -0.25712204
v 0.2033952 4.992702 -0.17551933
v 0.23874537 4.99260568 -0.11842139
v 0.17645563 4.99239969 -0.06056179
v 0.26854816 4.99465894 -0.63840454
v 0.13462469 5.0081253 -0.75808757
v 0.11176985 4.99550724 -0.67912918
v 0.02816797 5.02791595 -0.93818604
v 0.03638606 4.72640132 -0.91466999
v 0.1324402 4.65115165 -0.90086537
v 0.03799724 4.65557098 -0.90024411
v -0.07968334 4.67243003 -0.89158648
v 0.03954959 4.56022262 -0.88944065
v -0.08786714 4.57276153 -0.88443082
v -0.16868607 4.57466268 -0.88541841
v -0.16158142 4.67302703 -0.88959628
v -0.24364709 4.57157993 -0.87384849
v -0.23752813 4.66515255 -0.89202427
v -0.36519345 4.5691123 -0.82101607
v -0.35886728 4.65850353 -0.84792166
v -0.3543654 4.7150135 -0.87485164
v -0.4883157 4.66817283 -0.76744991
v -0.4896011 4.72706937 -0.79063648
v -0.5445491 4.77176666 -0.87349242
v -0.59208989 4.73717498 -0.73536986
v -0.66111165 4.78672409 -0.77336186
v -0.55477702 4.67550993 -0.71454566
v -0.63020259 4.68812465 -0.64032721
v -0.54136353 4.57315731 -0.7180593
v -0.61793053 4.58131265 -0.64127349
v -0.69739884 4.59613323 -0.55783754
v -0.60342454 4.47460365 -0.6381818
v -0.6914798 4.48807144 -0.54601579
v -0.74713486 4.48759555 -0.50345534
v -0.74469977 4.59642887 -0.50901329
v -0.77384674 4.48356294 -0.45180752
v -0.79014641 4.58849954 -0.46678111
v -0.81744504 4.47504758 -0.34203979
v -0.82547277 4.57836866 -0.3661316
v -0.82666599 4.67894411 -0.39147171
v -0.86813545 4.57040929 -0.23014371
v -0.87426745 4.66597604 -0.24846051
v -0.89460116 4.72427845 -0.26917243
v -0.87050145 4.73058271 -0.42667138
v -0.98721408 4.7688322 -0.30080378
v -0.89889061 4.56422948 -0.14860695
v -0.86019045 4.46913147 -0.21181917
v -0.88741779 4.46408081 -0.14837589
v -0.87795645 4.46231985 -0.07156469
v -0.87718772 4.35312938 -0.14914701
v -0.8663699 4.35209989 -0.06458556
v -0.86408585 4.35708332 0.07674056
v -0.87435758 4.4678421 0.06316607
v -0.86926877 4.35817003 0.17090021
v -0.87373125 4.46986293 0.15978601
v -0.8610264 4.35530185 0.21943387
v -0.87091851 4.4673891 0.21559046
v -0.81424319 4.35066318 0.32452985
v -0.82791596 4.46212339 0.31414404
v -0.75346446 4.34764671 0.44959387
v -0.80703473 4.23603916 0.33031934
v -0.74569976 4.23319006 0.45091223
v -0.71667856 4.2316699 0.51208198
v -0.74699664 4.11910152 0.44905442
v -0.71321266 4.11890649 0.51393514
v -0.63905942 4.11694383 0.57848322
v -0.64972144 4.23175478 0.56286144
v -0.53973597 4.12287616 0.67878645
v -0.55045533 4.23640632 0.66476714
v -0.48774883 4.12446689 0.74897503
v -0.49017924 4.23718786 0.73706722
v -0.43566259 4.1225996 0.77224892
v -0.44612103 4.23597478 0.76347637
v -0.33358758 4.11828756 0.8039928
v -0.34251943 4.23263692 0.80200904
v -0.2128002 4.11631059 0.84636277
v -0.21132673 4.2296338 0.84501081
v -0.14005997 4.11487054 0.86656856
v -0.14396785 4.22811174 0.867913
v -0.03408717 4.11494779 0.8617565
v -0.05040998 4.22807359 0.85692435
v 0.10830448 4.11888408 0.86203032
v 0.09608636 4.23213625 0.85937368
v 0.1919099 4.12110471 0.87763792
v 0.18165889 4.23197078 0.87161517
v 0.25028449 4.11795806 0.84478312
v 0.24524642 4.23064374 0.84391164
v 0.35938334 4.11424446 0.79348409
v 0.36477705 4.22764062 0.79045885
v 0.46870276 4.11171436 0.73871141
v 0.47341221 4.22589111 0.73829269
v 0.51445347 4.11044931 0.70440185
v 0.51069176 4.22517633 0.7065888
v 0.51344341 4.33792734 0.71516948
v 0.58810329 4.22543478 0.62317138
v 0.58735013 4.33908844 0.63280177
v 0.59572464 4.44871377 0.64334148
v 0.68671584 4.34551 0.53518015
v 0.68751859 4.45805072 0.54603737
v 0.74893462 4.34476709 0.49462136
v 0.74486559 4.45864009 0.50099211
v 0.7689383 4.34306097 0.43287432
v 0.77391809 4.4565339 0.44157573
v 0.81865501 4.34047555 0.30964654
v 0.82343226 4.4513669 0.31916388
v 0.86113047 4.33896541 0.1899992
v 0.81527566 4.22693586 0.30571737
v 0.85547298 4.22571754 0.18905256
v 0.86110681 4.22508716 0.13879388
v 0.85223388 4.1115365 0.1924608
v 0.86024779 4.11118555 0.13372108
v 0.86213773 4.11303281 0.01550538
v 0.85650628 4.22554731 0.02650311
v 0.86355966 4.11767482 -0.12876033
v 0.85967117 4.23099041 -0.11725789
v 0.87848264 4.1191535 -0.20976182
v 0.87913107 4.23104953 -0.19012083
v 0.83563005 4.11919117 -0.2652978
v 0.83724337 4.23225116 -0.25987368
v 0.78598231 4.11742734 -0.37434381
v 0.78124737 4.23134803 -0.3833884
v 0.73765385 4.11781454 -0.47692382
v 0.73695021 4.23040103 -0.4818761
v 0.69974535 4.11728286 -0.51410669
v 0.70399618 4.23013639 -0.51036763
v 0.71058052 4.34318351 -0.51362121
v 0.61624747 4.23147344 -0.59531766
v 0.62518495 4.34531784 -0.59513545
v 0.63516491 4.45589923 -0.60363352
v 0.53023141 4.35259056 -0.69226533
v 0.54124146 4.46519899 -0.69311904
v 0.49584308 4.35215091 -0.75365155
v 0.50373476 4.46691465 -0.7520135
v 0.42511513 4.35144138 -0.77196389
v 0.43450176 4.46449279 -0.77676898
v 0.30192363 4.34872055 -0.82181865
v 0.31171748 4.45948171 -0.82708716
v 0.18768659 4.34792709 -0.86318999
v 0.18991646 4.45823717 -0.86793005
v 0.19755277 4.5580635 -0.87539935
v 0.1403253 4.45622301 -0.88072854
v 0.13601273 4.55669832 -0.89128279
v 0.0425024 4.45834589 -0.87753599
v 0.14291921 4.34733343 -0.86988335
v 0.03751613 4.34973239 -0.86471265
v -0.10305531 4.35888767 -0.86464333
v -0.093894 4.4697833 -0.87348365
v -0.17913305 4.35999774 -0.88094389
v -0.17365495 4.47382116 -0.88516032
v -0.24632738 4.35897684 -0.84631276
v -0.24417683 4.4722743 -0.85675501
v -0.37437564 4.35738325 -0.79198229
v -0.37086844 4.46930122 -0.8032419
v -0.4818592 4.35735273 -0.74273634
v -0.48584917 4.46984052 -0.74728792
v -0.48895478 4.57152891 -0.75622695
v -0.52474182 4.46987915 -0.71641814
v -0.5145179 4.35713434 -0.71383661
v -0.59265339 4.36013698 -0.63083428
v -0.5108304 4.24166441 -0.70702076
v -0.5908389 4.24349546 -0.62149661
v -0.69059598 4.24907255 -0.52593201
v -0.68887227 4.3689661 -0.53477907
v -0.74990612 4.24889993 -0.48819139
v -0.74946838 4.36941671 -0.49724343
v -0.76704937 4.24773359 -0.43306055
v -0.76712596 4.36644697 -0.44251847
v -0.81069362 4.24403286 -0.32027056
v -0.81281209 4.36084413 -0.32756441
v -0.85075473 4.24078941 -0.1983608
v -0.85552442 4.35662555 -0.20258334
v -0.86743778 4.23882103 -0.14353938
v -0.84759777 4.12568044 -0.20215699
v -0.86548465 4.12501287 -0.13830165
v -0.86016285 4.12295675 -0.03243338
v -0.85745185 4.23785162 -0.05221705
v -0.86098521 4.1267023 0.10546135
v -0.85960239 4.24132919 0.09143517
v -0.87526708 4.12850189 0.18674413
v -0.86957317 4.24081039 0.17826056
v -0.85260623 4.12633323 0.23885405
v -0.85373956 4.23930645 0.22711335
v -0.80301123 4.12167453 0.33569455
v -0.82894682 4.00209331 0.25009715
v -0.79552102 4.00142717 0.33388331
v -0.74229967 3.99864149 0.4357281
v -0.87846368 3.91318559 0.38869848
v -0.81897187 3.91245794 0.49450227
v -0.7706964 3.91421389 0.57849919
v -0.70922225 4.00460529 0.51935124
v -0.69374567 3.9140594 0.66562849
v -0.63166725 4.00130748 0.59151226
v -0.58465677 3.91454625 0.75790864
v -0.53060859 4.00479984 0.68573409
v -0.48257157 3.91552782 0.8393681
v -0.46622985 4.0004096 0.7354362
v -0.43990016 3.91290998 0.85984647
v -0.41631951 4.00642013 0.77589899
v -0.3433586 3.91081881 0.89123278
v -0.32332521 3.99713611 0.79355126
v -0.23653899 3.9099946 0.93724793
v -0.2134045 4.00224304 0.8462519
v -0.12973861 3.91251635 0.94765108
v -0.13235464 3.99616766 0.85400545
v -0.01869111 3.91096735 0.96895092
v -0.01745006 4.00532341 0.8764317
v 0.13345448 3.91516971 0.94938558
v 0.10942744 4.00191736 0.86102396
v 0.25058296 3.91228389 0.93452036
v 0.19984042 4.0017023 0.85463744
v 0.30608725 3.91277432 0.90805238
v 0.25118234 3.99611616 0.82473427
v 0.39755886 3.90766286 0.87698119
v 0.35685768 3.99840188 0.78676384
v 0.50795406 3.91147422 0.81483495
v 0.45094215 3.9959073 0.73900473
v 0.58458799 3.90877223 0.76284855
v 0.52681088 3.99851679 0.6924411
v 0.68198597 3.91319894 0.6838473
v 0.60921055 4.00220012 0.62542867
v 0.60001087 4.11194658 0.61955761
v 0.68858438 3.99733877 0.51704961
v 0.69909036 4.11525392 0.52024537
v 0.68996751 4.22911644 0.52571278
v 0.7611112 4.117033 0.48346874
v 0.75122094 4.22806119 0.48754811
v 0.77510786 4.11625623 0.42032274
v 0.76931583 4.22847986 0.4253301
v 0.81402903 4.11349344 0.30881309
v 0.76923304 3.99863648 0.40241721
v 0.80316299 3.99586081 0.31107834
v 0.83944231 3.99571704 0.20049363
v 0.90056771 3.91101026 0.33302316
v 0.93381309 3.90943837 0.21959313
v 0.95393091 3.91256642 0.12239672
v 0.86339461 3.99825716 0.12366031
v 0.96269738 3.91227173 0.00141215
v 0.86623787 3.99984383 0.00946023
v 0.95093476 3.91279602 -0.13705714
v 0.85944795 4.00257015 -0.13127982
v 0.93311637 3.91434001 -0.25279724
v 0.85001206 3.99990105 -0.20867626
v 0.91488379 3.91245102 -0.30897548
v 0.83269 4.00308466 -0.26922226
v 0.86429852 3.91115307 -0.40792834
v 0.77797424 3.99654197 -0.35958993
v 0.81999981 3.91212129 -0.51113444
v 0.73634624 4.00335502 -0.47016781
v 0.75032532 3.9140284 -0.58716458
v 0.68664264 3.99774074 -0.52182269
v 0.68353545 3.91375803 -0.68663656
v 0.61139887 4.00649404 -0.6243447
v 0.61237186 4.11902284 -0.60843437
v 0.51744347 4.00333309 -0.69577699
v 0.51657861 4.12259721 -0.70386582
v 0.5212211 4.23640155 -0.69489407
v 0.48281478 4.12495994 -0.76121509
v 0.48724684 4.23617029 -0.75316107
v 0.41718024 4.12284278 -0.77460384
v 0.41948702 4.23599958 -0.77154171
v 0.30423909 4.12077045 -0.8157109
v 0.29951179 4.23457527 -0.81762129
v 0.19053095 4.12032508 -0.85342836
v 0.18732613 4.23425054 -0.8571031
v 0.13397261 4.12148618 -0.86115849
v 0.13924945 4.2342019 -0.86177706
v 0.01689813 4.12281274 -0.86077612
v 0.02914647 4.23594141 -0.85706609
v -0.12321545 4.12844944 -0.86137938
v -0.11305367 4.24255514 -0.85995185
v -0.19500254 4.12955236 -0.8781684
v -0.18699108 4.24311065 -0.8762145
v -0.2530066 4.12921762 -0.84212005
v -0.25008693 4.24310207 -0.84156948
v -0.36433854 4.12701988 -0.79038119
v -0.3718715 4.24201631 -0.78753483
v -0.47220116 4.12701845 -0.73751503
v -0.47822105 4.24166631 -0.73806309
v -0.51424044 4.12722206 -0.70204192
v -0.45720094 4.00440454 -0.7326852
v -0.51946985 4.00386905 -0.69075399
v -0.60994547 4.00765276 -0.61252909
v -0.60283356 4.12832403 -0.61468446
v -0.70461356 4.01385593 -0.51749199
v -0.69823545 4.13259887 -0.51933419
v -0.73971045 4.00715017 -0.4633941
v -0.75594496 4.13357543 -0.48499652
v -0.76061385 4.00516462 -0.41054704
v -0.77209788 4.13252162 -0.42614701
v -0.80052608 4.00509834 -0.31355539
v -0.80952799 4.12832927 -0.3194046
v -0.84272867 4.00570058 -0.21290497
v -0.89032232 3.91449976 -0.34085118
v -0.93262547 3.91665387 -0.22541134
v -0.94423735 3.91614103 -0.13068358
v -0.85768926 4.00361394 -0.12693063
v -0.96668291 3.91745591 -0.01270673
v -0.87660127 4.00978612 -0.02183452
v -0.93917566 3.9199717 0.13377313
v -0.85224837 4.00296974 0.1083467
v -0.93890059 3.91515016 0.24743455
v -0.86596405 4.01161241 0.20354306
v -0.90734231 3.91443181 0.29807907
v -0.93635654 3.83983564 0.24018742
v -0.91575098 3.83627772 0.3083547
v -0.87377089 3.8342731 0.39643415
v -0.89569842 3.69002533 0.30588465
v -0.86553287 3.6756258 0.41108858
v -0.80822175 3.68043255 0.49336472
v -0.82390141 3.83265662 0.4973663
v -0.76237946 3.68116235 0.57966429
v -0.76343101 3.83929443 0.57911372
v -0.69224065 3.67710518 0.64677518
v -0.69060623 3.83705949 0.65968495
v -0.60269558 3.67047333 0.7426607
v -0.59241449 3.83970284 0.75391221
v -0.49775046 3.68822908 0.80484366
v -0.49025711 3.83152246 0.82438892
v -0.42266854 3.6755042 0.8609398
v -0.42673069 3.83868932 0.86531424
v -0.31814429 3.68413615 0.89066255
v -0.34082233 3.82850241 0.90231359
v -0.2241518 3.67017483 0.93054777
v -0.22747659 3.83504509 0.93113702
v -0.13029895 3.68912458 0.93782371
v -0.13180819 3.83207726 0.95055258
v -0.0264957 3.66865301 0.95614606
v -0.01725145 3.8399074 0.95473957
v 0.10165833 3.67780399 0.93842458
v 0.11654239 3.83190345 0.94265747
v 0.21327908 3.67696332 0.9312554
v 0.23821775 3.83216428 0.93539059
v 0.31631663 3.68296742 0.89614719
v 0.31024718 3.82869553 0.90804851
v 0.40777161 3.67439842 0.86267346
v 0.40573248 3.83226466 0.87312012
v 0.50806921 3.67893195 0.80239671
v 0.50169175 3.82873034 0.81148153
v 0.5806868 3.67745733 0.75905305
v 0.5868321 3.83582925 0.75935846
v 0.65657305 3.67652773 0.67981034
v 0.66261696 3.8333311 0.67458373
v 0.73816728 3.67124962 0.59808021
v 0.75955987 3.83334684 0.58551371
v 0.7658748 3.91395568 0.56751346
v 0.82688069 3.8332808 0.48861172
v 0.84247851 3.91228389 0.49040854
v 0.76647603 4.00816535 0.46835151
v 0.85932797 3.90892171 0.43020409
v 0.86658412 3.83217167 0.42460423
v 0.89934033 3.82836842 0.32796838
v 0.85459351 3.67924499 0.41767266
v 0.90426343 3.67501854 0.31002903
v 0.92407542 3.67747116 0.21731843
v 0.93588471 3.83238744 0.22105386
v 0.94885289 3.68071007 0.11457905
v 0.94561106 3.83533191 0.11919947
v 0.94944489 3.67392253 0.02486558
v 0.95645606 3.83693885 0.00986703
v 0.94931078 3.67170834 -0.11242041
v 0.94902223 3.83899092 -0.12685774
v 0.92150676 3.68521452 -0.21969865
v 0.93276315 3.82931637 -0.23918558
v 0.90440833 3.67590737 -0.31982857
v 0.90907281 3.83687639 -0.31752821
v 0.8507837 3.68263983 -0.41404202
v 0.87295979 3.82934117 -0.41321715
v 0.80998313 3.67183804 -0.51169961
v 0.81228286 3.8368721 -0.50995189
v 0.74663949 3.688416 -0.5818547
v 0.75607562 3.83507776 -0.58962589
v 0.68486291 3.67165899 -0.66768395
v 0.67835229 3.84321475 -0.67483222
v 0.58535844 3.68368983 -0.73989993
v 0.57632809 3.83511543 -0.75816077
v 0.56301969 3.91717433 -0.77090036
v 0.4912078 3.83727073 -0.83295977
v 0.48594036 3.91386151 -0.83785855
v 0.4619624 4.00636673 -0.75219452
v 0.42319703 3.91487193 -0.85593497
v 0.40166229 3.99890518 -0.76235866
v 0.33826434 3.91208791 -0.90196341
v 0.3016504 4.00352859 -0.81300956
v 0.21464625 3.91492676 -0.93100971
v 0.20075349 3.99876618 -0.83746242
v 0.12815098 3.91406035 -0.95221388
v 0.11591889 4.0053997 -0.86637091
v -0.0009373 3.91800022 -0.96124231
v 0.01021061 4.00460386 -0.86485695
v -0.13884966 3.91954135 -0.93732935
v -0.1229017 4.00522136 -0.85253667
v -0.25005522 3.91897821 -0.93804055
v -0.19555398 4.0078597 -0.8575716
v -0.30035138 3.91607475 -0.90885096
v -0.26406133 4.00738143 -0.8291291
v -0.40116629 3.91792488 -0.86252921
v -0.35100752 4.00234317 -0.78179109
v -0.50369888 3.916435 -0.81081014
v -0.40713542 3.83807802 -0.87001264
v -0.50932681 3.84226226 -0.82132268
v -0.58631509 3.84356665 -0.75179231
v -0.58432835 3.91965317 -0.75076776
v -0.6742708 3.84645795 -0.68406128
v -0.67985755 3.91969275 -0.6770485
v -0.76535201 3.84664607 -0.5791682
v -0.76714044 3.92125606 -0.5697425
v -0.83277195 3.83845663 -0.49144864
v -0.83464211 3.92096042 -0.48120129
v -0.86280864 3.84243464 -0.42158025
v -0.85501319 3.91851162 -0.42794051
v -0.90783846 3.84081745 -0.34033158
v -0.8580476 3.69026422 -0.41264024
v -0.89126247 3.68787741 -0.32282373
v -0.92931389 3.6822822 -0.2144574
v -0.9301269 3.83936572 -0.22327415
v -0.94062095 3.69062256 -0.13073046
v -0.95640939 3.84325718 -0.13113954
v -0.95016408 3.68079114 -0.01925572
v -0.95191162 3.84479832 -0.01368277
v -0.94044858 3.6832242 0.0992084
v -0.94983589 3.83786916 0.1202751
v -0.93319559 3.6778562 0.22173592
v -0.90961074 3.65012359 0.10254009
v -0.90098512 3.64886999 0.20382985
v -0.86420291 3.64976406 0.30359831
v -0.82056856 3.61424946 0.17491567
v -0.77184236 3.62223386 0.26823896
v -0.72638052 3.62863659 0.3601931
v -0.83165133 3.65070414 0.40621233
v -0.67980361 3.62770986 0.42428174
v -0.77068615 3.64920067 0.48838272
v -0.63550466 3.63170266 0.46420019
v -0.73491925 3.64854812 0.54681098
v -0.55285024 3.63370418 0.51353561
v -0.66112864 3.64861273 0.62564033
v -0.49967742 3.62590265 0.61610198
v -0.58073872 3.64985561 0.71677529
v -0.453805 3.61174392 0.69937527
v -0.48496681 3.64747858 0.7731114
v -0.35667023 3.62057972 0.73629868
v -0.40558517 3.65029716 0.83330172
v -0.25322708 3.62755942 0.76014661
v -0.29070785 3.64905643 0.86357337
v -0.1823768 3.62583637 0.78261703
v -0.20743754 3.65010619 0.90041583
v -0.12059593 3.63099217 0.76949483
v -0.12597754 3.64852047 0.90203452
v -0.0265025 3.63188958 0.75502121
v -0.03012958 3.64791631 0.91537243
v 0.08323836 3.62445926 0.78074586
v 0.10105091 3.64801979 0.90367144
v 0.1721595 3.61019873 0.81544899
v 0.20261333 3.64867949 0.90047866
v 0.270383 3.61948728 0.76725137
v 0.30332115 3.64838075 0.86082619
v 0.35758972 3.6267836 0.71427279
v 0.41177284 3.65075421 0.8228172
v 0.42633944 3.62551164 0.67707306
v 0.48936626 3.64806437 0.77008283
v 0.4622581 3.63023638 0.63193595
v 0.55394309 3.64975428 0.73733454
v 0.51639676 3.63145637 0.54815048
v 0.62645596 3.64655876 0.65445482
v 0.61211627 3.62382435 0.49369478
v 0.718499 3.64996624 0.57001143
v 0.69922792 3.60994672 0.45325604
v 0.77494627 3.64694428 0.48795214
v 0.81718021 3.67735481 0.49912977
v 0.82899564 3.64993214 0.39552891
v 0.73070269 3.61909318 0.3523381
v 0.76363575 3.62655925 0.2520833
v 0.87274813 3.64991927 0.29225519
v 0.77806329 3.62592649 0.17790386
v 0.89352268 3.64947962 0.19502109
v 0.77105778 3.63159775 0.11714125
v 0.90352344 3.64792847 0.12532147
v 0.75612944 3.63303542 0.0220431
v 0.91338944 3.64911913 0.01926325
v 0.78894859 3.62568235 -0.08596365
v 0.91416418 3.64963579 -0.10184325
v 0.81461429 3.61095929 -0.17264011
v 0.89127719 3.64807725 -0.20717147
v 0.77167069 3.62085628 -0.27237215
v 0.87176829 3.64990997 -0.30739381
v 0.7134636 3.62790179 -0.36130479
v 0.81268739 3.64942646 -0.41291964
v 0.68307972 3.62667202 -0.43004962
v 0.77928 3.64985561 -0.49574342
v 0.63038939 3.6327362 -0.46215036
v 0.72577947 3.64950704 -0.55629009
v 0.55107104 3.63393354 -0.52197021
v 0.66174978 3.648072 -0.63267099
v 0.49474522 3.62701582 -0.61591976
v 0.56401246 3.64922595 -0.71583837
v 0.45645365 3.61300325 -0.70202845
v 0.49386802 3.64916515 -0.78368341
v 0.50480997 3.67634701 -0.81446868
v 0.39154121 3.64902329 -0.82450717
v 0.40977251 3.69068336 -0.85228252
v 0.42278456 3.83331108 -0.86509877
v 0.31993824 3.67457556 -0.90264809
v 0.32929697 3.83614492 -0.90596562
v 0.21057365 3.68566727 -0.92176646
v 0.21985709 3.83168315 -0.93242019
v 0.12352686 3.67936873 -0.9503141
v 0.12139629 3.84107637 -0.95395678
v 0.0194897 3.68220448 -0.94337558
v 0.00831017 3.83739018 -0.94913953
v -0.10061217 3.67314648 -0.94897294
v -0.12522205 3.84139704 -0.95399123
v -0.22477833 3.69152569 -0.92338407
v -0.24231228 3.83904838 -0.93106299
v -0.30886593 3.68508005 -0.90171724
v -0.31449997 3.84258627 -0.91674
v -0.41501191 3.69171977 -0.85175269
v -0.30642288 3.65096211 -0.87358582
v -0.40975144 3.65014123 -0.82006907
v -0.49589008 3.65098571 -0.77816796
v -0.50061637 3.68486905 -0.80801838
v -0.55330491 3.64898538 -0.72496449
v -0.58392179 3.69924426 -0.74431604
v -0.63522511 3.64990353 -0.66669184
v -0.65699291 3.67853999 -0.69008773
v -0.71644431 3.64984273 -0.5712887
v -0.74889951 3.68387889 -0.58648955
v -0.78155398 3.64974117 -0.48950621
v -0.80572485 3.69320607 -0.4969021
v -0.82768118 3.64989638 -0.4003261
v -0.7033137 3.61585068 -0.45801967
v -0.74391293 3.62385058 -0.35805842
v -0.76560992 3.63060426 -0.25655522
v -0.87027102 3.65088105 -0.29150944
v -0.79298919 3.62900996 -0.18173658
v -0.89665991 3.64990162 -0.20453476
v -0.78305691 3.63385057 -0.12404315
v -0.91285002 3.65056324 -0.13053783
v -0.75838989 3.6363852 -0.0255949
v -0.91011983 3.6474173 -0.02645506
v -0.78815436 3.62860035 0.08172123
v -0.72202611 3.54962372 -0.02691042
v -0.74288821 3.54166197 0.0762175
v -0.78626811 3.52340817 0.16505642
v -0.72241282 3.44549703 0.07479656
v -0.77691632 3.42573809 0.16188931
v -0.7106269 3.43646478 0.25377979
v -0.72816228 3.53393101 0.2579979
v -0.65767198 3.44447326 0.33114585
v -0.67510783 3.54137754 0.33861139
v -0.62343794 3.44551205 0.38735216
v -0.64087534 3.54107976 0.39725872
v -0.57488912 3.44888305 0.42359936
v -0.59353971 3.54463934 0.43568289
v -0.51291555 3.44981741 0.48077628
v -0.52927482 3.5467422 0.49075999
v -0.45759037 3.4431045 0.56347715
v -0.47082519 3.53867816 0.5788595
v -0.43485254 3.42373538 0.66375166
v -0.43914449 3.52133393 0.67245239
v -0.32256823 3.43468093 0.68176776
v -0.33149474 3.53191399 0.69701808
v -0.23043887 3.44281148 0.69900316
v -0.23741568 3.53951239 0.71643906
v -0.16654184 3.44391918 0.7145487
v -0.17155961 3.53935217 0.73378551
v -0.10660897 3.4472928 0.70568758
v -0.11111532 3.54303503 0.72724753
v -0.02221984 3.44815158 0.70252668
v -0.02654469 3.54502534 0.7210294
v 0.07520631 3.44143557 0.72182369
v 0.07692533 3.53688526 0.74196881
v 0.16182924 3.42216682 0.7767598
v 0.16490683 3.51964426 0.78581643
v 0.25434315 3.43326115 0.70968461
v 0.25910648 3.53059911 0.72645533
v 0.33193987 3.4417057 0.65654093
v 0.33986714 3.53855967 0.6732822
v 0.38837367 3.44285464 0.622231
v 0.39864945 3.53855347 0.63922619
v 0.42403289 3.44650912 0.57337576
v 0.43627387 3.54249191 0.59140479
v 0.48223748 3.44743442 0.51170337
v 0.49287921 3.54430985 0.52730888
v 0.56428366 3.44095492 0.45682123
v 0.58009862 3.53639173 0.46949774
v 0.66367107 3.42191624 0.43481642
v 0.67222887 3.51937151 0.43903261
v 0.68130338 3.43271017 0.32376384
v 0.69668841 3.53037858 0.33136048
v 0.69884371 3.441226 0.22983621
v 0.71667796 3.53917098 0.23572219
v 0.71495163 3.44295311 0.16278933
v 0.7342816 3.53895616 0.16873511
v 0.70470988 3.44720959 0.10275279
v 0.72644031 3.54347896 0.10822276
v 0.70404964 3.44872665 0.01753643
v 0.7222203 3.5459249 0.02236838
v 0.72276973 3.44241738 -0.07754639
v 0.74282425 3.53848862 -0.0789012
v 0.77683019 3.42374539 -0.16185571
v 0.78599166 3.52110099 -0.16496545
v 0.70949548 3.43520283 -0.25505754
v 0.72627723 3.53248119 -0.26009631
v 0.65651041 3.44360399 -0.33257433
v 0.67321139 3.54029178 -0.34092885
v 0.62232673 3.44510078 -0.38885551
v 0.63923668 3.54067778 -0.39959058
v 0.5733087 3.44892621 -0.42447289
v 0.59122502 3.5450747 -0.43699732
v 0.51180648 3.45014953 -0.4829292
v 0.52726471 3.54724097 -0.49422246
v 0.45721662 3.44381523 -0.56454306
v 0.47004446 3.53977394 -0.58062732
v 0.43486911 3.4247303 -0.663791
v 0.43919935 3.52228164 -0.67256164
v 0.32182568 3.43608665 -0.68208408
v 0.33051654 3.53348898 -0.69754654
v 0.3520354 3.62189602 -0.73614841
v 0.23596066 3.54131579 -0.71717083
v 0.2549529 3.62843847 -0.76514911
v 0.29488655 3.65109515 -0.87738186
v 0.1777085 3.6279149 -0.78347498
v 0.19569389 3.64861202 -0.88981479
v 0.12018821 3.63242721 -0.78080004
v 0.12876109 3.64982962 -0.91439819
v 0.02239196 3.6346004 -0.75565028
v 0.01791066 3.647722 -0.90742421
v -0.08495146 3.62704682 -0.79115521
v -0.1016779 3.65089488 -0.9192124
v -0.17529769 3.61436343 -0.81910729
v -0.20506835 3.64781713 -0.89114737
v -0.27055105 3.62315559 -0.77470904
v -0.16505803 3.52345061 -0.78627425
v -0.25965502 3.534976 -0.72726428
v -0.34084266 3.54355669 -0.67413693
v -0.36732044 3.63013148 -0.72569793
v -0.39982131 3.54388833 -0.64006346
v -0.43050581 3.62966871 -0.68699163
v -0.43713292 3.54815459 -0.59240084
v -0.4674474 3.63561582 -0.63572692
v -0.49408128 3.55053472 -0.5282371
v -0.52354419 3.63689184 -0.55549973
v -0.58101385 3.54292964 -0.47069385
v -0.62482273 3.62938904 -0.50100874
v -0.67288082 3.52510738 -0.43936049
v -0.56462019 3.44642567 -0.45764163
v -0.66389221 3.42710065 -0.43491491
v -0.68216043 3.43807888 -0.3230459
v -0.69777178 3.53585338 -0.33233267
v -0.6995387 3.44637703 -0.23073579
v -0.71741169 3.54362273 -0.23772455
v -0.7150647 3.44751524 -0.16700205
v -0.73484766 3.54355382 -0.17161582
v -0.7063921 3.45129466 -0.10679499
v -0.72831517 3.54724097 -0.11148336
v -0.70303994 3.45227336 -0.02273486
v -0.69018757 3.34020948 -0.09964273
v -0.68885004 3.34082841 -0.01688419
v -0.70829606 3.33382701 0.07527542
v -0.68175989 3.22094059 -0.00965573
v -0.70294261 3.21608448 0.07960258
v -0.77742773 3.20781707 0.16120474
v -0.7744416 3.32026433 0.16075
v -0.69818151 3.21140146 0.24615435
v -0.70086705 3.3279736 0.24995884
v -0.63860994 3.2146182 0.32282131
v -0.6455326 3.33539962 0.32597169
v -0.5995801 3.21629095 0.38362944
v -0.60979628 3.33550167 0.3827041
v -0.54403412 3.21897101 0.41612458
v -0.55831855 3.33842158 0.41747102
v -0.48882558 3.21958494 0.47524297
v -0.49885684 3.33900356 0.47506475
v -0.44069623 3.21477484 0.55337715
v -0.44745093 3.33207058 0.55409121
v -0.43576505 3.20656132 0.66375809
v -0.43396052 3.31867003 0.66129511
v -0.31944984 3.21012687 0.66775113
v -0.31851571 3.3264575 0.67230278
v -0.22310733 3.21331596 0.67979902
v -0.22569112 3.33386468 0.6868487
v -0.15262593 3.2149713 0.69518476
v -0.16035875 3.33398795 0.70170766
v -0.09030296 3.21765589 0.67883205
v -0.09931251 3.33691287 0.68977093
v -0.00937668 3.21828007 0.68170332
v -0.01648874 3.33746838 0.68861043
v 0.07983343 3.2135148 0.70293003
v 0.07561841 3.33054685 0.70815283
v 0.16122429 3.20539093 0.77752578
v 0.16074958 3.31723308 0.77447706
v 0.24634669 3.20906353 0.69798958
v 0.25035038 3.32508778 0.70038712
v 0.32303512 3.21246719 0.63831913
v 0.32643815 3.33263993 0.64483374
v 0.38440075 3.21430206 0.59869515
v 0.38328045 3.33297824 0.60910898
v 0.41645112 3.21713471 0.54337066
v 0.41785889 3.3361268 0.55730938
v 0.47579094 3.2178936 0.48845633
v 0.47596302 3.33685827 0.49816516
v 0.553734 3.21332001 0.4404968
v 0.55464249 3.33018446 0.44706299
v 0.66379636 3.20541286 0.43579077
v 0.66130542 3.31713485 0.43397262
v 0.66719722 3.20897221 0.32341364
v 0.6718018 3.32475972 0.32110184
v 0.67969709 3.21226644 0.2235562
v 0.68657112 3.33131337 0.22593587
v 0.69550275 3.21416115 0.14517588
v 0.70236855 3.33305716 0.15551556
v 0.67734748 3.21747398 0.0823103
v 0.6886301 3.33676576 0.09341789
v 0.68519735 3.21892118 0.0022921
v 0.6910761 3.33814597 0.01036234
v 0.70465487 3.21451592 -0.08359997
v 0.70969802 3.33174109 -0.07913085
v 0.77747893 3.20657968 -0.16121552
v 0.7744615 3.31871628 -0.16074928
v 0.69789171 3.21041297 -0.24651053
v 0.70025998 3.3268609 -0.25069096
v 0.63828533 3.21391177 -0.3231838
v 0.64489555 3.33462381 -0.32673427
v 0.59871113 3.21580529 -0.38447719
v 0.60914897 3.335083 -0.38352832
v 0.54341125 3.21873426 -0.41653487
v 0.55737793 3.33832812 -0.41808912
v 0.48853653 3.21958065 -0.47583192
v 0.4982993 3.33915853 -0.47623667
v 0.44058281 3.21506023 -0.55370974
v 0.44723218 3.3325622 -0.55473977
v 0.4357509 3.20712328 -0.66373759
v 0.43394991 3.31945824 -0.6612848
v 0.31919983 3.21101808 -0.66779881
v 0.31810116 3.32761788 -0.67243242
v 0.22293241 3.21452927 -0.67987465
v 0.22530581 3.33539247 -0.68706446
v 0.22961245 3.4444487 -0.69942194
v 0.15993547 3.33584284 -0.70193254
v 0.16554671 3.44590544 -0.71508055
v 0.17025524 3.54154253 -0.73461139
v 0.1057608 3.44978499 -0.7058193
v 0.10982047 3.54572439 -0.72745001
v 0.02092365 3.45095276 -0.70336389
v 0.0242569 3.54773855 -0.72220766
v -0.07603721 3.44455432 -0.72265684
v -0.07859789 3.54035401 -0.74316394
v -0.16188815 3.42569255 -0.77691513
v -0.07607366 3.33324837 -0.70858526
v -0.16075024 3.32021832 -0.77444475
v -0.25056639 3.3285377 -0.70046287
v -0.25480347 3.43722653 -0.71001839
v -0.32668945 3.33660697 -0.64513427
v -0.33255425 3.44597935 -0.65698158
v -0.38337317 3.33711576 -0.60947507
v -0.38868635 3.44751477 -0.62294358
v -0.41805163 3.34044194 -0.55783277
v -0.42470878 3.45179915 -0.57382315
v -0.47605845 3.34132528 -0.49864223
v -0.48268359 3.45290517 -0.51242482
v -0.55468726 3.33463978 -0.4474371
v -0.47567072 3.22140121 -0.48872661
v -0.55360895 3.21677684 -0.44069835
v -0.66368323 3.20872259 -0.43571585
v -0.66126906 3.32136559 -0.43393504
v -0.66775268 3.21246099 -0.31970024
v -0.67240214 3.32938027 -0.31890627
v -0.67988658 3.21581196 -0.22333775
v -0.68712121 3.33696413 -0.22590126
v -0.69528585 3.21758794 -0.15275363
v -0.70194584 3.33719992 -0.16059953
v -0.67902845 3.2203207 -0.09052597
v -0.69251036 3.0943799 -0.13902935
v -0.67249417 3.09645557 -0.08024249
v -0.68111008 3.09716558 -0.00035465
v -0.66895747 2.9714334 -0.07180114
v -0.68457299 2.9718132 0.00869434
v -0.70963889 2.97041678 0.09797067
v -0.70348602 3.09439611 0.08752998
v -0.788571 2.96941566 0.16360887
v -0.78288942 3.09059095 0.16237305
v -0.71534854 2.96926212 0.22659954
v -0.70151984 3.09098172 0.23948054
v -0.64079809 2.96797752 0.31453734
v -0.6367768 3.09184265 0.3206394
v -0.58675491 2.96892261 0.39077049
v -0.58797454 3.09337973 0.39136368
v -0.52384853 2.97063159 0.42220893
v -0.53220915 3.09542393 0.41879525
v -0.47790968 2.97095942 0.4902299
v -0.48183575 3.09611916 0.48136788
v -0.43251895 2.96955776 0.57096648
v -0.43552702 3.09334993 0.55933052
v -0.44193303 2.96854662 0.67332333
v -0.43879842 3.08956193 0.6684457
v -0.34574171 2.96839261 0.66607737
v -0.32669454 3.08990764 0.6653949
v -0.23073056 2.96708583 0.67551809
v -0.22347673 3.09074449 0.67698949
v -0.1385789 2.96803331 0.69121062
v -0.1390222 3.0922842 0.69248467
v -0.07181095 2.96975636 0.66894602
v -0.0801562 3.09434866 0.67243021
v 0.00872101 2.97014927 0.68457663
v -0.00020356 3.09507298 0.68112987
v 0.09796655 2.96880197 0.70963525
v 0.08765658 3.09236884 0.7035005
v 0.16362403 2.96787691 0.78863406
v 0.16239395 3.08868789 0.78298378
v 0.22644655 2.96789932 0.71554493
v 0.23947545 3.08920145 0.70153355
v 0.3145217 2.96680808 0.64080464
v 0.3207311 3.09027433 0.63667762
v 0.39076915 2.96792364 0.58674782
v 0.39135542 3.09199285 0.58796072
v 0.42227304 2.96967673 0.52374357
v 0.41889914 3.0941267 0.53200846
v 0.49026599 2.97010278 0.47789743
v 0.4816657 3.09491586 0.48172798
v 0.57106322 2.9688127 0.43251341
v 0.55953258 3.09231925 0.43543148
v 0.67334348 2.9679718 0.44194695
v 0.66847765 3.08877134 0.43882027
v 0.66631329 2.96796202 0.35015264
v 0.66474074 3.08918452 0.33142873
v 0.67521846 2.96670627 0.23498119
v 0.67677182 3.09014082 0.22605797
v 0.69120872 2.96791029 0.13857826
v 0.69248127 3.09189868 0.13901984
v 0.6680333 2.96965408 0.06631667
v 0.67119276 3.09456419 0.07371127
v 0.68754518 2.97012257 -0.0126852
v 0.68474417 3.09550094 -0.00566739
v 0.71128171 2.96892619 -0.09975854
v 0.70496302 3.09289407 -0.09082479
v 0.78862035 2.96821379 -0.16361956
v 0.7829498 3.089396 -0.16238777
v 0.71547907 2.96829295 -0.22649978
v 0.70145267 3.09001755 -0.23957566
v 0.64077949 2.96722126 -0.31455498
v 0.63663661 3.0911231 -0.32079413
v 0.58675223 2.96837496 -0.39077031
v 0.58797121 3.09289002 -0.39136052
v 0.52375352 2.97025203 -0.42227363
v 0.53199821 3.09512519 -0.41893214
v 0.47790607 2.97077512 -0.49024695
v 0.48177343 3.0960288 -0.48161906
v 0.4325186 2.96959519 -0.57094812
v 0.43548476 3.0935173 -0.55945503
v 0.44192758 2.96882176 -0.67331486
v 0.43878763 3.09000206 -0.66842842
v 0.34554204 2.96883893 -0.66606116
v 0.32650461 3.09060335 -0.66541719
v 0.23068285 2.96774888 -0.67552465
v 0.22338156 3.09169101 -0.67700731
v 0.13858087 2.96891284 -0.69121581
v 0.13902485 3.09347629 -0.69249659
v 0.15247102 3.21646118 -0.69528567
v 0.08009718 3.09572172 -0.67245006
v 0.09010094 3.21939492 -0.67889529
v 0.09884206 3.3390665 -0.68990814
v 0.00910377 3.22023534 -0.68190819
v 0.01582727 3.33988833 -0.68910485
v -0.07998386 3.21571016 -0.70309716
v 0.00015606 3.09664034 -0.68121314
v -0.08766283 3.09414959 -0.70354205
v -0.16237318 3.09066462 -0.78288584
v -0.16120474 3.20783376 -0.77742856
v -0.23969112 3.09147691 -0.70135748
v -0.24650199 3.21188211 -0.69792693
v -0.32084241 3.09277415 -0.63661563
v -0.3231756 3.2155857 -0.63838869
v -0.39137038 3.09464097 -0.58798986
v -0.38391551 3.21764397 -0.59946006
v -0.41879349 3.09688186 -0.53226709
v -0.41640031 3.22059154 -0.54379439
v -0.48147341 3.0975871 -0.48185536
v -0.42219826 2.97180724 -0.52387738
v -0.49010601 2.97225332 -0.47793787
v -0.57091641 2.97093176 -0.43252089
v -0.55936402 3.09500145 -0.43554607
v -0.67327159 2.97001123 -0.44190046
v -0.66837054 3.09132194 -0.43875148
v -0.66604602 2.96991014 -0.3455137
v -0.6653831 3.09182477 -0.32671237
v -0.67552959 2.96869134 -0.23067796
v -0.67700284 3.09277224 -0.22354829
v -0.69122093 2.9696908 -0.13858363
v -0.67433482 2.84463238 -0.24573583
v -0.69064503 2.84502196 -0.13821665
v -0.66692 2.84619665 -0.06439381
v -0.69036954 2.72027397 -0.13794404
v -0.66599571 2.7211101 -0.05774512
v -0.68842244 2.72151398 0.0249416
v -0.68878889 2.84657907 0.01573967
v -0.71702086 2.72132229 0.10551799
v -0.71519935 2.84600663 0.10376962
v -0.79644852 2.72164678 0.16530709
v -0.79317051 2.84593582 0.16460236
v -0.7903347 2.72167468 0.17745235
v -0.74848383 2.84660816 0.20160672
v -0.6664946 2.71968293 0.28820946
v -0.65063011 2.84408426 0.30301892
v -0.58570361 2.71981382 0.39062243
v -0.58609086 2.84442234 0.39062506
v -0.51173114 2.72061181 0.4301283
v -0.5171917 2.84555888 0.42599296
v -0.46908623 2.72098445 0.50445437
v -0.47591605 2.84590888 0.49815899
v -0.43239951 2.72076988 0.58129805
v -0.43234804 2.84531664 0.57885348
v -0.44629228 2.72107195 0.68007749
v -0.44447699 2.8452301 0.67726695
v -0.43338012 2.72109746 0.6843431
v -0.38695472 2.84584546 0.67187315
v -0.26755294 2.71909117 0.6750822
v -0.2459243 2.84335207 0.67432606
v -0.13794316 2.71922302 0.69036513
v -0.13821461 2.8437016 0.69064074
v -0.0578548 2.72003793 0.66598844
v -0.06449436 2.84486174 0.66692942
v 0.02491276 2.72043466 0.6884337
v 0.0157031 2.84524917 0.68875134
v 0.10539053 2.72025752 0.7168954
v 0.10367932 2.84470939 0.71510529
v 0.16531366 2.72060918 0.79647606
v 0.16461123 2.84469652 0.79320865
v 0.17745964 2.72064232 0.79035705
v 0.20138022 2.84537553 0.74884313
v 0.28815421 2.71878576 0.66655868
v 0.30289486 2.84308433 0.65074288
v 0.39062365 2.71903467 0.58570152
v 0.39062497 2.84357619 0.58608818
v 0.4299843 2.71988129 0.51186466
v 0.42599868 2.84476733 0.517183
v 0.50433158 2.72031021 0.46935263
v 0.49805504 2.84518766 0.47592744
v 0.58131152 2.72016739 0.43240082
v 0.5788933 2.84469103 0.43234533
v 0.6800878 2.72055697 0.44630008
v 0.67728048 2.84473276 0.44448608
v 0.68435198 2.72059583 0.43338677
v 0.67263358 2.84527826 0.39072483
v 0.67517823 2.71864318 0.27076906
v 0.67430192 2.84297061 0.25031027
v 0.69036561 2.71878194 0.13794161
v 0.69063931 2.84339189 0.13821306
v 0.66604137 2.71970152 0.05509752
v 0.66656971 2.84462904 0.05968381
v 0.68777281 2.72018742 -0.02669477
v 0.68914449 2.84515643 -0.02282292
v 0.71731382 2.7200582 -0.10581617
v 0.71440279 2.84473681 -0.10295558
v 0.79647779 2.7204914 -0.16531327
v 0.79320812 2.8447709 -0.16461026
v 0.79036074 2.72053575 -0.17745953
v 0.74879908 2.84550762 -0.20140782
v 0.66656214 2.71876907 -0.28815183
v 0.65072649 2.84325051 -0.30291339
v 0.58570361 2.71909928 -0.39062386
v 0.58609008 2.84379911 -0.39062565
v 0.51169389 2.72003173 -0.43016389
v 0.51712393 2.84508848 -0.42603862
v 0.46942883 2.72054815 -0.50429815
v 0.4759365 2.84560847 -0.49799746
v 0.43240439 2.72048902 -0.5810396
v 0.43234837 2.84520149 -0.57871055
v 0.44629353 2.7209568 -0.68007969
v 0.44447442 2.84531259 -0.67726475
v 0.43338006 2.72100544 -0.68434304
v 0.3868435 2.84607434 -0.67185014
v 0.26746934 2.71922922 -0.67507809
v 0.24585442 2.84374904 -0.6743294
v 0.13794212 2.71956992 -0.69036704
v 0.13821457 2.84430408 -0.69064271
v 0.0578127 2.72053289 -0.66599267
v 0.06447338 2.84562301 -0.66693091
v 0.07179845 2.97080898 -0.66895419
v -0.01570051 2.84617281 -0.68875497
v -0.00872063 2.97138285 -0.68458944
v -0.10365451 2.84579277 -0.71508699
v -0.09794499 2.97022175 -0.70961403
v -0.16460248 2.84593534 -0.79317116
v -0.16360995 2.96948647 -0.78856873
v -0.20167669 2.84681868 -0.74837702
v -0.22671806 2.96965718 -0.71521019
v -0.30311748 2.84460687 -0.6505413
v -0.31466952 2.96875739 -0.64068877
v -0.39062571 2.84520959 -0.58609467
v -0.39077365 2.96999788 -0.58676415
v -0.42594313 2.84645152 -0.51727378
v -0.39062166 2.72032356 -0.58570486
v -0.42994317 2.72122955 -0.5119121
v -0.50431299 2.72169947 -0.46939256
v -0.49795702 2.84689784 -0.47594907
v -0.58125716 2.72157406 -0.43240106
v -0.5787943 2.84639143 -0.43235209
v -0.68005842 2.72196078 -0.44628059
v -0.67723441 2.84638333 -0.44445586
v -0.68432134 2.72199678 -0.43336856
v -0.67177951 2.84712863 -0.38654634
v -0.67507386 2.72008061 -0.26746937
v -0.68600046 2.59711241 -0.43436008
v -0.6756733 2.5957973 -0.277673
v -0.69022399 2.59554529 -0.13778153
v -0.67605984 2.47123479 -0.28269788
v -0.69011712 2.47081852 -0.13768933
v -0.66537123 2.47139883 -0.05308782
v -0.66567665 2.59619283 -0.05435085
v -0.68713915 2.47179484 0.02934442
v -0.6869955 2.59662222 0.02780525
v -0.72057914 2.47188973 0.10909147
v -0.71927422 2.59663462 0.10767905
v -0.79927682 2.47201561 0.16595356
v -0.79835587 2.59688091 0.16573014
v -0.79315543 2.47205042 0.17819114
v -0.79221552 2.59691333 0.17793767
v -0.67793721 2.47106885 0.27815502
v -0.67411708 2.59552359 0.28143143
v -0.58534735 2.47058153 0.39062467
v -0.58548748 2.59520292 0.3906359
v -0.50774592 2.47111654 0.43324071
v -0.50895386 2.59581065 0.43246111
v -0.46446213 2.47147488 0.50699257
v -0.4658502 2.59620523 0.5055747
v -0.43238475 2.47153472 0.5869041
v -0.4324643 2.59618926 0.58459085
v -0.44782808 2.47163486 0.68252217
v -0.4473358 2.59641456 0.68171495
v -0.43484702 2.47166609 0.68684762
v -0.4343616 2.59644317 0.68600595
v -0.28270658 2.47065663 0.67605823
v -0.27770692 2.59503245 0.67567652
v -0.13768912 2.47015094 0.69011551
v -0.13777953 2.59470224 0.69022101
v -0.05297515 2.47068357 0.66537189
v -0.05434382 2.59531736 0.66567474
v 0.02971107 2.47104454 0.68703454
v 0.02788972 2.59572672 0.68697404
v 0.10930446 2.47110676 0.72078907
v 0.10766287 2.59573149 0.71925926
v 0.16595356 2.4712181 0.79928147
v 0.16573104 2.59598445 0.79836404
v 0.17819172 2.47125148 0.79315817
v 0.17794044 2.59601783 0.79222446
v 0.27813896 2.47029304 0.67795181
v 0.28140074 2.59469962 0.67415231
v 0.39062455 2.46983766 0.58534586
v 0.39063456 2.59444999 0.58548635
v 0.43284687 2.47038745 0.50812321
v 0.43217316 2.59509182 0.50922834
v 0.50651729 2.47076702 0.46535953
v 0.5053268 2.59552645 0.46636584
v 0.58663398 2.47084736 0.43238467
v 0.58451694 2.59555697 0.43246504
v 0.68252396 2.47097635 0.44783073
v 0.68171966 2.59583759 0.4473392
v 0.68685078 2.47101211 0.43484905
v 0.68601149 2.59587478 0.43436551
v 0.67607897 2.47000694 0.28396278
v 0.67573159 2.59449791 0.27988237
v 0.69011575 2.46947574 0.13768835
v 0.69022053 2.59414672 0.13777837
v 0.66538113 2.47006344 0.05238769
v 0.66570138 2.59483885 0.05293361
v 0.68706566 2.47047925 -0.0296147
v 0.68675619 2.59531068 -0.02853873
v 0.72055369 2.47060132 -0.1090697
v 0.71937245 2.59538173 -0.10777808
v 0.79928255 2.4707756 -0.16595482
v 0.79836696 2.59570312 -0.16573256
v 0.79316026 2.47081852 -0.17819292
v 0.79222822 2.59574699 -0.17794065
v 0.67795831 2.46996069 -0.27813088
v 0.67416101 2.59452605 -0.28139263
v 0.5853461 2.46960687 -0.39062488
v 0.5854851 2.59437036 -0.39063549
v 0.5078333 2.47023963 -0.4331485
v 0.50895762 2.59509468 -0.43245524
v 0.46539163 2.47070074 -0.50650137
v 0.46644291 2.59561181 -0.50528925
v 0.43238431 2.47087836 -0.58624631
v 0.43246713 2.59572911 -0.5841577
v 0.44782963 2.47110366 -0.68252408
v 0.44733858 2.59609627 -0.6817184
v 0.43484765 2.47115373 -0.68685108
v 0.43436384 2.59614586 -0.68600958
v 0.28236654 2.47033286 -0.67605155
v 0.27753678 2.59493947 -0.67567265
v 0.1376883 2.47001838 -0.69011545
v 0.13777966 2.59480762 -0.69022256
v 0.05293409 2.47068929 -0.66537404
v 0.05430344 2.5955646 -0.66567593
v -0.0300591 2.4711883 -0.68692886
v -0.02803632 2.59611177 -0.68692189
v -0.02495231 2.72107696 -0.68841952
v -0.1077387 2.59625315 -0.71933287
v -0.10540261 2.72104406 -0.71690285
v -0.16573026 2.5966432 -0.79835838
v -0.16530795 2.72153854 -0.79645186
v -0.17793898 2.59669542 -0.79221868
v -0.17745254 2.72159075 -0.79033666
v -0.28144931 2.59556675 -0.67409819
v -0.28824925 2.71993064 -0.66644972
v -0.39063412 2.59548068 -0.58548522
v -0.27816137 2.47092795 -0.67793083
v -0.39062464 2.47065496 -0.58534759
v -0.43284577 2.47129392 -0.50812757
v -0.43216598 2.59619283 -0.50923866
v -0.50651294 2.47175097 -0.46536415
v -0.50530958 2.59668541 -0.46638119
v -0.58662331 2.47190547 -0.43238627
v -0.58449184 2.59676003 -0.43246537
v -0.68251931 2.47209501 -0.44782808
v -0.68170946 2.59707236 -0.44733285
v -0.68684405 2.47213792 -0.43484568
v -0.6827991 2.34707927 -0.44796022
v -0.68717587 2.34712743 -0.43501099
v -0.67602479 2.34652566 -0.28431797
v -0.68724137 2.22214651 -0.43499806
v -0.67600822 2.22177529 -0.28365758
v -0.68991798 2.22143101 -0.13762301
v -0.69002091 2.34609532 -0.13764308
v -0.6645317 2.22207808 -0.05355216
v -0.66500997 2.34670329 -0.05289994
v -0.68694031 2.22250437 0.02847038
v -0.68708443 2.34711742 0.02935585
v -0.72027057 2.22250866 0.10979922
v -0.72089874 2.34719085 0.10961785
v -0.79948788 2.22221517 0.16610004
v -0.7995662 2.34710216 0.16605784
v -0.79354137 2.22225379 0.17836134
v -0.79350596 2.3471415 0.17830754
v -0.67858827 2.22177505 0.27743211
v -0.6790598 2.34645366 0.27698245
v -0.58515882 2.2213428 0.39053022
v -0.58524483 2.34594392 0.39058923
v -0.50711643 2.2219541 0.43269044
v -0.50725549 2.34650969 0.43322187
v -0.46372795 2.22235059 0.50690156
v -0.46379825 2.34687924 0.50731509
v -0.43177563 2.22228932 0.58780038
v -0.43216103 2.34690499 0.5879364
v -0.44787061 2.22195386 0.6827746
v -0.44795653 2.34678912 0.68279683
v -0.43499681 2.2219882 0.68723911
v -0.43501198 2.34682464 0.68717736
v -0.28365483 2.22147083 0.67600846
v -0.28431817 2.34610295 0.67602497
v -0.13762341 2.22100687 0.68991667
v -0.13764388 2.34556675 0.69002002
v -0.05310337 2.2215929 0.66453599
v -0.05268521 2.34611678 0.66501128
v 0.02982457 2.22195816 0.68654578
v 0.03021049 2.34647274 0.68684679
v 0.11031667 2.22187972 0.720936
v 0.11013445 2.34649348 0.72130012
v 0.16610162 2.22152853 0.7994892
v 0.16605827 2.34637308 0.79956483
v 0.17836277 2.22156071 0.79354208
v 0.17830891 2.34640812 0.79350924
v 0.2774375 2.22103405 0.67858362
v 0.27697837 2.34570598 0.67906504
v 0.39053028 2.22056579 0.58515769
v 0.39058923 2.34519219 0.58524477
v 0.43194043 2.22114372 0.50784075
v 0.43271231 2.3457489 0.50774353
v 0.50579059 2.2215054 0.46577271
v 0.5065236 2.34611153 0.46525591
v 0.58699989 2.22143387 0.43176952
v 0.58737075 2.34614396 0.43215769
v 0.68277448 2.22108006 0.44787168
v 0.68279898 2.34603261 0.44796025
v 0.68723893 2.22111296 0.43499699
v 0.68718063 2.34606933 0.43501341
v 0.67601466 2.22054243 0.28398135
v 0.67603802 2.34532427 0.28498548
v 0.68991619 2.22003316 0.13762192
v 0.69001841 2.34475398 0.13764107
v 0.66452562 2.2206428 0.05357952
v 0.6650092 2.3453443 0.0526489
v 0.68702781 2.22103929 -0.02819568
v 0.68709725 2.34574365 -0.02936536
v 0.72017991 2.2210164 -0.10956797
v 0.72077918 2.34582448 -0.10961676
v 0.79948538 2.22071456 -0.16609983
v 0.79956787 2.34575986 -0.16605831
v 0.79354119 2.22075533 -0.17836153
v 0.79350823 2.34580373 -0.17830848
v 0.67858177 2.22032928 -0.27743789
v 0.67906719 2.34520077 -0.27697637
v 0.5851584 2.21997594 -0.39053076
v 0.58524489 2.3447926 -0.39058959
v 0.50767678 2.22065377 -0.43210572
v 0.50750571 2.34544038 -0.43295806
v 0.46568939 2.22111368 -0.50583493
v 0.46521911 2.34589433 -0.50654268
v 0.43176701 2.22115945 -0.58680516
v 0.43215686 2.34602928 -0.58704608
v 0.44787058 2.22093105 -0.68277257
v 0.44796085 2.34602737 -0.68280237
v 0.43499654 2.22098255 -0.6872397
v 0.43501225 2.3460803 -0.68717974
v 0.28224581 2.22064447 -0.67597878
v 0.28358712 2.34554004 -0.67601007
v 0.13762058 2.22037506 -0.68991696
v 0.13764047 2.34519434 -0.69001758
v 0.05295036 2.22110152 -0.66453635
v 0.05257303 2.34588646 -0.66501331
v -0.03068094 2.22160935 -0.68627572
v -0.03083249 2.34637808 -0.68666195
v -0.11021141 2.22170066 -0.72083073
v -0.11024265 2.34653568 -0.72140914
v -0.10943887 2.47138452 -0.72092264
v -0.16605733 2.34656262 -0.79956919
v -0.16595466 2.471632 -0.79927921
v -0.17830826 2.34661865 -0.79350841
v -0.17819137 2.47168469 -0.79315888
v -0.27698686 2.34614133 -0.6790564
v -0.17836278 2.22156596 -0.7935422
v -0.27744248 2.22129416 -0.67857813
v -0.3905313 2.22107172 -0.5851593
v -0.39058914 2.34583616 -0.58524519
v -0.43194747 2.22178554 -0.50783753
v -0.43271097 2.34650611 -0.50775063
v -0.50579816 2.22227716 -0.46576359
v -0.50652539 2.34697246 -0.46525472
v -0.58700907 2.22233223 -0.43177253
v -0.58737093 2.34710049 -0.43216058
v -0.68277448 2.22209835 -0.44787362
v -0.58596438 2.09756684 -0.43121519
v -0.68266153 2.09720134 -0.44772082
v -0.68725371 2.0972476 -0.43494167
v -0.68250584 1.97240519 -0.44754597
v -0.68726187 1.97244834 -0.43487504
v -0.67583334 1.9723525 -0.27899962
v -0.67593127 2.09704303 -0.28152245
v -0.68966811 1.97218573 -0.13759592
v -0.68980169 2.09679794 -0.13760955
v -0.66325348 1.97286021 -0.05779423
v -0.66393786 2.09747576 -0.05516557
v -0.68687689 1.97326231 0.024885
v -0.68683159 2.09787797 0.02702562
v -0.71789938 1.97318053 0.10899547
v -0.71929776 2.09781813 0.10939323
v -0.79906743 1.97266686 0.16614055
v -0.79930043 2.09739446 0.16612744
v -0.79347175 1.9726994 0.17846489
v -0.79351103 2.09743118 0.17841078
v -0.67520713 1.97247147 0.28056827
v -0.6770364 2.09710907 0.27887496
v -0.58496254 1.97218859 0.39037609
v -0.58506703 2.09676146 0.39045861
v -0.50886476 1.97284615 0.42913138
v -0.50749671 2.09740543 0.43147376
v -0.46562922 1.97320902 0.50457263
v -0.464271 2.09778213 0.50598543
v -0.43056559 1.97305786 0.58488768
v -0.43121907 2.09766268 0.58670234
v -0.44754576 1.97249198 0.68250751
v -0.44772079 2.09718155 0.68266075
v -0.43487435 1.97251844 0.68726015
v -0.43494075 2.09721279 0.68725246
v -0.2789984 1.97224843 0.67583322
v -0.28152057 2.09684824 0.67593133
v -0.13759458 1.97191715 0.6896674
v -0.13760958 2.09645938 0.68980038
v -0.05705967 1.97252726 0.6632567
v -0.05440095 2.09706378 0.66394156
v 0.02698097 1.97283613 0.68620991
v 0.02879427 2.09740042 0.68628877
v 0.10950051 1.97264814 0.7184146
v 0.11006886 2.09725308 0.71990239
v 0.16614161 1.97203826 0.79906684
v 0.16612823 2.09674263 0.79929953
v 0.17846505 1.97205746 0.79346865
v 0.17841143 2.09676933 0.79351162
v 0.28059876 1.97171747 0.67517399
v 0.2788898 2.09636664 0.67702192
v 0.39037451 1.97132563 0.58496171
v 0.39045769 2.09594631 0.58506441
v 0.4280965 1.97187852 0.50987601
v 0.43042257 2.09653282 0.50851792
v 0.50324553 1.97216522 0.46816715
v 0.50471723 2.09684824 0.46666145
v 0.58464199 1.97196042 0.43055787
v 0.58594477 2.0966916 0.43121013
v 0.68250495 1.97132253 0.44754403
v 0.68266099 2.0961709 0.44771966
v 0.68726086 1.9713397 0.43487319
v 0.68725305 2.09619665 0.43494215
v 0.67583578 1.97094547 0.27915233
v 0.67593437 2.0957508 0.28170153
v 0.68966615 1.97051644 0.13759355
v 0.68979835 2.09529209 0.13760832
v 0.66324222 1.97109592 0.05815579
v 0.66392827 2.09590601 0.05537808
v 0.687047 1.9714204 -0.02430784
v 0.68698453 2.09626078 -0.02653571
v 0.71739846 1.97127509 -0.1085082
v 0.71894329 2.09615612 -0.10912518
v 0.7990641 1.9707005 -0.1661424
v 0.7992981 2.09569048 -0.16612787
v 0.79346889 1.97072815 -0.17846465
v 0.79351156 2.09572577 -0.17841151
v 0.67519164 1.9704951 -0.28058233
v 0.67702245 2.09542775 -0.27888798
v 0.58495998 1.9702363 -0.39037427
v 0.58506506 2.09512996 -0.39045742
v 0.50980627 1.97091245 -0.4281626
v 0.50841659 2.09582376 -0.43052271
v 0.46800041 1.97134578 -0.50332784
v 0.46654924 2.09625649 -0.50477635
v 0.43055525 1.97129797 -0.58472406
v 0.43120694 2.09624004 -0.58589661
v 0.44754388 1.97083759 -0.68250405
v 0.44771951 2.09586191 -0.68265938
v 0.43487122 1.97088074 -0.68726271
v 0.43494129 2.09591031 -0.68725377
v 0.27792069 1.97080707 -0.67581117
v 0.27998042 2.09572649 -0.67589926
v 0.1375925 1.9706844 -0.68966656
v 0.13760823 2.09553289 -0.68979954
v 0.05744012 1.97146666 -0.66324967
v 0.05433025 2.09629631 -0.66394221
v -0.02692185 1.9719876 -0.68622756
v -0.02953894 2.09683394 -0.68604689
v -0.10851216 1.97199881 -0.71739906
v -0.10955116 2.09684824 -0.71945154
v -0.16614192 1.9715991 -0.79906624
v -0.16612848 2.09652042 -0.79929947
v -0.1661006 2.22150993 -0.799488
v -0.17841148 2.09657359 -0.79351151
v -0.17846551 1.97164928 -0.79346978
v -0.28061118 1.97166597 -0.67516195
v -0.27889776 2.09647131 -0.67701441
v -0.39037564 1.97161495 -0.58496236
v -0.39045813 2.09633588 -0.58506643
v -0.4281201 1.97236299 -0.50985801
v -0.43043699 2.09708523 -0.50850933
v -0.50326323 1.97284591 -0.46813839
v -0.5047208 2.09756302 -0.466663
v -0.58467733 1.97284281 -0.43056374
v -0.49788183 1.84807729 -0.47147423
v -0.58569347 1.84810888 -0.42983767
v -0.68230712 1.84772002 -0.44736412
v -0.58316439 1.72342848 -0.42934376
v -0.6820802 1.72308564 -0.44718015
v -0.68723899 1.7231214 -0.43473076
v -0.68726581 1.84775614 -0.43480697
v -0.67566472 1.7231872 -0.275864
v -0.67572474 1.84773635 -0.27611908
v -0.68938893 1.72303056 -0.13756105
v -0.68952471 1.84761631 -0.13757729
v -0.66349411 1.72364187 -0.06745749
v -0.66305917 1.84824597 -0.06187376
v -0.6816228 1.72400617 0.01523493
v -0.68546754 1.84858799 0.018704
v -0.71596348 1.72390985 0.10877736
v -0.71810877 1.84852421 0.11022459
v -0.79850971 1.72344684 0.16610029
v -0.7988038 1.84804117 0.1661318
v -0.79335373 1.72346782 0.17855125
v -0.79342353 1.84806561 0.17851395
v -0.67305201 1.72336065 0.28249058
v -0.67314934 1.84789431 0.28247338
v -0.58474224 1.72305631 0.39020136
v -0.58484786 1.84764623 0.39028614
v -0.51652044 1.72364676 0.42169168
v -0.51299136 1.84821605 0.42484051
v -0.47105827 1.72394096 0.49425756
v -0.46804133 1.84857666 0.50264143
v -0.42933991 1.72382903 0.58262103
v -0.42979449 1.8484441 0.58291858
v -0.44717967 1.72333061 0.68208104
v -0.44736522 1.84789657 0.68231058
v -0.43473118 1.72334718 0.68724072
v -0.43480581 1.84791469 0.6872636
v -0.27586367 1.72321081 0.67566502
v -0.27611896 1.84770274 0.67572462
v -0.13756118 1.72287333 0.68938881
v -0.13757644 1.84740901 0.68952339
v -0.06716063 1.72340059 0.66343611
v -0.06282419 1.84792566 0.66323792
v 0.0164852 1.7236402 0.68264448
v 0.02415376 1.84823465 0.68647408
v 0.10917081 1.7234379 0.71636211
v 0.10887165 1.84803879 0.71670937
v 0.16609944 1.72285342 0.79850834
v 0.16613093 1.84742856 0.79880142
v 0.17855173 1.72285747 0.79335409
v 0.1785143 1.84743785 0.79342269
v 0.28267082 1.72256803 0.67286473
v 0.28254795 1.84711504 0.67307108
v 0.39019972 1.72208833 0.58473837
v 0.39028629 1.84672427 0.58484739
v 0.4213804 1.72253012 0.51696717
v 0.4250682 1.8472073 0.51264423
v 0.49249211 1.72271442 0.47122421
v 0.49777242 1.8474034 0.47148132
v 0.58299416 1.72241675 0.42933929
v 0.58561378 1.84717977 0.42983156
v 0.68207895 1.72175264 0.44717836
v 0.68230623 1.84654045 0.44736293
v 0.68723928 1.72174871 0.43472939
v 0.68726313 1.84654414 0.43480488
v 0.67567306 1.721367 0.27636712
v 0.67572838 1.84615254 0.27637165
v 0.6893835 1.72080719 0.13755963
v 0.68952226 1.84570932 0.13757649
v 0.66363704 1.72127962 0.06827522
v 0.66313707 1.84622013 0.0623347
v 0.68089151 1.72150802 -0.01437226
v 0.68489688 1.84645974 -0.01802292
v 0.71505177 1.72129309 -0.1078931
v 0.71737158 1.84630417 -0.10952349
v 0.79850131 1.72071933 -0.1660992
v 0.79879432 1.84573543 -0.16613021
v 0.79335326 1.72073078 -0.1785528
v 0.79342258 1.845752 -0.17851468
v 0.67302477 1.72055804 -0.28251543
v 0.67313742 1.8455429 -0.28248387
v 0.58474022 1.72023129 -0.39020016
v 0.58484703 1.84529304 -0.39028579
v 0.51700168 1.72084486 -0.42134809
v 0.51256966 1.84591937 -0.42511221
v 0.47115477 1.72123134 -0.49310749
v 0.47143563 1.84628486 -0.49813872
v 0.4293392 1.72118198 -0.58338213
v 0.42983168 1.84626257 -0.58584123
v 0.4471769 1.72080564 -0.68207722
v 0.44736206 1.84584665 -0.68230527
v 0.4347282 1.72084188 -0.68723815
v 0.4348053 1.84588241 -0.68726438
v 0.28060743 1.72096467 -0.67575591
v 0.27640274 1.8458898 -0.67572969
v 0.1586851 1.72072255 -0.68701249
v 0.13757604 1.84576904 -0.68952417
v 0.0721792 1.72149324 -0.66442829
v 0.06323088 1.84655427 -0.66332328
v -0.0150228 1.72206223 -0.68143039
v -0.02085236 1.84694111 -0.68721067
v -0.10735844 1.72217679 -0.71451228
v -0.10748577 1.84711313 -0.71527338
v -0.16609899 1.72190761 -0.79850667
v -0.16613119 1.84675145 -0.79879909
v -0.17855142 1.72195565 -0.79335182
v -0.17851391 1.84679698 -0.79342258
v -0.28269648 1.72219681 -0.67283707
v -0.28256544 1.84691214 -0.67305237
v -0.39020147 1.72221303 -0.58474242
v -0.39028629 1.84692668 -0.58484774
v -0.42145252 1.72292482 -0.5168668
v -0.42510175 1.84764158 -0.51259857
v -0.49271836 1.7234013 -0.47120761
v -0.41562706 1.59802591 -0.52490866
v -0.48699137 1.59867942 -0.47116884
v -0.57982736 1.59881389 -0.42892614
v -0.4813413 1.47398281 -0.47141301
v -0.57649242 1.4742105 -0.42853876
v -0.68154823 1.47402036 -0.44678932
v -0.68183004 1.59853267 -0.44699138
v -0.68703454 1.47405958 -0.43452158
v -0.68717384 1.59856319 -0.43464112
v -0.67567724 1.4742912 -0.28319883
v -0.6756975 1.59870076 -0.28076666
v -0.68522155 1.4742285 -0.16902974
v -0.68684309 1.59829676 -0.16000632
v -0.6662541 1.47442972 -0.08493425
v -0.66505479 1.59887456 -0.07724156
v -0.6736896 1.4747529 0.00700231
v -0.67753487 1.59937441 0.01120105
v -0.71063602 1.47475791 0.10458736
v -0.71328777 1.59934735 0.10669363
v -0.79785561 1.47435581 0.16600012
v -0.79820001 1.59890055 0.1660553
v -0.79305863 1.47437095 0.17855435
v -0.79324281 1.59891367 0.17856732
v -0.67894059 1.47435629 0.27664393
v -0.67684197 1.59885072 0.27875915
v -0.60462731 1.47409927 0.36416026
v -0.59930998 1.59828245 0.37185007
v -0.53224176 1.47424793 0.41034871
v -0.52500289 1.5988326 0.41556745
v -0.47153213 1.47460627 0.48052176
v -0.47111526 1.59931218 0.48737251
v -0.42853727 1.47468435 0.57552999
v -0.42892384 1.59927105 0.57911551
v -0.44678938 1.47430825 0.68154978
v -0.44699019 1.5988183 0.68182945
v -0.43452 1.4743272 0.68703478
v -0.43463951 1.5988295 0.68717229
v -0.28316849 1.47437501 0.67567616
v -0.28074368 1.59877204 0.67569875
v -0.16895203 1.47417926 0.68523514
v -0.15995332 1.59821748 0.6868506
v -0.08469532 1.47427976 0.6662026
v -0.07691694 1.59868049 0.66498881
v 0.00740746 1.47450387 0.67399203
v 0.01191137 1.59906685 0.67806267
v 0.10483977 1.47440111 0.71088731
v 0.10708399 1.598917 0.71368295
v 0.16600073 1.47387409 0.79785442
v 0.16605563 1.59834682 0.79819691
v 0.17855499 1.47387206 0.79305845
v 0.17856746 1.5983411 0.79324078
v 0.27743211 1.47366404 0.67812264
v 0.27918908 1.5980848 0.67639452
v 0.36480081 1.4732486 0.60418611
v 0.37239071 1.59735727 0.59890967
v 0.41081756 1.47315883 0.53152436
v 0.41549316 1.59769296 0.52510827
v 0.48063954 1.47317433 0.47151026
v 0.4865852 1.59796094 0.47122272
v 0.57592314 1.47289443 0.42853325
v 0.57947343 1.59768331 0.4289214
v 0.68154513 1.47218298 0.44678586
v 0.68182742 1.59698319 0.44698914
v 0.6870324 1.47216033 0.43451958
v 0.68717092 1.59696507 0.4346379
v 0.67570233 1.47176802 0.28462144
v 0.67571866 1.59658193 0.2818796
v 0.68489444 1.47121405 0.17081214
v 0.68660366 1.59571802 0.16154183
v 0.66688436 1.47108936 0.08771096
v 0.6653338 1.59608662 0.07864
v 0.67229068 1.47120642 -0.00516118
v 0.67664384 1.59642922 -0.01003722
v 0.70930796 1.47106766 -0.10328204
v 0.71219599 1.59625196 -0.10562052
v 0.79784345 1.47049856 -0.1659974
v 0.79819124 1.59566533 -0.16605533
v 0.79305338 1.47049844 -0.17855329
v 0.79323643 1.59566605 -0.17856718
v 0.67865437 1.47037029 -0.27691689
v 0.67659896 1.59550976 -0.27899158
v 0.60466414 1.47008204 -0.3641133
v 0.59963786 1.59489131 -0.3713991
v 0.53233796 1.47023594 -0.41027513
v 0.52543729 1.59547007 -0.41527012
v 0.47146192 1.47062933 -0.48092162
v 0.47110524 1.59601616 -0.48731714
v 0.42853027 1.47079575 -0.57680833
v 0.42892101 1.59606301 -0.58007001
v 0.44678279 1.4705491 -0.68153983
v 0.44698584 1.59573292 -0.68182426
v 0.43451541 1.47058785 -0.68702846
v 0.43463611 1.59576463 -0.68716889
v 0.28611156 1.47088801 -0.67563921
v 0.28436905 1.59596622 -0.67576623
v 0.17317281 1.4709661 -0.68449688
v 0.16879379 1.59590947 -0.68533229
v 0.0885473 1.47132444 -0.66705328
v 0.08205528 1.59634721 -0.66597932
v -0.00532716 1.47191846 -0.67241793
v -0.00954881 1.59698045 -0.67628365
v -0.10353706 1.4723165 -0.70956736
v -0.10535598 1.59723043 -0.71193164
v -0.16599963 1.47228682 -0.79785019
v -0.16605404 1.59709787 -0.79818832
v -0.17855426 1.47234833 -0.79305785
v -0.17856986 1.59714627 -0.7932406
v -0.27751591 1.47286105 -0.67803615
v -0.27924168 1.59750556 -0.67634111
v -0.36498305 1.47304618 -0.6040613
v -0.37248683 1.59729194 -0.59884214
v -0.4110516 1.4734534 -0.53117102
v -0.36303854 1.34861278 -0.60540872
v -0.4090543 1.3489654 -0.53384929
v -0.478363 1.34936547 -0.47147759
v -0.40936619 1.22455334 -0.53341227
v -0.47889724 1.22490954 -0.47125443
v -0.57328295 1.22530186 -0.42806682
v -0.57398402 1.34967792 -0.42823833
v -0.68090486 1.22550535 -0.44634029
v -0.68124318 1.34969794 -0.44657209
v -0.68649351 1.22552943 -0.43415817
v -0.68680161 1.34972989 -0.43435704
v -0.67550534 1.22575545 -0.28296318
v -0.67561107 1.34998738 -0.28373214
v -0.68473351 1.2257899 -0.17180647
v -0.68479657 1.34999167 -0.17138066
v -0.66665393 1.22576212 -0.08775688
v -0.66673898 1.35006499 -0.08826473
v -0.67181378 1.22575163 0.00534484
v -0.67160749 1.35018765 0.00482396
v -0.70800006 1.22574734 0.10262146
v -0.70863658 1.35020089 0.10301502
v -0.79708439 1.22554969 0.16586251
v -0.79748797 1.34992981 0.16593758
v -0.79241973 1.22553181 0.17842869
v -0.79277867 1.34993028 0.1785063
v -0.68076461 1.22538745 0.27404323
v -0.68010962 1.34985506 0.27521914
v -0.60835319 1.22500348 0.35879707
v -0.60727852 1.34958684 0.36032363
v -0.54069399 1.22489941 0.4062204
v -0.53723257 1.3496145 0.40698006
v -0.4727464 1.22521483 0.47274684
v -0.47195413 1.34993815 0.47549021
v -0.42805954 1.22551095 0.57053744
v -0.42823296 1.35010552 0.57223224
v -0.44634139 1.22554445 0.68090754
v -0.44657185 1.34992051 0.68124353
v -0.43415683 1.22555208 0.68649244
v -0.43435576 1.34993243 0.68680328
v -0.28295546 1.22569596 0.67550653
v -0.28371009 1.35003721 0.6756097
v -0.17179714 1.22570049 0.6847347
v -0.17132487 1.34994292 0.68480628
v -0.08772394 1.22567141 0.66664588
v -0.08812285 1.34995043 0.66670805
v 0.00534265 1.22565794 0.67181044
v 0.00501904 1.35000979 0.67175531
v 0.10265936 1.2256453 0.70803803
v 0.10314159 1.34994781 0.70876163
v 0.16586269 1.22541379 0.79708528
v 0.165938 1.34958124 0.79748678
v 0.17842873 1.22538626 0.79241949
v 0.17850619 1.34956693 0.79277956
v 0.27710789 1.22512424 0.67822974
v 0.27695539 1.34933888 0.67850738
v 0.36290383 1.22467148 0.60552042
v 0.36281147 1.34894812 0.60556495
v 0.40896016 1.22428214 0.53403878
v 0.40870931 1.34869527 0.53437733
v 0.47732028 1.22388124 0.4714747
v 0.47725418 1.34848403 0.4716303
v 0.57185518 1.22345602 0.42806127
v 0.57304936 1.34812772 0.42823106
v 0.68089765 1.22279739 0.44633549
v 0.6812399 1.34747314 0.44656953
v 0.68648529 1.22272419 0.43415182
v 0.68679708 1.34742748 0.43435284
v 0.67507219 1.22199547 0.28794065
v 0.67543536 1.34689915 0.28668171
v 0.68383455 1.22122252 0.17669625
v 0.68415576 1.34630203 0.17481254
v 0.66934675 1.22077667 0.09620528
v 0.66806709 1.34601998 0.09342126
v 0.66781634 1.22061407 0.00155515
v 0.66927284 1.34595441 -0.00111479
v 0.70515412 1.22046124 -0.09979973
v 0.70672941 1.3457942 -0.10113507
v 0.79706859 1.22009444 -0.16585958
v 0.79747337 1.34533774 -0.16593539
v 0.79240286 1.22005963 -0.17842368
v 0.7927668 1.34532141 -0.178504
v 0.68067097 1.21980726 -0.27417954
v 0.68004363 1.34512829 -0.27531436
v 0.60824859 1.21936631 -0.35892903
v 0.60719519 1.34480691 -0.36044514
v 0.54020816 1.2192552 -0.40648782
v 0.53662306 1.34484601 -0.40738508
v 0.47231277 1.21959257 -0.4739525
v 0.47168543 1.34519839 -0.47682115
v 0.42805704 1.2199428 -0.57205277
v 0.42823013 1.34542465 -0.574108
v 0.44632947 1.22008061 -0.68089056
v 0.4465641 1.34536588 -0.68123269
v 0.43414837 1.22010278 -0.68647933
v 0.43435105 1.34539556 -0.68679291
v 0.28808751 1.22045898 -0.67503923
v 0.28729471 1.34571421 -0.67530071
v 0.17687471 1.22056198 -0.68379855
v 0.1758725 1.34580683 -0.68396896
v 0.09504919 1.22088146 -0.66959106
v 0.09298845 1.34614801 -0.66798567
v -0.00086788 1.22160697 -0.66897386
v -0.00269032 1.3468157 -0.67002624
v -0.10159717 1.22236466 -0.70696246
v -0.10220091 1.34736466 -0.70780599
v -0.16586133 1.22289824 -0.79707574
v -0.16593615 1.34758663 -0.79748135
v -0.17842748 1.22296345 -0.79241138
v -0.17850548 1.34764766 -0.79277396
v -0.27759259 1.22370457 -0.67772197
v -0.27710211 1.34827852 -0.67835521
v -0.36271944 1.22419428 -0.60563772
v -0.27814072 1.09928453 -0.67703157
v -0.36556798 1.10004198 -0.60368102
v -0.41210997 1.10041403 -0.52921497
v -0.37393873 0.97605401 -0.59758448
v -0.41640439 0.97644799 -0.52258992
v -0.48844471 0.9767059 -0.47006887
v -0.48263332 1.1006881 -0.47075876
v -0.57670587 0.9771583 -0.42805594
v -0.5744028 1.10109686 -0.42803111
v -0.68010115 0.97753715 -0.44580918
v -0.68053215 1.10142135 -0.44609233
v -0.68563514 0.97756433 -0.43364846
v -0.68610471 1.10144507 -0.43392452
v -0.67524075 0.97783291 -0.27723613
v -0.67541176 1.10174751 -0.2821415
v -0.68694382 0.97804254 -0.15834425
v -0.68534112 1.10185289 -0.16850817
v -0.66398203 0.97773081 -0.07514254
v -0.6656304 1.10169959 -0.08287162
v -0.67765671 0.97732853 0.012844
v -0.67408156 1.10146772 0.00830693
v -0.71029222 0.97709298 0.10493125
v -0.70872592 1.10134685 0.10339822
v -0.79613643 0.97677034 0.16567093
v -0.79664349 1.10114884 0.16577392
v -0.79144918 0.97671532 0.17818097
v -0.79197657 1.10111463 0.17831854
v -0.68167704 0.97621828 0.27221983
v -0.68121635 1.10083389 0.27315333
v -0.61115449 0.97558784 0.3547832
v -0.60984587 1.10034751 0.35669177
v -0.54488182 0.97534233 0.40527141
v -0.54301577 1.10018932 0.40597185
v -0.47309625 0.97550308 0.47227644
v -0.47302055 1.10043072 0.47204262
v -0.42812988 0.97604191 0.56938111
v -0.42802637 1.10083961 0.56971949
v -0.4458056 0.97654527 0.6800971
v -0.44609025 1.10106623 0.68053084
v -0.43364661 0.97659856 0.68563312
v -0.43392238 1.10108757 0.68610221
v -0.27723902 0.97723126 0.67524164
v -0.2821457 1.10146641 0.67541194
v -0.15842568 0.9777711 0.68693357
v -0.16855193 1.10167491 0.68533307
v -0.07564949 0.97774249 0.66408711
v -0.08303659 1.10164213 0.66566497
v 0.01232258 0.97759312 0.67726773
v 0.00811145 1.101529 0.67393446
v 0.10470579 0.97757005 0.71010625
v 0.10335253 1.10149025 0.70868057
v 0.16567127 0.97746247 0.79613876
v 0.16577506 1.10134232 0.79664337
v 0.17818236 0.97743374 0.79145348
v 0.17831848 1.10131144 0.79197859
v 0.28138449 0.97706461 0.67355173
v 0.27795016 1.10102736 0.67723101
v 0.37362033 0.97672897 0.59783089
v 0.36520016 1.10065782 0.60394042
v 0.41589179 0.97600168 0.52336484
v 0.41161456 1.10010314 0.52997714
v 0.48645058 0.9751684 0.47035956
v 0.48075756 1.09946584 0.47102585
v 0.57528996 0.97442108 0.42808982
v 0.57278931 1.0988599 0.4280284
v 0.68008697 0.97354292 0.44579935
v 0.68052172 1.09811592 0.44608482
v 0.68561947 0.97341668 0.43363905
v 0.68608939 1.09801912 0.43391707
v 0.67463809 0.9721083 0.28891286
v 0.67484557 1.0970726 0.28850707
v 0.68318414 0.97082388 0.18048219
v 0.68354958 1.09604919 0.1784991
v 0.67163771 0.96995812 0.09843011
v 0.67067551 1.09540867 0.09737151
v 0.66795885 0.96947932 0.00170277
v 0.66764479 1.09514355 0.00200627
v 0.70468473 0.9692983 -0.0991861
v 0.70457768 1.09497785 -0.09925763
v 0.79610216 0.96901035 -0.16566208
v 0.7966178 1.09462904 -0.16576945
v 0.79141587 0.96897023 -0.17817184
v 0.79195058 1.09458661 -0.17831204
v 0.68150579 0.96861201 -0.27247235
v 0.6810739 1.09428131 -0.2733652
v 0.61124169 0.96804416 -0.35464829
v 0.60976737 1.09377396 -0.35678273
v 0.5437957 0.96781694 -0.40580454
v 0.5425257 1.09359967 -0.40621089
v 0.47262284 0.96796286 -0.47363025
v 0.47257086 1.09383797 -0.47332972
v 0.42805862 0.96846318 -0.57077837
v 0.4280276 1.09428226 -0.57128822
v 0.44578668 0.96892392 -0.68006968
v 0.44607576 1.09456718 -0.68050968
v 0.43362712 0.96896624 -0.6856023
v 0.43390673 1.09459543 -0.68607848
v 0.28946891 0.96947866 -0.6745134
v 0.28871697 1.09503066 -0.67479801
v 0.18107038 0.96968227 -0.68305993
v 0.17893192 1.09518647 -0.68345683
v 0.09718573 0.97009164 -0.67134028
v 0.09635241 1.0955559 -0.67084413
v -0.00102551 0.97092896 -0.66924613
v -0.0006008 1.09631276 -0.66888022
v -0.1009787 0.97219508 -0.7063443
v -0.10130234 1.09730613 -0.70662522
v -0.16566704 0.97338903 -0.79612225
v -0.16577273 1.09813416 -0.79663103
v -0.17817798 0.97351479 -0.79143542
v -0.17831569 1.09822166 -0.79196578
v -0.28153064 0.97491711 -0.67339819
v -0.17801813 0.84902638 -0.79083252
v -0.2847175 0.85092037 -0.66997051
v -0.38994982 0.85234755 -0.58473616
v -0.2839809 0.72738641 -0.6705569
v -0.38993993 0.72898125 -0.58482039
v -0.42413121 0.72941285 -0.51117366
v -0.42180407 0.85265439 -0.51449227
v -0.49566432 0.72989177 -0.46981883
v -0.4927169 0.85307014 -0.46988114
v -0.58068072 0.73042762 -0.42814806
v -0.57900112 0.85358166 -0.42810642
v -0.67907941 0.73076391 -0.44513797
v -0.67961412 0.85395568 -0.44548961
v -0.68451613 0.73079049 -0.43299397
v -0.68510031 0.85398244 -0.4333364
v -0.67496526 0.7310456 -0.27344769
v -0.67507064 0.85426366 -0.27247756
v -0.68925952 0.7309165 -0.13779799
v -0.68920701 0.85426968 -0.13773366
v -0.66131782 0.73045516 -0.06134461
v -0.66203689 0.85382324 -0.0654202
v -0.68184006 0.72999155 0.01724507
v -0.68025541 0.85345202 0.01566796
v -0.7126227 0.72945535 0.10713347
v -0.71173107 0.85308748 0.10629662
v -0.79492962 0.72860729 0.16542115
v -0.79556208 0.85252738 0.16555097
v -0.79018729 0.72848177 0.17784977
v -0.79084783 0.85243994 0.17802248
v -0.68272942 0.72703349 0.27004173
v -0.68223393 0.85157209 0.27109873
v -0.61247307 0.72557538 0.3528833
v -0.61212462 0.85063535 0.35337242
v -0.54496967 0.72472584 0.40538013
v -0.54524129 0.85016083 0.40503239
v -0.47360923 0.72520989 0.47213339
v -0.47327837 0.85038775 0.47238943
v -0.42787277 0.72673767 0.56858098
v -0.42813244 0.85129135 0.56891441
v -0.44512927 0.72819685 0.67906785
v -0.44548443 0.85217225 0.67960768
v -0.43298649 0.72833561 0.68450385
v -0.4333336 0.85226464 0.68509626
v -0.27344724 0.72975206 0.67496335
v -0.27247193 0.85329884 0.67506974
v -0.13779923 0.73060774 0.68925905
v -0.13773395 0.85397905 0.68920695
v -0.06192545 0.73064649 0.66143637
v -0.06602373 0.85393631 0.66216236
v 0.01706362 0.73072546 0.68168503
v 0.01532361 0.85396957 0.67996394
v 0.10740041 0.73085171 0.71257478
v 0.10615989 0.85401612 0.71161103
v 0.1654234 0.73073339 0.79494184
v 0.16555282 0.85389888 0.79556876
v 0.17785169 0.73070383 0.7901982
v 0.17802405 0.85386872 0.7908523
v 0.28390514 0.73029738 0.67063695
v 0.28465917 0.85347205 0.67003375
v 0.38994219 0.72955113 0.58481949
v 0.38994932 0.85284078 0.58473604
v 0.42389628 0.72863841 0.51153212
v 0.42148727 0.85199505 0.51497519
v 0.49432224 0.72769361 0.46994328
v 0.49093386 0.85116845 0.47003817
v 0.58085304 0.7267028 0.42812374
v 0.57848811 0.85036504 0.42795234
v 0.67905432 0.72538816 0.44511979
v 0.679596 0.84922564 0.44547739
v 0.68448865 0.72517573 0.43297892
v 0.68507921 0.84905725 0.43332505
v 0.67399156 0.72277963 0.29051867
v 0.67434924 0.84728431 0.28959637
v 0.68280369 0.72038912 0.18253645
v 0.68295592 0.84552633 0.18167452
v 0.67166537 0.71862697 0.0984037
v 0.67198604 0.84428805 0.09889771
v 0.66834133 0.71802192 0.00192638
v 0.66828054 0.84367042 0.00151947
v 0.70440715 0.71841591 -0.0992503
v 0.70465534 0.84364193 -0.09919228
v 0.7948758 0.71863633 -0.16541042
v 0.79552334 0.84349227 -0.16554285
v 0.7901318 0.71859884 -0.17783549
v 0.79080098 0.84345436 -0.17801031
v 0.68252831 0.71772968 -0.27033594
v 0.68204104 0.84294581 -0.27138066
v 0.61219441 0.71655839 -0.35329443
v 0.61213702 0.84220445 -0.35335516
v 0.54335874 0.71581828 -0.40617865
v 0.54393762 0.84181571 -0.40563014
v 0.4732252 0.71626913 -0.4732334
v 0.4728111 0.84200477 -0.47373089
v 0.42818436 0.71752828 -0.56944817
v 0.42812454 0.842727 -0.5702176
v 0.44509771 0.71848404 -0.67902308
v 0.44546148 0.84338361 -0.67957365
v 0.43295979 0.71855127 -0.68445622
v 0.43330711 0.8434391 -0.68505406
v 0.29170805 0.71880656 -0.67372298
v 0.29040828 0.84392511 -0.67416542
v 0.18228384 0.71858423 -0.68285083
v 0.18211093 0.84404617 -0.68286925
v 0.09640012 0.71875912 -0.67104697
v 0.09729483 0.84441143 -0.67145621
v -0.00040334 0.72029101 -0.66942536
v -0.00116396 0.84548556 -0.66954028
v -0.10002227 0.72269976 -0.70556163
v -0.10055572 0.84720093 -0.7060104
v -0.16541621 0.72486645 -0.7949087
v -0.16554746 0.84885424 -0.79554522
v -0.17784492 0.72508978 -0.79016786
v -0.16528318 0.60183262 -0.79424029
v -0.17766968 0.60208314 -0.78949028
v -0.28325405 0.60452121 -0.67112231
v -0.17751057 0.48021164 -0.78886848
v -0.28067752 0.48244932 -0.67355275
v -0.38992476 0.48402229 -0.58498704
v -0.38993009 0.6061871 -0.58490532
v -0.42603603 0.48451057 -0.50908762
v -0.42588695 0.60669201 -0.50906312
v -0.50057876 0.4849717 -0.46747058
v -0.49793344 0.60720807 -0.4697996
v -0.57944458 0.48544329 -0.42819893
v -0.58145976 0.60771358 -0.42816492
v -0.67798048 0.48570999 -0.44440093
v -0.67851227 0.60801696 -0.44475784
v -0.6833567 0.48573046 -0.43231034
v -0.68391466 0.60804146 -0.43264049
v -0.67474657 0.48585787 -0.27785506
v -0.67485606 0.60822564 -0.27513709
v -0.68936765 0.48560088 -0.13792964
v -0.68931311 0.60800135 -0.13786621
v -0.66122639 0.48510879 -0.05830541
v -0.66110521 0.60753321 -0.05873547
v -0.68297451 0.48456648 0.01806441
v -0.68277782 0.60701638 0.01807853
v -0.71340727 0.48389801 0.10809859
v -0.71303749 0.60636431 0.10752724
v -0.79363131 0.48284715 0.16516359
v -0.79425835 0.60531354 0.16528658
v -0.78888046 0.48267978 0.17751374
v -0.78950667 0.60515618 0.17767328
v -0.68277961 0.48063311 0.26939803
v -0.68298947 0.60316264 0.26934403
v -0.61126732 0.47851172 0.35471788
v -0.61186635 0.60110294 0.3538061
v -0.54481983 0.4759747 0.40558004
v -0.54457765 0.59891438 0.40561866
v -0.47479674 0.47840154 0.4699707
v -0.47420114 0.6008594 0.47109702
v -0.42797851 0.48095372 0.56829339
v -0.42822408 0.60312199 0.5684601
v -0.44439372 0.48274892 0.67796969
v -0.44475007 0.60498368 0.67850077
v -0.43230173 0.48290997 0.68334388
v -0.43263128 0.60515224 0.68389946
v -0.27786904 0.4844172 0.67474484
v -0.2751421 0.6067453 0.6748535
v -0.13792917 0.48535093 0.68936699
v -0.13786606 0.60770398 0.68931245
v -0.05838004 0.48549425 0.66122585
v -0.05919146 0.60782963 0.66111284
v 0.0187155 0.48563876 0.68351376
v 0.0182929 0.60796952 0.68295532
v 0.10858403 0.48582434 0.71396088
v 0.10787124 0.6081013 0.71335053
v 0.16516645 0.48573583 0.79364371
v 0.16528946 0.60801625 0.7942723
v 0.17751756 0.4857099 0.78889596
v 0.17767812 0.60798871 0.78952235
v 0.28063851 0.48529061 0.67359638
v 0.28263759 0.60755705 0.67175132
v 0.38992428 0.4845128 0.58498501
v 0.38993084 0.60675925 0.58490479
v 0.4259302 0.48366847 0.50920051
v 0.42566183 0.60584813 0.50929778
v 0.50061118 0.4827184 0.46740275
v 0.49731582 0.6048789 0.46985867
v 0.58004963 0.4816125 0.42812794
v 0.58198875 0.60373437 0.42814779
v 0.67795807 0.48015272 0.44438552
v 0.67848646 0.60228705 0.44474023
v 0.68333292 0.47991552 0.43229666
v 0.68388503 0.60204809 0.43262288
v 0.67350518 0.47705107 0.29132288
v 0.67375153 0.59908694 0.29088771
v 0.683137 0.47406369 0.18097806
v 0.68295741 0.5961824 0.18182542
v 0.67189323 0.47008055 0.0979873
v 0.67172455 0.59312242 0.09783829
v 0.66750484 0.47181296 0.0046106
v 0.66803973 0.59372109 0.0030514
v 0.70289379 0.47290575 -0.09733379
v 0.70425212 0.59463322 -0.0984914
v 0.79358381 0.47322678 -0.16515432
v 0.79420363 0.59505474 -0.16527597
v 0.78883492 0.47317531 -0.17750148
v 0.78945362 0.59501195 -0.17765943
v 0.68234545 0.47179666 -0.27006101
v 0.68281155 0.59378057 -0.2696022
v 0.61097592 0.46995672 -0.35514831
v 0.61144161 0.59200358 -0.35443231
v 0.54373675 0.46703621 -0.40613493
v 0.54306399 0.58996552 -0.4064027
v 0.47460812 0.46995502 -0.47051668
v 0.47391164 0.59170472 -0.47192564
v 0.42793494 0.47195515 -0.5681765
v 0.42825305 0.59361428 -0.56868231
v 0.44436332 0.47309631 -0.67792636
v 0.44471794 0.59487062 -0.67845386
v 0.43227797 0.47314381 -0.68330365
v 0.43260371 0.59493863 -0.68385249
v 0.29129552 0.47281971 -0.67350542
v 0.29222622 0.59484767 -0.67345023
v 0.18045406 0.47201547 -0.68323624
v 0.18123532 0.59414798 -0.68306922
v 0.09724921 0.47059658 -0.67166751
v 0.09608151 0.59346747 -0.67122018
v 0.00252705 0.47432583 -0.66846638
v 0.00093016 0.59621888 -0.66902053
v -0.09931406 0.47754368 -0.70454496
v -0.09948214 0.59927451 -0.70511221
v -0.16516086 0.47997936 -0.79361712
v -0.09907259 0.35721159 -0.70447433
v -0.16506756 0.35926973 -0.79313266
v -0.1773862 0.35944157 -0.7883861
v -0.16502554 0.23918394 -0.7929117
v -0.17732235 0.2392959 -0.78814852
v -0.27692252 0.24048276 -0.67709565
v -0.27799642 0.36116489 -0.67612153
v -0.38992956 0.24149005 -0.58509707
v -0.38992127 0.3624987 -0.5850535
v -0.4261522 0.2417733 -0.50929278
v -0.42621913 0.36288079 -0.50906026
v -0.50087773 0.24204252 -0.46691891
v -0.50079608 0.36322826 -0.46697506
v -0.580262 0.24217167 -0.42821025
v -0.57977759 0.36359071 -0.42814448
v -0.67736613 0.24222815 -0.4439848
v -0.67756158 0.36382821 -0.44411754
v -0.68269062 0.24224229 -0.43192029
v -0.68291425 0.36384105 -0.43204847
v -0.67459422 0.24234159 -0.28294435
v -0.67466288 0.3639068 -0.28148222
v -0.68945014 0.24229444 -0.1380047
v -0.68941324 0.36373302 -0.13797816
v -0.66146916 0.24200838 -0.05938827
v -0.66134387 0.3632501 -0.0586759
v -0.683308 0.24157249 0.01802898
v -0.68311411 0.36269521 0.01801237
v -0.71465545 0.24101187 0.10908908
v -0.7139464 0.36209976 0.10856923
v -0.79291135 0.2404024 0.16502469
v -0.79314303 0.36129081 0.16506797
v -0.7881506 0.24030119 0.17732133
v -0.788392 0.36114066 0.17738732
v -0.68099641 0.23917964 0.2718434
v -0.68161445 0.35940221 0.27102822
v -0.61214482 0.23838953 0.35347434
v -0.61155617 0.35784667 0.35429859
v -0.5472306 0.23699985 0.40371176
v -0.54587161 0.35517087 0.40498566
v -0.47579258 0.23959291 0.46815174
v -0.47530347 0.35705152 0.46903801
v -0.42831563 0.2400103 0.56801849
v -0.42808148 0.35993391 0.56805181
v -0.44398421 0.24071201 0.67736351
v -0.44411358 0.36147433 0.67755568
v -0.43192112 0.24078592 0.68269115
v -0.43204483 0.36159139 0.68290627
v -0.28295484 0.24158178 0.67459303
v -0.28150016 0.36274573 0.67466306
v -0.13800434 0.24222141 0.68944758
v -0.1379787 0.36356982 0.68941175
v -0.05883023 0.2423304 0.66145962
v -0.05839721 0.36365303 0.66134041
v 0.01915507 0.24233327 0.68423676
v 0.01895321 0.36371025 0.68389642
v 0.10972642 0.2423 0.7152822
v 0.10918601 0.36385095 0.7145605
v 0.16502544 0.24228686 0.79291439
v 0.16506926 0.36387974 0.79314965
v 0.17732249 0.24227182 0.78815066
v 0.17738904 0.36385339 0.78839922
v 0.27693656 0.24205906 0.67708325
v 0.27801549 0.36347153 0.67610096
v 0.38993024 0.24171163 0.58509802
v 0.38992309 0.36285811 0.58505404
v 0.42631411 0.24120625 0.50912529
v 0.42626071 0.36212715 0.50901693
v 0.50108707 0.24063906 0.46651417
v 0.50096321 0.36128795 0.46665498
v 0.58035475 0.23983612 0.42821168
v 0.58008426 0.36031609 0.42814558
v 0.67736202 0.2388557 0.44398257
v 0.67755115 0.35909879 0.444112
v 0.68268936 0.23872128 0.43191948
v 0.68290221 0.35889664 0.43204194
v 0.67379492 0.23718079 0.2891466
v 0.67375516 0.35652667 0.2897154
v 0.68281161 0.23597513 0.18283368
v 0.68295359 0.35429832 0.18195928
v 0.6723749 0.23441517 0.10141774
v 0.67235243 0.3507314 0.09961392
v 0.66676366 0.2356967 0.00694865
v 0.66701531 0.35154852 0.00604341
v 0.70235323 0.2352242 -0.09656883
v 0.70239394 0.35318911 -0.09680476
v 0.79290908 0.23488092 -0.16502399
v 0.79312151 0.35338732 -0.16506545
v 0.78814768 0.23483492 -0.17732051
v 0.78836667 0.35332959 -0.17738083
v 0.68086141 0.2340729 -0.27204537
v 0.68126952 0.35216164 -0.2715649
v 0.61198908 0.23348037 -0.35371017
v 0.61121285 0.35084614 -0.35480827
v 0.54694318 0.23267953 -0.40380552
v 0.54551649 0.34831243 -0.40515092
v 0.47576126 0.23460988 -0.46825522
v 0.47529092 0.35003477 -0.46910902
v 0.42832639 0.23463104 -0.56805467
v 0.42809379 0.35242837 -0.56804198
v 0.4439823 0.23487798 -0.6773628
v 0.44410413 0.35335078 -0.67754042
v 0.43191891 0.23487971 -0.68268823
v 0.43203395 0.35336458 -0.68289011
v 0.2889103 0.23465065 -0.67384463
v 0.28944709 0.35299667 -0.6738131
v 0.18252053 0.23453946 -0.68287342
v 0.1813274 0.3524551 -0.68307513
v 0.1010916 0.23394815 -0.67223918
v 0.09918527 0.35080483 -0.67219936
v 0.00513082 0.23725797 -0.66759747
v 0.00397026 0.35368853 -0.6679691
v -0.0988653 0.23812872 -0.70459783
v 0.0055104 0.1199145 -0.66760474
v -0.09866754 0.11914779 -0.70467001
v -0.16504576 0.11931771 -0.79300808
v -0.10009293 -0 -0.70566839
v -0.16513642 -0 -0.79348301
v -0.17742021 -0 -0.7886371
v -0.17732924 0.11939962 -0.78821522
v -0.27667477 -0 -0.67924612
v -0.27615261 0.12008093 -0.6776793
v -0.38998603 -0 -0.58510279
v -0.38995 0.12068476 -0.58511567
v -0.42744699 -0 -0.50833505
v -0.42607298 0.12092769 -0.50954681
v -0.50031745 -0 -0.46654593
v -0.50113385 0.12113234 -0.46689358
v -0.58488404 -0 -0.42824214
v -0.58058458 0.1210471 -0.4283694
v -0.67784738 -0 -0.4443086
v -0.677441 0.12081626 -0.44403362
v -0.68310409 -0 -0.4321962
v -0.68273901 0.12085454 -0.43195992
v -0.67593669 -0 -0.2846626
v -0.67446214 0.12100656 -0.28391608
v -0.68949246 -0 -0.13796837
v -0.68947535 0.12108483 -0.13800276
v -0.66211283 -0 -0.05888908
v -0.66167432 0.12108057 -0.06078871
v -0.68515831 -0 0.02156647
v -0.68345719 0.1209197 0.01798594
v -0.71617895 -0 0.1105538
v -0.71496802 0.12040884 0.10919574
v -0.79348725 -0 0.16513663
v -0.79300397 0.11987815 0.16504472
v -0.78863602 -0 0.17741878
v -0.78821474 0.11986294 0.17732845
v -0.68180513 -0 0.27220788
v -0.68098324 0.11948574 0.27168896
v -0.6132844 -0 0.35158518
v -0.61270332 0.11935161 0.35268619
v -0.54874432 -0 0.40232712
v -0.54832756 0.11938566 0.40281119
v -0.47466006 -0 0.47227546
v -0.47602117 0.12110821 0.4680137
v -0.42820596 -0 0.56963622
v -0.42850896 0.12011001 0.56792593
v -0.44430756 -0 0.6778444
v -0.4440352 0.12009657 0.67744237
v -0.43219503 -0 0.68310362
v -0.43196049 0.12015979 0.6827414
v -0.28466239 -0 0.67593818
v -0.28391912 0.12064278 0.67446148
v -0.13796734 -0 0.68949252
v -0.13800211 0.12105584 0.68947547
v -0.05826379 -0 0.66209429
v -0.05927577 0.12125758 0.66158753
v 0.02226333 -0 0.6847133
v 0.01970872 0.12129822 0.68488007
v 0.11097857 -0 0.71660429
v 0.10982107 0.12107298 0.71557986
v 0.16513679 -0 0.79348158
v 0.16504283 0.12084317 0.79300105
v 0.17742091 -0 0.78863567
v 0.17732924 0.12086766 0.78821277
v 0.27666991 -0 0.67925047
v 0.27615654 0.12086563 0.67767673
v 0.38998705 -0 0.58510142
v 0.38994923 0.12079031 0.58511418
v 0.42761763 -0 0.50815749
v 0.42629912 0.12062685 0.50931316
v 0.50039309 -0 0.46620622
v 0.50132787 0.12040499 0.46653926
v 0.5849154 -0 0.42824208
v 0.58059614 0.11985085 0.42837035
v 0.67784565 -0 0.44430711
v 0.67744356 0.11909133 0.44403415
v 0.68310535 -0 0.43219727
v 0.68274116 0.11905781 0.43196219
v 0.6746031 -0 0.2895801
v 0.6736539 0.11846928 0.28934943
v 0.68224281 -0 0.18514746
v 0.68264097 0.11811105 0.18382678
v 0.67265969 -0 0.10389161
v 0.67259818 0.11788813 0.10302964
v 0.66940236 -0 0.0020833
v 0.66680413 0.11903708 0.00725355
v 0.703745 -0 -0.0970754
v 0.7020421 0.11759657 -0.09573892
v 0.79348158 -0 -0.16513475
v 0.79300987 0.11708468 -0.16504514
v 0.78863698 -0 -0.17741899
v 0.78821879 0.11708933 -0.17732976
v 0.68173801 -0 -0.27233427
v 0.68090182 0.11685912 -0.27181172
v 0.61318993 -0 -0.35173487
v 0.61260479 0.11678042 -0.35283768
v 0.54861533 -0 -0.40238097
v 0.54816788 0.11688096 -0.40286526
v 0.47463947 -0 -0.47233331
v 0.47600999 0.11835332 -0.46805736
v 0.42820614 -0 -0.56970173
v 0.42851001 0.11729145 -0.5679844
v 0.44430872 -0 -0.67784798
v 0.44403889 0.11707942 -0.67744988
v 0.43219497 -0 -0.6831035
v 0.43196219 0.1171088 -0.68274462
v 0.28940197 -0 -0.67465722
v 0.28916797 0.11714596 -0.67369198
v 0.1847672 -0 -0.68233048
v 0.18357147 0.11734224 -0.68269324
v 0.10328693 -0 -0.67240631
v 0.10262282 0.11780873 -0.67243427
v 0.00154564 -0 -0.66964936
v 0.4621621 5.00979471 0.7310189
v 0.54973131 5.02205371 0.69357204
v -0.76359075 5.02811098 0.51306325
v -0.69729793 5.02822923 0.59921139
v -0.90918207 5.02741432 -0.14221584
v -0.91899889 5.02943277 -0.06307467
v 0.75492155 5.02750825 -0.5284245
v 0.70115214 5.02915144 -0.59461611
v 0.10639105 5.02808666 -0.90951252
v 0.02093672 5.03016471 -0.92182582
v -0.58022296 -4.9898405 -0.63555622
v -0.04984044 -4.98619747 0.87490814
v 0.86756748 -4.98924017 0.07810511
v -0.15198932 -4.7339611 -0.99768644
v -0.14999036 -4.88765144 -0.99319773
v -0.81710511 -4.71099185 -0.59252369
v -0.78917533 -4.85554122 -0.61908751
v -0.99832505 -4.74699497 0.14671567
v -0.97740835 -4.86397028 0.19438667
v -0.60394591 -4.75132274 0.80352312
v -0.60637235 -4.90395736 0.80121368
v 0.14637675 -4.73012208 0.99725943
v 0.14130765 -4.86439752 0.99338084
v 0.81617593 -4.72824335 0.59816432
v 0.80611014 -4.87150859 0.59791684
v 0.9940558 -4.73140192 -0.15993915
v 0.98356437 -4.87756061 -0.17660096
v 0.59591388 -4.73248481 -0.81407797
v 0.58164775 -4.87244844 -0.80958479
v -0.02533187 -4.99304771 -0.29300311
v -0.291606 -4.99306058 0.03324057
v 0.03292243 -4.99308872 0.2953253
v 0.2957879 -4.99306869 -0.02512162
v -0.52787566 -4.98358821 -0.67631244
v -0.51840221 -4.98110151 -0.79678607
v -0.61901652 -4.98118448 -0.69318962
v -0.6879825 -4.98839187 -0.57604551
v -0.59533327 -5.00268364 -0.53939056
v -0.45857948 -4.99477434 -0.63206106
v -0.20091617 -4.98219823 0.84431499
v -0.20679621 -4.98126459 0.93511343
v -0.04350729 -4.97832059 0.94871002
v 0.12247185 -4.99337101 0.8652873
v 0.11721102 -5.00723266 0.79115277
v -0.04462471 -5.00297355 0.79128325
v -0.18396896 -4.99688577 0.76509493
v 0.1335359 -4.98050499 0.94445192
v 0.83485877 -4.9734745 0.24183392
v 0.92306411 -4.97952032 0.25872352
v 0.94526118 -4.97887897 0.09482487
v 0.94830858 -4.98013067 -0.04376715
v 0.86600422 -4.99071598 -0.05259244
v 0.79340422 -5.00438833 -0.05104828
v 0.78516417 -4.998281 0.07762646
v -0.09111216 -4.75692415 -0.99017524
v -0.08305599 -4.69610357 -0.9983133
v -0.16740176 -4.70032596 -0.9932025
v -0.21057124 -4.75395155 -0.98814296
v -0.23665738 -4.69513464 -0.98282271
v -0.14029577 -4.95715904 -0.97558528
v 0.02340306 -4.95901107 -0.97488623
v 0.02626926 -4.91784858 -0.98709732
v 0.03236152 -4.74717092 -0.99549627
v -0.37175807 -4.75256252 -0.94207513
v -0.35260203 -4.88185215 -0.93098413
v -0.3401604 -4.94903612 -0.92541891
v -0.78605449 -4.72541761 -0.62787717
v -0.75654709 -4.67553901 -0.6050592
v -0.80223017 -4.67799234 -0.56721615
v -0.82443767 -4.6675601 -0.50394743
v -0.85252118 -4.71751689 -0.55200868
v -0.81879508 -4.7942996 -0.57123869
v -0.89953124 -4.77672338 -0.45755454
v -0.87907123 -4.8718543 -0.46628329
v -0.86558938 -4.94497728 -0.47527459
v -0.76571649 -4.94910812 -0.6231442
v -0.73913091 -4.72120857 -0.68490952
v -0.98811978 -4.76634454 0.04489444
v -1.00003004 -4.69771146 0.04577029
v -0.99466103 -4.69900512 0.14969824
v -0.98432737 -4.69341802 0.20709314
v -0.99282699 -4.73232936 0.19817741
v -0.97971963 -4.75375127 0.2655439
v -0.96294444 -4.95523166 0.19467727
v -0.97352331 -4.96566963 0.05322674
v -0.99223339 -4.91287231 0.0509745
v -0.67725205 -4.75938129 0.72665649
v -0.67457807 -4.6967659 0.73631727
v -0.604972 -4.69923019 0.80074489
v -0.55195307 -4.69410038 0.8434174
v -0.56698161 -4.73028707 0.84164851
v -0.52422833 -4.75027942 0.86848789
v -0.56569391 -4.95250845 0.81110262
v -0.66446274 -4.95815467 0.71610969
v -0.67641431 -4.91547536 0.72061055
v 0.07966231 -4.74686336 0.99888068
v 0.07038319 -4.69537353 0.99546879
v 0.16099037 -4.69517564 0.98886597
v 0.21061117 -4.74865627 0.98659801
v 0.23181468 -4.69168424 0.98069518
v 0.14247328 -4.94768285 0.97768539
v -0.0451814 -4.95613384 0.97471839
v -0.05266076 -4.90181684 0.97778773
v 0.37258639 -4.73500299 0.94357949
v 0.35109061 -4.84212493 0.92788678
v 0.34198328 -4.93934583 0.92381346
v 0.77110284 -4.74855756 0.63349276
v 0.76567488 -4.6972928 0.63728684
v 0.81918489 -4.69516515 0.58157038
v 0.84384608 -4.74735879 0.55598932
v 0.85521996 -4.68943262 0.52977842
v 0.92132234 -4.74005651 0.42899721
v 0.89783632 -4.85823011 0.43662735
v 0.89013928 -4.94095802 0.44077915
v 0.79963022 -4.94399118 0.59235578
v 0.699283 -4.9508214 0.68689328
v 0.69047975 -4.9002676 0.69502776
v 0.69698572 -4.73851347 0.71509146
v 0.99189984 -4.75001525 -0.10147264
v 0.99240613 -4.69492435 -0.09983138
v 0.99044883 -4.69651651 -0.16751308
v 0.98582756 -4.74938345 -0.2369965
v 0.97206503 -4.68738651 -0.26550319
v 0.99163615 -4.91257667 -0.00360496
v 0.99563229 -4.74397182 0.01187254
v 0.96986752 -4.95323371 -0.18860405
v 0.98156172 -4.95385551 -0.02615601
v 0.6300413 -4.7527914 -0.77661711
v 0.62989157 -4.69787645 -0.77879458
v 0.58073997 -4.69657564 -0.81841689
v 0.54664427 -4.75472307 -0.8461346
v 0.53063881 -4.69195795 -0.86170846
v 0.41344517 -4.74617672 -0.92590516
v 0.4133082 -4.86209487 -0.90143573
v 0.41557768 -4.94538354 -0.89173889
v 0.56979394 -4.95537996 -0.80001294
v 0.66997718 -4.96658611 -0.70557296
v 0.68616712 -4.91598987 -0.71015274
v 0.69824355 -4.75492048 -0.69873642
v -0.03502322 -4.99396228 -0.38355732
v -0.12061665 -4.99338007 -0.36220499
v -0.06918299 -4.99272108 -0.25823214
v -0.01495762 -4.99254322 -0.20985822
v 0.02536578 -4.99271535 -0.26751697
v 0.05393932 -4.99307823 -0.37848588
v -0.2656846 -4.99272728 -0.01628038
v -0.38024985 -4.99330329 -0.0345421
v -0.38059204 -4.99395132 0.05254533
v -0.35734811 -4.99314308 0.13652668
v -0.25732609 -4.99270963 0.075157
v -0.20818905 -4.99253463 0.02230262
v 0.05097038 -4.99405765 0.38880592
v 0.13370822 -4.99329853 0.36689785
v 0.07387661 -4.99272298 0.26075929
v 0.02139986 -4.99255371 0.21266716
v -0.01536286 -4.99274492 0.26914438
v -0.03165962 -4.99339199 0.38765385
v 0.26993909 -4.99273586 0.02141451
v 0.38616398 -4.99323415 0.04507957
v 0.38975495 -4.99402666 -0.03422239
v 0.37014117 -4.99358129 -0.11165501
v 0.26158917 -4.99274015 -0.06484269
v 0.21443478 -4.99256324 -0.01647453
v 0.7579987 -4.99117136 0.22014534
v 0.71184134 -5.0008068 0.37179243
v 0.79165113 -4.9796977 0.40391707
v 0.70739066 -4.99818468 0.07169744
v 0.67873668 -4.99581432 0.20247399
v 0.63417202 -5.00512123 0.33920168
v 0.55584746 -5.00617075 0.46270409
v 0.63263487 -5.00575923 0.50373858
v 0.58473199 -4.99442529 0.18033875
v 0.54302835 -4.99947834 0.29943192
v 0.47374737 -5.00075292 0.4058898
v 0.36333087 -4.99383306 0.49750849
v 0.43439358 -4.9957323 0.56660246
v 0.43815118 -4.99570322 0.25156939
v 0.37975522 -4.99613046 0.34065616
v 0.29008364 -4.99321889 0.41707676
v 0.18155391 -4.99371242 0.47207993
v 0.2287275 -4.99341535 0.57160866
v 0.28502512 -4.99384212 0.27260369
v 0.2127621 -4.99291992 0.32817643
v 0.18806466 -4.99276399 0.19507879
v 0.13112717 -4.99259662 0.23450374
v 0.11458843 -4.99237489 0.13199222
v 0.06726241 -4.99239254 0.17216223
v 0.05920663 -4.99216079 0.08579341
v 0.01651226 -4.99223804 0.13221748
v -0.02854713 -4.99244308 0.18446077
v -0.07199589 -4.99267005 0.25721117
v -0.03208135 -4.99217557 0.09702611
v -0.07908624 -4.99240255 0.15418791
v -0.13344237 -4.99276542 0.23263834
v -0.18819569 -4.99276781 0.19110466
v -0.25997793 -4.99383544 0.28673929
v -0.18664068 -4.99369812 0.33593145
v -0.10739968 -4.99297618 0.36738827
v -0.12651781 -4.99236965 0.11619668
v -0.07855813 -4.99214792 0.05881304
v -0.12375907 -4.99221611 0.01683636
v -0.16693639 -4.99238109 0.06885672
v -0.22912025 -4.99259853 0.13353055
v -0.31801676 -4.99297237 0.21617193
v -0.45528331 -4.99326467 0.18807786
v -0.39878761 -4.99353027 0.29527267
v -0.32238122 -4.99602079 0.38222003
v -0.47222203 -4.99405193 0.36794266
v -0.37943235 -5.000391 0.47545385
v -0.2718878 -4.99656438 0.54480904
v -0.23219414 -4.99479913 0.44259202
v -0.15166425 -4.99426841 0.58912718
v -0.13296367 -4.99287557 0.48294821
v -0.03406538 -4.99720621 0.61703318
v -0.03136181 -4.99443197 0.50367826
v 0.09281266 -5.00164938 0.61468112
v 0.07375191 -4.99682378 0.50419956
v -0.03826585 -5.00238037 0.71234405
v 0.1065643 -5.00783729 0.71122103
v 0.27192214 -4.99283695 0.65837848
v 0.31842681 -4.98418474 0.7228533
v 0.50715047 -4.99789285 0.61778223
v -0.16779238 -4.9984436 0.68454861
v -0.30506411 -5.00061988 0.63818889
v -0.33358335 -4.9965887 0.71583044
v -0.47173258 -5.00842762 0.63170296
v -0.506186 -4.99541139 0.70465552
v -0.35857313 -4.97781229 0.79359513
v -0.43144893 -5.00617027 0.55899387
v -0.53868979 -4.99760723 0.43824836
v -0.58393615 -5.00167512 0.4991092
v -0.69398123 -4.98687887 0.32739424
v -0.74791365 -4.97465992 0.3779768
v -0.62442255 -4.99320936 0.56981015
v -0.6285578 -4.99099969 0.28679117
v -0.68769544 -5.00597 0.12990321
v -0.76575958 -5.00754547 0.15053573
v -0.54588156 -4.99249887 0.23925699
v -0.59421664 -5.00089502 0.10722998
v -0.60264092 -4.99668312 -0.03286178
v -0.69503498 -5.00148153 -0.03208029
v -0.4909152 -4.99648523 0.0795347
v -0.49647268 -4.99425888 -0.03382569
v -0.4713087 -4.99282455 -0.14532412
v -0.57246089 -4.99453544 -0.17068919
v -0.35845068 -4.99296045 -0.11477243
v -0.32491582 -4.99382495 -0.19617611
v -0.42621457 -4.99555778 -0.24955588
v -0.25067535 -4.99265432 -0.07374649
v -0.22242285 -4.99274158 -0.13527901
v -0.17996597 -4.99269962 -0.18944506
v -0.27466192 -4.99372148 -0.26821249
v -0.17711128 -4.99241733 -0.0279694
v -0.14438517 -4.99237155 -0.07918324
v -0.1061643 -4.99234771 -0.12753245
v -0.08596707 -4.99214696 -0.03246843
v -0.0475286 -4.99212646 -0.08049599
v -0.00643953 -4.9922328 -0.12752904
v -0.0604721 -4.99238061 -0.16927543
v -0.1244 -4.99258709 -0.23135721
v -0.20009522 -4.99292659 -0.32325857
v -0.16056054 -4.99435901 -0.46840781
v -0.27134105 -4.99308395 -0.41538125
v -0.36308634 -4.99566745 -0.34029999
v -0.33763355 -4.99354028 -0.49910759
v -0.45058676 -4.99968195 -0.41186779
v -0.52861201 -4.99942684 -0.30252268
v -0.53016799 -5.00512123 -0.47842899
v -0.61756277 -5.00568914 -0.3475798
v -0.66676122 -4.99701595 -0.19417007
v -0.69486951 -5.00238752 -0.38873836
v -0.74340862 -4.99331998 -0.21519726
v -0.77094018 -5.00536918 -0.02622738
v -0.81623297 -4.98161602 -0.22492122
v -0.84700202 -4.99592733 -0.0134896
v -0.83682024 -4.99589872 0.17440067
v -0.94525837 -4.98494195 0.04520211
v -0.92703902 -4.98168468 0.19745351
v -0.86240315 -4.97308921 0.39078509
v -0.89554595 -4.94911098 0.39694991
v -0.90235859 -4.86419725 0.40645685
v -0.81792694 -4.88531589 0.55117148
v -0.80832535 -4.95446968 0.55037915
v -0.76808422 -4.97571277 0.53356152
v -0.74848902 -4.91958856 0.64756757
v -0.73504197 -4.96598291 0.63718807
v -0.70651048 -4.9833126 0.6192733
v -0.65112847 -4.97974252 0.68222528
v -0.82851761 -4.74045753 0.56750327
v -0.75671196 -4.75073385 0.64045453
v -0.81791734 -4.68647909 0.57132488
v -0.76649665 -4.69071865 0.63594812
v -0.75462663 -4.65624141 0.52777677
v -0.70277541 -4.65328455 0.57811349
v -0.61936485 -4.66368103 0.66628271
v -0.6882534 -4.55687809 0.56557411
v -0.59550291 -4.5649333 0.65374028
v -0.52424335 -4.57080793 0.72556
v -0.54800099 -4.66534471 0.73732024
v -0.48934444 -4.56911993 0.77692413
v -0.50211858 -4.66354179 0.78299844
v -0.40035608 -4.56220483 0.80601519
v -0.43731236 -4.65861511 0.8265655
v -0.48451313 -4.68764066 0.88068598
v -0.29042109 -4.65646743 0.86808252
v -0.33534228 -4.68364667 0.94193106
v -0.35928532 -4.73648548 0.94986653
v -0.18759244 -4.6871581 0.97116625
v -0.19790898 -4.73310041 0.98526191
v -0.20254431 -4.86302995 0.96817326
v -0.38006216 -4.86618185 0.92007112
v -0.2069551 -4.94752359 0.96245688
v -0.38688859 -4.9420185 0.91320806
v -0.38431713 -4.97823905 0.87915647
v -0.54611414 -4.98431873 0.78418839
v -0.0654119 -4.74015092 0.99404573
v -0.06904019 -4.68659162 0.98865604
v -0.16218273 -4.64983701 0.89579999
v -0.0766265 -4.65355253 0.90393918
v 0.05933425 -4.66170406 0.89920443
v -0.07719901 -4.55333566 0.8867138
v 0.05994748 -4.5611763 0.88292962
v 0.1613364 -4.56312179 0.88394182
v 0.15511104 -4.6623187 0.91065716
v 0.23857997 -4.55862903 0.87323284
v 0.24016241 -4.65327978 0.89299297
v 0.36195179 -4.55222272 0.81956499
v 0.35574609 -4.64696121 0.85061061
v 0.37975081 -4.68062305 0.92670089
v 0.48376232 -4.65031814 0.77188366
v 0.52395933 -4.6810112 0.83995312
v 0.52735763 -4.72715234 0.85885489
v 0.59958118 -4.6854105 0.78497433
v 0.62082737 -4.73115062 0.78885877
v 0.61622273 -4.8842926 0.76950967
v 0.5108335 -4.83856487 0.84172296
v 0.62738758 -4.94570398 0.76514923
v 0.51372742 -4.93745756 0.84279775
v 0.61753112 -4.97724103 0.73678761
v 0.50926178 -4.97116184 0.81414943
v 0.33676093 -4.97164058 0.89748299
v 0.486552 -4.97623586 0.74513375
v 0.31486976 -4.97284078 0.81992185
v 0.5972101 -4.98139667 0.68836844
v 0.68278092 -4.97473955 0.67230373
v 0.62680167 -4.9826374 0.64728885
v 0.77284389 -4.9789114 0.57403898
v 0.71594053 -4.99076747 0.54089719
v 0.85843044 -4.97843408 0.43331858
v 0.94934839 -4.94314193 0.26553845
v 0.95232701 -4.85034704 0.26394203
v 0.97113114 -4.88043785 0.127735
v 0.97183823 -4.95231103 0.11523415
v 0.97089111 -4.73062992 0.26119279
v 0.99509209 -4.73250246 0.13245904
v 0.95604771 -4.68575239 0.25544649
v 0.98325949 -4.68337965 0.13037484
v 0.98610568 -4.69231319 0.02239892
v 0.90379804 -4.65031671 0.13223211
v 0.89879393 -4.65137863 0.02693284
v 0.91261971 -4.66208505 -0.09150637
v 0.88786137 -4.55187749 0.03188069
v 0.88342928 -4.56531429 -0.09713096
v 0.8866477 -4.56683492 -0.17343759
v 0.89569449 -4.66090774 -0.17375102
v 0.86445319 -4.56188106 -0.25471767
v 0.89201545 -4.65840959 -0.25609803
v 0.80810809 -4.55602741 -0.38728252
v 0.82557648 -4.65323114 -0.38578999
v 0.90712976 -4.68605661 -0.41824868
v 0.76505589 -4.6507759 -0.50413179
v 0.83593308 -4.68571567 -0.54375213
v 0.83776158 -4.73849439 -0.54948365
v 0.92389589 -4.74206924 -0.41500946
v 0.82452321 -4.87823581 -0.54477912
v 0.91137075 -4.8719716 -0.39322072
v 0.80931216 -4.95829868 -0.54767555
v 0.90460771 -4.94733095 -0.39498093
v 0.77254039 -4.9816637 -0.54085946
v 0.86780858 -4.97724247 -0.39351901
v 0.93378418 -4.98386287 -0.19986838
v 0.74482685 -4.97545814 -0.39279234
v 0.84199118 -4.98925066 -0.2040542
v 0.68269151 -4.99208021 -0.35694167
v 0.76606082 -5.00411462 -0.19808374
v 0.61038386 -4.99629545 -0.32782673
v 0.68114054 -5.00568294 -0.18647344
v 0.71241533 -5.00539159 -0.05225826
v 0.58545863 -4.99886417 -0.16696633
v 0.61449343 -5.00036239 -0.04986922
v 0.61123675 -4.99494218 0.06455473
v 0.5061078 -4.99624919 -0.04318065
v 0.50368714 -4.99394178 0.05482105
v 0.47868514 -4.99290227 0.15382322
v 0.36575907 -4.99299573 0.12157618
v 0.33408713 -4.99392271 0.20048788
v 0.25720214 -4.99267673 0.07942111
v 0.23074187 -4.99281263 0.14169962
v 0.18518817 -4.99244785 0.03375321
v 0.15371885 -4.99240922 0.08479365
v 0.13559819 -4.99225282 -0.01010603
v 0.09876044 -4.99218702 0.03874125
v 0.09068947 -4.99215459 -0.05207272
v 0.05067253 -4.99209022 -0.00201629
v 0.01096513 -4.99207973 0.04659947
v 0.00289973 -4.99208974 -0.04088886
v -0.03648237 -4.99207496 0.00790808
v 0.04369346 -4.99217128 -0.09120012
v 0.13796448 -4.9923706 -0.10734364
v 0.09118606 -4.99239969 -0.1472944
v 0.03844373 -4.99243211 -0.18006952
v 0.15308295 -4.99285173 -0.22233623
v 0.08718069 -4.99267196 -0.25236168
v 0.21962842 -4.99398088 -0.31429305
v 0.13800811 -4.99299335 -0.3534629
v 0.28540065 -4.99654531 -0.40717986
v 0.1839133 -4.99314785 -0.45526993
v 0.0712098 -4.9934926 -0.48842212
v 0.22785027 -4.99314212 -0.54962903
v 0.0909777 -4.9937005 -0.58932608
v -0.05343294 -4.99986219 -0.60228204
v -0.04440179 -4.99598312 -0.49524205
v -0.20146058 -4.99479532 -0.56841838
v -0.06197472 -5.00481891 -0.6952126
v -0.23848444 -4.99877691 -0.65755403
v -0.4021199 -4.99440145 -0.57526743
v -0.26970773 -4.99608182 -0.73247969
v -0.06962508 -5.0072937 -0.77492225
v -0.06881558 -4.99902343 -0.84526079
v -0.29756715 -4.98135852 -0.79182022
v -0.12286625 -4.98673009 -0.94350063
v -0.32670849 -4.98040962 -0.89643782
v -0.51741045 -4.95907545 -0.82884883
v -0.52701616 -4.90601158 -0.84241873
v -0.64432722 -4.93533277 -0.74430614
v -0.641016 -4.97228288 -0.72221076
v -0.74441468 -4.9764285 -0.60781669
v -0.83763724 -4.97592687 -0.46393495
v -0.7671588 -4.98243284 -0.42347061
v -0.90654081 -4.9754796 -0.29105308
v -0.93973112 -4.9445157 -0.307244
v -0.94584918 -4.87018251 -0.29989168
v -0.97816771 -4.90406322 -0.15666057
v -0.96313059 -4.96227312 -0.1528033
v -0.93131262 -4.98158788 -0.13831116
v -0.98337149 -4.91745948 -0.06897599
v -0.97216564 -4.95924758 -0.06309426
v -0.93256121 -4.9789524 -0.05971077
v -0.98079019 -4.75218772 -0.16170704
v -0.99152916 -4.75217104 -0.0680147
v -0.98686724 -4.69211626 -0.16797785
v -0.995687 -4.69241476 -0.06567037
v -0.91334158 -4.65777111 -0.15245857
v -0.90577578 -4.6609106 -0.06978531
v -0.90982198 -4.66440868 0.04623684
v -0.88856518 -4.56429767 -0.07255198
v -0.88374579 -4.57014703 0.05407043
v -0.88289195 -4.57242441 0.14860148
v -0.91039329 -4.66717577 0.14208336
v -0.89059734 -4.56753873 0.21232582
v -0.92498481 -4.66165542 0.20365203
v -0.84851133 -4.56264925 0.29996693
v -0.87194734 -4.6582551 0.29210951
v -0.96132004 -4.69139957 0.29533228
v -0.81205767 -4.65427541 0.42559611
v -0.89811438 -4.68585586 0.44328638
v -0.90796119 -4.73872518 0.43489366
v -0.7840268 -4.55880212 0.43366774
v -0.74516141 -4.55474615 0.52678155
v -0.76537412 -4.45859336 0.44271841
v -0.73829478 -4.45511293 0.52125448
v -0.6785314 -4.45433282 0.56183886
v -0.72749006 -4.34500885 0.51482343
v -0.66534024 -4.34506368 0.5588805
v -0.56444245 -4.35152387 0.65682667
v -0.58305496 -4.46218395 0.65346312
v -0.49295678 -4.35448312 0.7322455
v -0.50922364 -4.46714639 0.72586977
v -0.45845836 -4.35213327 0.76209968
v -0.46996039 -4.46605014 0.7668755
v -0.35456889 -4.34767389 0.80207872
v -0.37570729 -4.46048355 0.80234903
v -0.21954633 -4.34410285 0.84879982
v -0.23694473 -4.45545148 0.851534
v -0.26046961 -4.55617809 0.8569464
v -0.15397195 -4.45158386 0.89080536
v -0.16302897 -4.55276632 0.8938837
v -0.07277469 -4.45111131 0.87697309
v -0.14950655 -4.34140396 0.87715709
v -0.06492304 -4.34138441 0.86511194
v 0.07980702 -4.34730768 0.86364895
v 0.07017477 -4.45798015 0.8731721
v 0.17512343 -4.34842586 0.874224
v 0.16922694 -4.46076154 0.87505811
v 0.24086017 -4.34530353 0.84811264
v 0.23916484 -4.45803451 0.85746461
v 0.36800774 -4.34139394 0.79403173
v 0.36625057 -4.4521265 0.80356383
v 0.47767254 -4.33944368 0.74265325
v 0.48155984 -4.44943237 0.74708116
v 0.48420742 -4.54972219 0.75514996
v 0.52242577 -4.44723987 0.71904897
v 0.53352457 -4.54836416 0.72186088
v 0.54988372 -4.64462757 0.72421842
v 0.60637712 -4.55092144 0.6488713
v 0.61869704 -4.65398454 0.65656483
v 0.68999564 -4.68615055 0.71211963
v 0.69973599 -4.65933895 0.57066941
v 0.69113147 -4.5626645 0.55774337
v 0.74474412 -4.5620408 0.50668191
v 0.75348419 -4.66264247 0.52010321
v 0.78532874 -4.55771875 0.45371785
v 0.80659729 -4.6541171 0.48230168
v 0.82990419 -4.55222415 0.33856424
v 0.84141737 -4.65280771 0.36168086
v 0.91500824 -4.68319606 0.40833917
v 0.87982279 -4.6478095 0.21429462
v 0.87263357 -4.55016088 0.20249404
v 0.88916575 -4.54859876 0.1352498
v 0.86569583 -4.44926071 0.19352144
v 0.87877565 -4.44703722 0.13989505
v 0.87630313 -4.44932985 0.03521371
v 0.86852151 -4.337821 0.1424307
v 0.86289453 -4.33946991 0.03359517
v 0.86409205 -4.34715843 -0.10799326
v 0.87250357 -4.46096134 -0.10089056
v 0.88353747 -4.34713268 -0.18295046
v 0.88730531 -4.46279239 -0.17549227
v 0.84172791 -4.34729385 -0.25743833
v 0.85024988 -4.46013975 -0.25589934
v 0.78454035 -4.34509658 -0.38839283
v 0.79287409 -4.45604372 -0.38924565
v 0.74113059 -4.34396982 -0.48790741
v 0.74534851 -4.45396041 -0.49301809
v 0.7512356 -4.55417108 -0.4986253
v 0.71411109 -4.45301151 -0.52280414
v 0.71516817 -4.55423116 -0.53839856
v 0.71405011 -4.65351915 -0.55710834
v 0.63918507 -4.55774498 -0.61532414
v 0.6540122 -4.65605783 -0.632793
v 0.70911538 -4.69008255 -0.70085877
v 0.77512884 -4.68703985 -0.62595033
v 0.77626395 -4.74110746 -0.63297247
v 0.76043832 -4.90914249 -0.6253398
v 0.74343425 -4.95814466 -0.63059258
v 0.65376901 -4.984344 -0.68257033
v 0.70418268 -4.97808456 -0.61172455
v 0.56843841 -4.66473341 -0.71078568
v 0.55195778 -4.56918335 -0.69800531
v 0.50432968 -4.56974268 -0.74948114
v 0.52571892 -4.66346979 -0.76451242
v 0.44717329 -4.56543922 -0.78779053
v 0.46485582 -4.6551752 -0.80725508
v 0.32958868 -4.55955028 -0.83441084
v 0.3587059 -4.65440702 -0.85628825
v 0.3980194 -4.68592786 -0.92236012
v 0.21120728 -4.65688228 -0.88699132
v 0.23580594 -4.68705892 -0.97101622
v 0.24802905 -4.73908138 -0.97484105
v 0.13809897 -4.68699216 -0.98959952
v 0.13432331 -4.74485254 -0.98831683
v 0.12972505 -4.9024353 -0.97603851
v 0.25370273 -4.87091207 -0.95679497
v 0.12243741 -4.96302175 -0.96574717
v 0.25474125 -4.94810485 -0.95274138
v 0.10824033 -4.9822154 -0.93165832
v 0.23343771 -4.97701406 -0.91662234
v 0.3978298 -4.97421503 -0.86243939
v 0.54426026 -4.98134326 -0.77502
v 0.15808706 -4.9833908 -0.82168728
v 0.34754917 -4.97928667 -0.77433562
v 0.49808037 -4.99790859 -0.69811838
v 0.62063807 -4.99446487 -0.57302802
v 0.30819249 -4.99241828 -0.70714914
v 0.45589292 -5.00992918 -0.63447868
v 0.57121175 -5.00488233 -0.51403808
v 0.40721979 -5.00665712 -0.56986093
v 0.51882433 -5.00114059 -0.46351635
v 0.34810179 -5.00085973 -0.49322301
v 0.44839677 -4.99679803 -0.40438446
v 0.52433586 -4.99461937 -0.28685489
v 0.36968344 -4.9945569 -0.33492538
v 0.4344353 -4.99287414 -0.2406037
v 0.47982445 -4.99502039 -0.1418543
v 0.33612924 -4.99298477 -0.18299582
v 0.28635197 -4.99353885 -0.25712204
v 0.2033952 -4.992702 -0.17551933
v 0.23874537 -4.99260568 -0.11842139
v 0.17645563 -4.99239969 -0.06056179
v 0.26838702 -4.99335432 -0.63698047
v 0.13624654 -4.99449777 -0.75144052
v 0.11173003 -4.99425172 -0.67773234
v 0.03032654 -4.98073625 -0.93861442
v 0.03042143 -4.69382906 -0.99687755
v 0.13543002 -4.65332174 -0.91212678
v 0.03492904 -4.65926027 -0.90369015
v -0.08117239 -4.66557121 -0.91631424
v 0.03954959 -4.56022262 -0.88944065
v -0.08784335 -4.57318592 -0.88421654
v -0.1683762 -4.57664918 -0.88432049
v -0.16915731 -4.66630649 -0.90383362
v -0.24338673 -4.57259225 -0.87326532
v -0.24256968 -4.66061735 -0.91338938
v -0.36498519 -4.56985139 -0.82069188
v -0.36354461 -4.66009664 -0.84944874
v -0.38623338 -4.69117164 -0.93319588
v -0.49663656 -4.66279411 -0.77471029
v -0.52944439 -4.6987524 -0.85295665
v -0.52547073 -4.76226854 -0.8447811
v -0.6330139 -4.70354032 -0.78068
v -0.63144844 -4.80746793 -0.74177944
v -0.57173723 -4.66680002 -0.73434418
v -0.65636491 -4.67151594 -0.66365164
v -0.54079252 -4.57456827 -0.71752703
v -0.61733275 -4.58285903 -0.64064347
v -0.6947115 -4.60147142 -0.5567013
v -0.60342454 -4.47460365 -0.6381818
v -0.6914798 -4.48807144 -0.54601579
v -0.74713486 -4.48759555 -0.50345534
v -0.74193227 -4.60111761 -0.50720125
v -0.77384674 -4.48356294 -0.45180752
v -0.78570711 -4.59568929 -0.46416807
v -0.81744504 -4.47504758 -0.34203979
v -0.82443696 -4.58004903 -0.36581552
v -0.86242848 -4.66508007 -0.40748384
v -0.86774444 -4.57114028 -0.23012746
v -0.88789016 -4.66382408 -0.25071153
v -0.96504849 -4.69493961 -0.283331
v -0.91144967 -4.7045803 -0.44410997
v -0.96243387 -4.75066518 -0.29297485
v -0.89863932 -4.56462001 -0.14857117
v -0.86019045 -4.46913147 -0.21181917
v -0.88741779 -4.46408081 -0.14837589
v -0.87795645 -4.46231985 -0.07156469
v -0.87718772 -4.35312938 -0.14914701
v -0.8663699 -4.35209989 -0.06458556
v -0.86408585 -4.35708332 0.07674056
v -0.87435758 -4.4678421 0.06316607
v -0.86926877 -4.35817003 0.17090021
v -0.87373125 -4.46986293 0.15978601
v -0.8610264 -4.35530185 0.21943387
v -0.87091851 -4.4673891 0.21559046
v -0.81424319 -4.35066318 0.32452985
v -0.82791596 -4.46212339 0.31414404
v -0.75346446 -4.34764671 0.44959387
v -0.80703473 -4.23603916 0.33031934
v -0.74569976 -4.23319006 0.45091223
v -0.71667856 -4.2316699 0.51208198
v -0.7429077 -4.11303377 0.44561046
v -0.70989793 -4.11417865 0.51206922
v -0.63578838 -4.11043977 0.57475519
v -0.64972144 -4.23175478 0.56286144
v -0.53760683 -4.11837816 0.67643714
v -0.55045533 -4.23640632 0.66476714
v -0.48554509 -4.11962461 0.74419486
v -0.49017924 -4.23718786 0.73706722
v -0.43362754 -4.11847019 0.76936185
v -0.44612103 -4.23597478 0.76347637
v -0.33204549 -4.11148834 0.79835778
v -0.34251943 -4.23263692 0.80200904
v -0.21085648 -4.10829973 0.84045696
v -0.21132673 -4.2296338 0.84501081
v -0.13993732 -4.10708904 0.85884755
v -0.14396785 -4.22811174 0.867913
v -0.03337902 -4.10861778 0.85760265
v -0.05040998 -4.22807359 0.85692435
v 0.10807872 -4.11558055 0.85966891
v 0.09608636 -4.23213625 0.85937368
v 0.18963193 -4.11203575 0.86826556
v 0.18165889 -4.23197078 0.87161517
v 0.24762158 -4.11186218 0.83926147
v 0.24524642 -4.23064374 0.84391164
v 0.35633501 -4.10504722 0.78665077
v 0.36477705 -4.22764062 0.79045885
v 0.46637046 -4.10529279 0.73396039
v 0.47341221 -4.22589111 0.73829269
v 0.50934577 -4.09958124 0.69688314
v 0.51069176 -4.22517633 0.7065888
v 0.51344341 -4.33792734 0.71516948
v 0.58810329 -4.22543478 0.62317138
v 0.58735013 -4.33908844 0.63280177
v 0.59572464 -4.44871377 0.64334148
v 0.68671584 -4.34551 0.53518015
v 0.68751859 -4.45805072 0.54603737
v 0.74893462 -4.34476709 0.49462136
v 0.74486559 -4.45864009 0.50099211
v 0.7689383 -4.34306097 0.43287432
v 0.77391809 -4.4565339 0.44157573
v 0.81865501 -4.34047555 0.30964654
v 0.82343226 -4.4513669 0.31916388
v 0.86113047 -4.33896541 0.1899992
v 0.81527566 -4.22693586 0.30571737
v 0.85547298 -4.22571754 0.18905256
v 0.86110681 -4.22508716 0.13879388
v 0.8436827 -4.10268354 0.1917203
v 0.85595136 -4.10587787 0.13301788
v 0.85605996 -4.10541153 0.01616783
v 0.85650628 -4.22554731 0.02650311
v 0.85724747 -4.10969257 -0.12798896
v 0.85967117 -4.23099041 -0.11725789
v 0.87057596 -4.11238241 -0.20688055
v 0.87913107 -4.23104953 -0.19012083
v 0.83196502 -4.11436939 -0.26465514
v 0.83724337 -4.23225116 -0.25987368
v 0.78179901 -4.11162471 -0.37130993
v 0.78124737 -4.23134803 -0.3833884
v 0.73151695 -4.10930109 -0.47329703
v 0.73695021 -4.23040103 -0.4818761
v 0.69549399 -4.11032056 -0.5100907
v 0.70399618 -4.23013639 -0.51036763
v 0.71058052 -4.34318351 -0.51362121
v 0.61624747 -4.23147344 -0.59531766
v 0.62518495 -4.34531784 -0.59513545
v 0.63516491 -4.45589923 -0.60363352
v 0.53023141 -4.35259056 -0.69226533
v 0.54124146 -4.46519899 -0.69311904
v 0.49584308 -4.35215091 -0.75365155
v 0.50373476 -4.46691465 -0.7520135
v 0.42511513 -4.35144138 -0.77196389
v 0.43450176 -4.46449279 -0.77676898
v 0.30192363 -4.34872055 -0.82181865
v 0.31171748 -4.45948171 -0.82708716
v 0.18768659 -4.34792709 -0.86318999
v 0.18991646 -4.45823717 -0.86793005
v 0.19755277 -4.5580635 -0.87539935
v 0.1403253 -4.45622301 -0.88072854
v 0.13601273 -4.55669832 -0.89128279
v 0.0425024 -4.45834589 -0.87753599
v 0.14291921 -4.34733343 -0.86988335
v 0.03751613 -4.34973239 -0.86471265
v -0.10305531 -4.35888767 -0.86464333
v -0.093894 -4.4697833 -0.87348365
v -0.17913305 -4.35999774 -0.88094389
v -0.17365495 -4.47382116 -0.88516032
v -0.24632738 -4.35897684 -0.84631276
v -0.24417683 -4.4722743 -0.85675501
v -0.37437564 -4.35738325 -0.79198229
v -0.37086844 -4.46930122 -0.8032419
v -0.4818592 -4.35735273 -0.74273634
v -0.48584917 -4.46984052 -0.74728792
v -0.48866128 -4.57250165 -0.75574433
v -0.52474182 -4.46987915 -0.71641814
v -0.5145179 -4.35713434 -0.71383661
v -0.59265339 -4.36013698 -0.63083428
v -0.5108304 -4.24166441 -0.70702076
v -0.5908389 -4.24349546 -0.62149661
v -0.69059598 -4.24907255 -0.52593201
v -0.68887227 -4.3689661 -0.53477907
v -0.74990612 -4.24889993 -0.48819139
v -0.74946838 -4.36941671 -0.49724343
v -0.76704937 -4.24773359 -0.43306055
v -0.76712596 -4.36644697 -0.44251847
v -0.81069362 -4.24403286 -0.32027056
v -0.81281209 -4.36084413 -0.32756441
v -0.85075473 -4.24078941 -0.1983608
v -0.85552442 -4.35662555 -0.20258334
v -0.86743778 -4.23882103 -0.14353938
v -0.84618771 -4.12346601 -0.20161831
v -0.86108881 -4.11963272 -0.13772682
v -0.85908663 -4.12120819 -0.03244739
v -0.85745185 -4.23785162 -0.05221705
v -0.85868591 -4.12362861 0.10463195
v -0.85960239 -4.24132919 0.09143517
v -0.87211716 -4.12496852 0.18643295
v -0.86957317 -4.24081039 0.17826056
v -0.84769636 -4.12061929 0.23733946
v -0.85373956 -4.23930645 0.22711335
v -0.80119794 -4.11894941 0.33496588
v -0.82255202 -4.01863765 0.24747362
v -0.78788298 -4.01541471 0.34164112
v -0.74260377 -4.01605987 0.43631124
v -0.88643884 -3.93431472 0.39215451
v -0.83528423 -3.93612074 0.50041866
v -0.7751221 -3.93579483 0.58488041
v -0.69286543 -4.01659297 0.51792138
v -0.70717555 -3.93556118 0.67392861
v -0.62970024 -4.01958084 0.59061056
v -0.5899406 -3.9413011 0.77154558
v -0.52398556 -4.01827716 0.67394471
v -0.49049672 -3.93292903 0.84637093
v -0.46395391 -4.02002573 0.74308216
v -0.43814 -3.93681097 0.86858511
v -0.40277656 -4.01699447 0.76211082
v -0.35375353 -3.934417 0.90604037
v -0.32403218 -4.01394033 0.79604977
v -0.23293006 -3.93505525 0.94541698
v -0.21148449 -4.01416969 0.83437144
v -0.13726127 -3.93386197 0.96401274
v -0.13132081 -4.01484489 0.8624928
v -0.01425272 -3.93549561 0.97661656
v -0.0190509 -4.01788044 0.86025518
v 0.13358445 -3.93548584 0.95982974
v 0.11934761 -4.01642561 0.8545627
v 0.25270196 -3.93454957 0.94655388
v 0.19764106 -4.01786041 0.84957128
v 0.30546075 -3.93257403 0.9244048
v 0.25786578 -4.0146017 0.83217883
v 0.40509352 -3.93547034 0.88422817
v 0.35329809 -4.01209592 0.78389304
v 0.51042437 -3.93140721 0.82789272
v 0.46264582 -4.0124154 0.73895621
v 0.59373205 -3.93664932 0.77036041
v 0.52331811 -4.01331329 0.69099164
v 0.68667769 -3.93201041 0.69248414
v 0.61391496 -4.01774549 0.61422628
v 0.59788119 -4.1076188 0.61733305
v 0.69350993 -4.01548433 0.51877123
v 0.69372034 -4.10871839 0.51755225
v 0.68996751 -4.22911644 0.52571278
v 0.75469279 -4.10926628 0.47840687
v 0.75122094 -4.22806119 0.48754811
v 0.76725024 -4.10644292 0.41605433
v 0.76931583 -4.22847986 0.4253301
v 0.81051468 -4.10852718 0.30722779
v 0.76578521 -4.01389074 0.40237897
v 0.81106054 -4.01126909 0.303734
v 0.8441686 -4.01293563 0.20123453
v 0.90938711 -3.93141484 0.33987227
v 0.94774878 -3.93542385 0.22404004
v 0.96237862 -3.93327307 0.1243485
v 0.86407971 -4.01323461 0.11323555
v 0.9771142 -3.93507862 0.00374391
v 0.86598438 -4.01803875 0.00877301
v 0.96103096 -3.93929338 -0.14402942
v 0.84915834 -4.01616144 -0.12757332
v 0.94684028 -3.93219399 -0.25139701
v 0.85650295 -4.02014255 -0.21561646
v 0.91953688 -3.9347558 -0.31438386
v 0.81884151 -4.01474523 -0.27203732
v 0.88171583 -3.93489718 -0.41171759
v 0.78159236 -4.01361703 -0.36209157
v 0.82270079 -3.93618464 -0.51941245
v 0.72565442 -4.01544618 -0.4617474
v 0.76832807 -3.93628215 -0.59502625
v 0.68891662 -4.01592397 -0.52506339
v 0.6853671 -3.93730163 -0.69576048
v 0.60073792 -4.01910066 -0.61069417
v 0.60968613 -4.11385202 -0.60626131
v 0.50582701 -4.01846504 -0.69819569
v 0.51537025 -4.11989688 -0.70227444
v 0.5212211 -4.23640155 -0.69489407
v 0.47868096 -4.11760139 -0.7550165
v 0.48724684 -4.23617029 -0.75316107
v 0.41524669 -4.11699485 -0.76948434
v 0.41948702 -4.23599958 -0.77154171
v 0.30252036 -4.11531925 -0.81212109
v 0.29951179 -4.23457527 -0.81762129
v 0.19025118 -4.11697101 -0.85063403
v 0.18732613 -4.23425054 -0.8571031
v 0.1330436 -4.11684656 -0.85796022
v 0.13924945 -4.2342019 -0.86177706
v 0.01737935 -4.12015438 -0.8589034
v 0.02914647 -4.23594141 -0.85706609
v -0.12249102 -4.12496995 -0.8587079
v -0.11305367 -4.24255514 -0.85995185
v -0.19434869 -4.12717533 -0.87585443
v -0.18699108 -4.24311065 -0.8762145
v -0.25250122 -4.12621116 -0.83983033
v -0.25008693 -4.24310207 -0.84156948
v -0.36353689 -4.12518262 -0.78926026
v -0.3718715 -4.24201631 -0.78753483
v -0.46982914 -4.12244415 -0.73448288
v -0.47822105 -4.24166631 -0.73806309
v -0.51286429 -4.12498712 -0.70090234
v -0.45059603 -4.01994848 -0.7242558
v -0.52511817 -4.02044868 -0.68377381
v -0.59956258 -4.02318811 -0.60355031
v -0.60144794 -4.12570524 -0.61348784
v -0.68464332 -4.02200555 -0.50117164
v -0.69762569 -4.13130426 -0.51873278
v -0.72958463 -4.02421808 -0.45712477
v -0.75259125 -4.12984418 -0.48319423
v -0.7616738 -4.02163744 -0.40172222
v -0.77068245 -4.13087654 -0.42574721
v -0.78916293 -4.01929998 -0.31080383
v -0.80711716 -4.12495327 -0.31853237
v -0.83473777 -4.01868057 -0.19999498
v -0.9069603 -3.94148421 -0.34561547
v -0.94218039 -3.93671083 -0.22832232
v -0.96236038 -3.94166445 -0.13320557
v -0.84776693 -4.01949548 -0.1265359
v -0.97455489 -3.93655777 -0.01186961
v -0.85854464 -4.02092552 -0.01100819
v -0.96051788 -3.93863582 0.1307581
v -0.85055768 -4.02054119 0.11002707
v -0.94592505 -3.93765759 0.25339144
v -0.83838999 -4.02053928 0.19803604
v -0.92510724 -3.93844604 0.30124568
v -0.91920679 -3.80889201 0.23536713
v -0.89694398 -3.81310343 0.30379468
v -0.8664028 -3.7969532 0.3925634
v -0.91576516 -3.70977306 0.31856542
v -0.87756931 -3.70826268 0.41303229
v -0.82104337 -3.70966815 0.50799053
v -0.81039446 -3.79517793 0.49101159
v -0.77657377 -3.70720529 0.58603113
v -0.75470459 -3.80104851 0.57122552
v -0.69896352 -3.71128106 0.66149151
v -0.67919653 -3.79622077 0.65148389
v -0.61002665 -3.7099595 0.74709844
v -0.58450859 -3.79261612 0.74270618
v -0.50874584 -3.70731496 0.82683348
v -0.48451402 -3.80162763 0.81680661
v -0.42637988 -3.70974683 0.86976629
v -0.42037016 -3.8038814 0.85093909
v -0.32314908 -3.70765161 0.91329556
v -0.33467534 -3.79409337 0.8906728
v -0.22556403 -3.71040391 0.93664759
v -0.22663082 -3.78624558 0.92294734
v -0.12929661 -3.70773124 0.9620428
v -0.12832027 -3.7976017 0.93832683
v -0.0288287 -3.71007561 0.96184843
v -0.01808356 -3.78530311 0.94453913
v 0.10390006 -3.70791459 0.95936578
v 0.11785691 -3.78329491 0.94140589
v 0.22024644 -3.71099543 0.93992257
v 0.23539793 -3.79538869 0.92173999
v 0.321341 -3.70658302 0.91571205
v 0.30912253 -3.79492259 0.90006601
v 0.41585999 -3.7119708 0.86858153
v 0.4011355 -3.79032754 0.8638997
v 0.51498878 -3.70716977 0.81993526
v 0.50180208 -3.78441476 0.80830419
v 0.5905416 -3.71136355 0.76456195
v 0.5796771 -3.7891221 0.7499004
v 0.66891109 -3.7075181 0.69506764
v 0.66569781 -3.77743673 0.67572528
v 0.7476769 -3.71268892 0.59867698
v 0.75057315 -3.78785347 0.57688462
v 0.77817243 -3.93634891 0.58250021
v 0.81989026 -3.79199314 0.48532715
v 0.84870713 -3.93336105 0.48885628
v 0.74971425 -4.01781606 0.45144453
v 0.87107217 -3.93594431 0.43530631
v 0.85454297 -3.79496407 0.41801932
v 0.89644235 -3.78761053 0.32589897
v 0.86935722 -3.71086859 0.41866913
v 0.91477406 -3.7073102 0.31906241
v 0.93891948 -3.7111895 0.21468575
v 0.92390132 -3.79007911 0.21736131
v 0.9642995 -3.70682072 0.12061593
v 0.94056552 -3.79050421 0.11870332
v 0.95997548 -3.7124803 0.019366
v 0.94254821 -3.79099893 0.00805563
v 0.96001774 -3.70880794 -0.10870326
v 0.93845224 -3.78997731 -0.12439936
v 0.94129014 -3.70814275 -0.22952716
v 0.92080938 -3.79852056 -0.23779271
v 0.91552877 -3.7081933 -0.32131642
v 0.89777952 -3.80146312 -0.31265038
v 0.86768591 -3.70847511 -0.42768931
v 0.85935968 -3.79572749 -0.40827336
v 0.81831944 -3.70911884 -0.51437795
v 0.80446106 -3.79139471 -0.50387334
v 0.76148212 -3.70890212 -0.6002255
v 0.74319499 -3.80074143 -0.58195048
v 0.69468295 -3.70909309 -0.67146861
v 0.66825473 -3.79535198 -0.66353154
v 0.59788364 -3.70858645 -0.760724
v 0.57054555 -3.79883694 -0.75210297
v 0.57390111 -3.93650674 -0.77979666
v 0.48187109 -3.80458259 -0.8180961
v 0.48998045 -3.93703842 -0.8475793
v 0.45511993 -4.01960945 -0.73686528
v 0.43614289 -3.93526649 -0.86964875
v 0.40167465 -4.01706552 -0.76492309
v 0.33553591 -3.93747305 -0.91178208
v 0.29806962 -4.01515579 -0.80084002
v 0.22424861 -3.93434596 -0.94628661
v 0.19620443 -4.01668644 -0.84367233
v 0.12381488 -3.93992519 -0.96365338
v 0.11529228 -4.01746892 -0.85005945
v 0.00407153 -3.93543052 -0.97565186
v 0.00273154 -4.02173805 -0.86272859
v -0.14002083 -3.94332075 -0.95990663
v -0.12084135 -4.02164268 -0.84329098
v -0.25320336 -3.93686556 -0.94448739
v -0.20448818 -4.02303791 -0.84505617
v -0.30862915 -3.94212794 -0.92144465
v -0.25702083 -4.01967239 -0.81293016
v -0.40334647 -3.93666505 -0.880445
v -0.35695934 -4.01844596 -0.77923095
v -0.51391756 -3.94222164 -0.82467502
v -0.40156441 -3.82186436 -0.85812532
v -0.49826452 -3.81373977 -0.80156576
v -0.5773592 -3.82353115 -0.74215412
v -0.59058392 -3.93811011 -0.76598095
v -0.65829122 -3.81733083 -0.66590893
v -0.69105929 -3.94171881 -0.68868523
v -0.74893248 -3.81687712 -0.56854885
v -0.7801252 -3.94405269 -0.57221078
v -0.81730437 -3.82524156 -0.48032969
v -0.84605443 -3.9378252 -0.49227604
v -0.8492065 -3.82228446 -0.41660505
v -0.86509025 -3.93753409 -0.4358434
v -0.88747066 -3.81790947 -0.33152973
v -0.87664175 -3.70749306 -0.42538583
v -0.91145843 -3.71237945 -0.32489305
v -0.94587415 -3.70782685 -0.22281898
v -0.91891628 -3.80732941 -0.22151699
v -0.9606654 -3.7122488 -0.12906208
v -0.93361508 -3.81937408 -0.1265442
v -0.9692443 -3.70809316 -0.02444031
v -0.93825542 -3.80789136 -0.0151215
v -0.95930326 -3.71163463 0.10697656
v -0.93352592 -3.81016469 0.11987377
v -0.9453364 -3.70847296 0.22278681
v -0.7906512 -3.72401118 0.0792007
v -0.79215192 -3.71329426 0.18024614
v -0.76053184 -3.72015595 0.25647541
v -0.79988282 -3.61516547 0.16955091
v -0.75026375 -3.62731742 0.26004785
v -0.69806438 -3.6341753 0.3467043
v -0.71660912 -3.72458529 0.35084611
v -0.66168743 -3.63266706 0.41216862
v -0.67922699 -3.72130298 0.41749408
v -0.61913168 -3.6351242 0.45066553
v -0.64146703 -3.71957445 0.4760397
v -0.54712367 -3.63493442 0.50890356
v -0.57915055 -3.72009825 0.53469419
v -0.48678121 -3.62819266 0.6004377
v -0.49937146 -3.72347927 0.61718952
v -0.44529572 -3.61466097 0.68434727
v -0.43906351 -3.71108675 0.68170672
v -0.34544107 -3.62329745 0.71491003
v -0.35023415 -3.72096157 0.72118401
v -0.24782873 -3.63156557 0.73806804
v -0.2632299 -3.72209358 0.75377571
v -0.17592442 -3.62936472 0.75917869
v -0.17859634 -3.72284245 0.77473408
v -0.11828335 -3.63392067 0.75563728
v -0.12102063 -3.71964454 0.78637605
v -0.02612236 -3.6327703 0.74636226
v -0.02551509 -3.71924901 0.78885227
v 0.08097024 -3.62637877 0.76824009
v 0.07939555 -3.72007393 0.79143375
v 0.16954736 -3.61078596 0.79934066
v 0.17550246 -3.71421027 0.78674751
v 0.26199653 -3.62162828 0.74874067
v 0.26162087 -3.71694994 0.76135128
v 0.34911894 -3.63093376 0.69529312
v 0.34992665 -3.72504472 0.71234744
v 0.41375434 -3.62836885 0.66017109
v 0.42499744 -3.71873331 0.67703181
v 0.45148861 -3.63296961 0.61628615
v 0.47615283 -3.72218036 0.63469201
v 0.51204294 -3.63232207 0.54412221
v 0.53985214 -3.71628356 0.57807165
v 0.60219085 -3.62576413 0.48449203
v 0.61583095 -3.72322821 0.49691382
v 0.68493294 -3.61009335 0.44568368
v 0.68706136 -3.70946264 0.43453785
v 0.82622677 -3.70645165 0.5097211
v 0.71775412 -3.72065806 0.35077893
v 0.71452701 -3.62226462 0.34390103
v 0.73889094 -3.63001728 0.24451078
v 0.75618273 -3.72335505 0.25322467
v 0.75956267 -3.62986302 0.17320506
v 0.77461957 -3.7214055 0.17891517
v 0.75503021 -3.63440823 0.11593315
v 0.79070824 -3.71852302 0.11411159
v 0.74772495 -3.63423919 0.02113876
v 0.7876411 -3.72112083 0.02313004
v 0.76924741 -3.62783813 -0.08315727
v 0.7920103 -3.72263574 -0.08825956
v 0.79878258 -3.6137228 -0.1692541
v 0.78959453 -3.71274828 -0.17365282
v 0.74813741 -3.62333202 -0.2638829
v 0.75660008 -3.72018075 -0.26774683
v 0.69493192 -3.63235449 -0.35041564
v 0.71529877 -3.72313356 -0.3514668
v 0.65979629 -3.63065743 -0.41551581
v 0.67188197 -3.72212624 -0.428247
v 0.61579978 -3.63647007 -0.45248499
v 0.63709783 -3.72158932 -0.4759117
v 0.54366356 -3.63521337 -0.5145114
v 0.57257545 -3.71989464 -0.54705143
v 0.48522973 -3.63025927 -0.60298782
v 0.50166112 -3.72236824 -0.61943578
v 0.44552102 -3.6137247 -0.68542617
v 0.43052983 -3.71486973 -0.6846947
v 0.5077843 -3.71059918 -0.8238033
v 0.35378226 -3.71871781 -0.72248023
v 0.41856515 -3.70753121 -0.87660908
v 0.41523435 -3.81010317 -0.8528195
v 0.32147428 -3.71093511 -0.91154831
v 0.32557508 -3.79826784 -0.89345759
v 0.214485 -3.70769524 -0.94553488
v 0.21597553 -3.7973783 -0.92263311
v 0.12404891 -3.71020674 -0.96233832
v 0.11973813 -3.80061554 -0.93703317
v 0.01665807 -3.70854806 -0.96673685
v 0.00725889 -3.79952359 -0.94046217
v -0.10475865 -3.71279168 -0.95683848
v -0.1236786 -3.80529356 -0.93324083
v -0.22834362 -3.70681476 -0.9468525
v -0.23802283 -3.81530356 -0.918684
v -0.31762841 -3.71231007 -0.91515529
v -0.30791053 -3.81867098 -0.89502823
v -0.42426323 -3.70759081 -0.87560105
v -0.26311001 -3.72233796 -0.75733172
v -0.35685706 -3.72280883 -0.7204402
v -0.42480161 -3.7240448 -0.67544049
v -0.51311796 -3.71317148 -0.81973987
v -0.47976812 -3.72016501 -0.64259773
v -0.60109579 -3.70759058 -0.76755029
v -0.54448252 -3.72331905 -0.57371056
v -0.6684001 -3.71342349 -0.69614327
v -0.62611353 -3.7222743 -0.5026642
v -0.76191693 -3.70837783 -0.60240846
v -0.68261271 -3.71583652 -0.43464994
v -0.82802861 -3.71141839 -0.50475895
v -0.72846001 -3.71857619 -0.35362845
v -0.6847772 -3.62017607 -0.44502839
v -0.71550518 -3.62817835 -0.34641718
v -0.73897433 -3.63786673 -0.24789995
v -0.75307601 -3.72540473 -0.26216399
v -0.76058334 -3.63470268 -0.1759096
v -0.78249305 -3.72151804 -0.17890346
v -0.75731575 -3.63951468 -0.11856496
v -0.78789889 -3.72315216 -0.11669995
v -0.74796778 -3.63801384 -0.02600812
v -0.79442542 -3.71853709 -0.02792412
v -0.76947414 -3.63265323 0.08019498
v -0.72202611 -3.54962372 -0.02691042
v -0.74288821 -3.54166197 0.0762175
v -0.78626811 -3.52340817 0.16505642
v -0.72241282 -3.44549703 0.07479656
v -0.77691632 -3.42573809 0.16188931
v -0.7106269 -3.43646478 0.25377979
v -0.72816228 -3.53393101 0.2579979
v -0.65767198 -3.44447326 0.33114585
v -0.67510783 -3.54137754 0.33861139
v -0.62343794 -3.44551205 0.38735216
v -0.64087534 -3.54107976 0.39725872
v -0.57488912 -3.44888305 0.42359936
v -0.59353971 -3.54463934 0.43568289
v -0.51291555 -3.44981741 0.48077628
v -0.52927482 -3.5467422 0.49075999
v -0.45759037 -3.4431045 0.56347715
v -0.47082519 -3.53867816 0.5788595
v -0.43485254 -3.42373538 0.66375166
v -0.43914449 -3.52133393 0.67245239
v -0.32256823 -3.43468093 0.68176776
v -0.33149474 -3.53191399 0.69701808
v -0.23043887 -3.44281148 0.69900316
v -0.23741568 -3.53951239 0.71643906
v -0.16654184 -3.44391918 0.7145487
v -0.17155961 -3.53935217 0.73378551
v -0.10660897 -3.4472928 0.70568758
v -0.11111532 -3.54303503 0.72724753
v -0.02221984 -3.44815158 0.70252668
v -0.02654469 -3.54502534 0.7210294
v 0.07520631 -3.44143557 0.72182369
v 0.07692533 -3.53688526 0.74196881
v 0.16182924 -3.42216682 0.7767598
v 0.16490683 -3.51964426 0.78581643
v 0.25434315 -3.43326115 0.70968461
v 0.25910648 -3.53059911 0.72645533
v 0.33193987 -3.4417057 0.65654093
v 0.33986714 -3.53855967 0.6732822
v 0.38837367 -3.44285464 0.622231
v 0.39864945 -3.53855347 0.63922619
v 0.42403289 -3.44650912 0.57337576
v 0.43627387 -3.54249191 0.59140479
v 0.48223748 -3.44743442 0.51170337
v 0.49287921 -3.54430985 0.52730888
v 0.56428366 -3.44095492 0.45682123
v 0.58009862 -3.53639173 0.46949774
v 0.66367107 -3.42191624 0.43481642
v 0.67222887 -3.51937151 0.43903261
v 0.68130338 -3.43271017 0.32376384
v 0.69668841 -3.53037858 0.33136048
v 0.69884371 -3.441226 0.22983621
v 0.71667796 -3.53917098 0.23572219
v 0.71495163 -3.44295311 0.16278933
v 0.7342816 -3.53895616 0.16873511
v 0.70470988 -3.44720959 0.10275279
v 0.72644031 -3.54347896 0.10822276
v 0.70404964 -3.44872665 0.01753643
v 0.7222203 -3.5459249 0.02236838
v 0.72276973 -3.44241738 -0.07754639
v 0.74282425 -3.53848862 -0.0789012
v 0.77683019 -3.42374539 -0.16185571
v 0.78599166 -3.52110099 -0.16496545
v 0.70949548 -3.43520283 -0.25505754
v 0.72627723 -3.53248119 -0.26009631
v 0.65651041 -3.44360399 -0.33257433
v 0.67321139 -3.54029178 -0.34092885
v 0.62232673 -3.44510078 -0.38885551
v 0.63923668 -3.54067778 -0.39959058
v 0.5733087 -3.44892621 -0.42447289
v 0.59122502 -3.5450747 -0.43699732
v 0.51180648 -3.45014953 -0.4829292
v 0.52726471 -3.54724097 -0.49422246
v 0.45721662 -3.44381523 -0.56454306
v 0.47004446 -3.53977394 -0.58062732
v 0.43486911 -3.4247303 -0.663791
v 0.43919935 -3.52228164 -0.67256164
v 0.32182568 -3.43608665 -0.68208408
v 0.33051654 -3.53348898 -0.69754654
v 0.34393912 -3.62597489 -0.71498602
v 0.23596066 -3.54131579 -0.71717083
v 0.24486777 -3.63384747 -0.7393974
v 0.2544772 -3.72567606 -0.75387448
v 0.17430509 -3.63254571 -0.76005399
v 0.18060077 -3.71980881 -0.77939462
v 0.11675585 -3.63661241 -0.75610286
v 0.1104296 -3.72209453 -0.78927689
v 0.02227101 -3.6360898 -0.74799621
v 0.02701723 -3.71909737 -0.79078239
v -0.08378288 -3.63035368 -0.76977503
v -0.08620556 -3.7251029 -0.79043275
v -0.16896489 -3.61718082 -0.7991687
v -0.17722554 -3.70998621 -0.79727506
v -0.26296222 -3.6283977 -0.74898618
v -0.16505803 -3.52345061 -0.78627425
v -0.25965502 -3.534976 -0.72726428
v -0.34084266 -3.54355669 -0.67413693
v -0.35020273 -3.63638258 -0.69658148
v -0.39982131 -3.54388833 -0.64006346
v -0.41561597 -3.6368668 -0.66069442
v -0.43713292 -3.54815459 -0.59240084
v -0.45254406 -3.64120864 -0.61787158
v -0.49408128 -3.55053472 -0.5282371
v -0.51459902 -3.63931751 -0.54494345
v -0.58101385 -3.54292964 -0.47069385
v -0.60355186 -3.63360357 -0.48627024
v -0.67288082 -3.52510738 -0.43936049
v -0.56462019 -3.44642567 -0.45764163
v -0.66389221 -3.42710065 -0.43491491
v -0.68216043 -3.43807888 -0.3230459
v -0.69777178 -3.53585338 -0.33233267
v -0.6995387 -3.44637703 -0.23073579
v -0.71741169 -3.54362273 -0.23772455
v -0.7150647 -3.44751524 -0.16700205
v -0.73484766 -3.54355382 -0.17161582
v -0.7063921 -3.45129466 -0.10679499
v -0.72831517 -3.54724097 -0.11148336
v -0.70303994 -3.45227336 -0.02273486
v -0.69018757 -3.34020948 -0.09964273
v -0.68885004 -3.34082841 -0.01688419
v -0.70829606 -3.33382701 0.07527542
v -0.68175989 -3.22094059 -0.00965573
v -0.70294261 -3.21608448 0.07960258
v -0.77742773 -3.20781707 0.16120474
v -0.7744416 -3.32026433 0.16075
v -0.69818151 -3.21140146 0.24615435
v -0.70086705 -3.3279736 0.24995884
v -0.63860994 -3.2146182 0.32282131
v -0.6455326 -3.33539962 0.32597169
v -0.5995801 -3.21629095 0.38362944
v -0.60979628 -3.33550167 0.3827041
v -0.54403412 -3.21897101 0.41612458
v -0.55831855 -3.33842158 0.41747102
v -0.48882558 -3.21958494 0.47524297
v -0.49885684 -3.33900356 0.47506475
v -0.44069623 -3.21477484 0.55337715
v -0.44745093 -3.33207058 0.55409121
v -0.43576505 -3.20656132 0.66375809
v -0.43396052 -3.31867003 0.66129511
v -0.31944984 -3.21012687 0.66775113
v -0.31851571 -3.3264575 0.67230278
v -0.22310733 -3.21331596 0.67979902
v -0.22569112 -3.33386468 0.6868487
v -0.15262593 -3.2149713 0.69518476
v -0.16035875 -3.33398795 0.70170766
v -0.09030296 -3.21765589 0.67883205
v -0.09931251 -3.33691287 0.68977093
v -0.00937668 -3.21828007 0.68170332
v -0.01648874 -3.33746838 0.68861043
v 0.07983343 -3.2135148 0.70293003
v 0.07561841 -3.33054685 0.70815283
v 0.16122429 -3.20539093 0.77752578
v 0.16074958 -3.31723308 0.77447706
v 0.24634669 -3.20906353 0.69798958
v 0.25035038 -3.32508778 0.70038712
v 0.32303512 -3.21246719 0.63831913
v 0.32643815 -3.33263993 0.64483374
v 0.38440075 -3.21430206 0.59869515
v 0.38328045 -3.33297824 0.60910898
v 0.41645112 -3.21713471 0.54337066
v 0.41785889 -3.3361268 0.55730938
v 0.47579094 -3.2178936 0.48845633
v 0.47596302 -3.33685827 0.49816516
v 0.553734 -3.21332001 0.4404968
v 0.55464249 -3.33018446 0.44706299
v 0.66379636 -3.20541286 0.43579077
v 0.66130542 -3.31713485 0.43397262
v 0.66719722 -3.20897221 0.32341364
v 0.6718018 -3.32475972 0.32110184
v 0.67969709 -3.21226644 0.2235562
v 0.68657112 -3.33131337 0.22593587
v 0.69550275 -3.21416115 0.14517588
v 0.70236855 -3.33305716 0.15551556
v 0.67734748 -3.21747398 0.0823103
v 0.6886301 -3.33676576 0.09341789
v 0.68519735 -3.21892118 0.0022921
v 0.6910761 -3.33814597 0.01036234
v 0.70465487 -3.21451592 -0.08359997
v 0.70969802 -3.33174109 -0.07913085
v 0.77747893 -3.20657968 -0.16121552
v 0.7744615 -3.31871628 -0.16074928
v 0.69789171 -3.21041297 -0.24651053
v 0.70025998 -3.3268609 -0.25069096
v 0.63828533 -3.21391177 -0.3231838
v 0.64489555 -3.33462381 -0.32673427
v 0.59871113 -3.21580529 -0.38447719
v 0.60914897 -3.335083 -0.38352832
v 0.54341125 -3.21873426 -0.41653487
v 0.55737793 -3.33832812 -0.41808912
v 0.48853653 -3.21958065 -0.47583192
v 0.4982993 -3.33915853 -0.47623667
v 0.44058281 -3.21506023 -0.55370974
v 0.44723218 -3.3325622 -0.55473977
v 0.4357509 -3.20712328 -0.66373759
v 0.43394991 -3.31945824 -0.6612848
v 0.31919983 -3.21101808 -0.66779881
v 0.31810116 -3.32761788 -0.67243242
v 0.22293241 -3.21452927 -0.67987465
v 0.22530581 -3.33539247 -0.68706446
v 0.22961245 -3.4444487 -0.69942194
v 0.15993547 -3.33584284 -0.70193254
v 0.16554671 -3.44590544 -0.71508055
v 0.17025524 -3.54154253 -0.73461139
v 0.1057608 -3.44978499 -0.7058193
v 0.10982047 -3.54572439 -0.72745001
v 0.02092365 -3.45095276 -0.70336389
v 0.0242569 -3.54773855 -0.72220766
v -0.07603721 -3.44455432 -0.72265684
v -0.07859789 -3.54035401 -0.74316394
v -0.16188815 -3.42569255 -0.77691513
v -0.07607366 -3.33324837 -0.70858526
v -0.16075024 -3.32021832 -0.77444475
v -0.25056639 -3.3285377 -0.70046287
v -0.25480347 -3.43722653 -0.71001839
v -0.32668945 -3.33660697 -0.64513427
v -0.33255425 -3.44597935 -0.65698158
v -0.38337317 -3.33711576 -0.60947507
v -0.38868635 -3.44751477 -0.62294358
v -0.41805163 -3.34044194 -0.55783277
v -0.42470878 -3.45179915 -0.57382315
v -0.47605845 -3.34132528 -0.49864223
v -0.48268359 -3.45290517 -0.51242482
v -0.55468726 -3.33463978 -0.4474371
v -0.47567072 -3.22140121 -0.48872661
v -0.55360895 -3.21677684 -0.44069835
v -0.66368323 -3.20872259 -0.43571585
v -0.66126906 -3.32136559 -0.43393504
v -0.66775268 -3.21246099 -0.31970024
v -0.67240214 -3.32938027 -0.31890627
v -0.67988658 -3.21581196 -0.22333775
v -0.68712121 -3.33696413 -0.22590126
v -0.69528585 -3.21758794 -0.15275363
v -0.70194584 -3.33719992 -0.16059953
v -0.67902845 -3.2203207 -0.09052597
v -0.69251036 -3.0943799 -0.13902935
v -0.67249417 -3.09645557 -0.08024249
v -0.68111008 -3.09716558 -0.00035465
v -0.66895747 -2.9714334 -0.07180114
v -0.68457299 -2.9718132 0.00869434
v -0.70963889 -2.97041678 0.09797067
v -0.70348602 -3.09439611 0.08752998
v -0.788571 -2.96941566 0.16360887
v -0.78288942 -3.09059095 0.16237305
v -0.71534854 -2.96926212 0.22659954
v -0.70151984 -3.09098172 0.23948054
v -0.64079809 -2.96797752 0.31453734
v -0.6367768 -3.09184265 0.3206394
v -0.58675491 -2.96892261 0.39077049
v -0.58797454 -3.09337973 0.39136368
v -0.52384853 -2.97063159 0.42220893
v -0.53220915 -3.09542393 0.41879525
v -0.47790968 -2.97095942 0.4902299
v -0.48183575 -3.09611916 0.48136788
v -0.43251895 -2.96955776 0.57096648
v -0.43552702 -3.09334993 0.55933052
v -0.44193303 -2.96854662 0.67332333
v -0.43879842 -3.08956193 0.6684457
v -0.34574171 -2.96839261 0.66607737
v -0.32669454 -3.08990764 0.6653949
v -0.23073056 -2.96708583 0.67551809
v -0.22347673 -3.09074449 0.67698949
v -0.1385789 -2.96803331 0.69121062
v -0.1390222 -3.0922842 0.69248467
v -0.07181095 -2.96975636 0.66894602
v -0.0801562 -3.09434866 0.67243021
v 0.00872101 -2.97014927 0.68457663
v -0.00020356 -3.09507298 0.68112987
v 0.09796655 -2.96880197 0.70963525
v 0.08765658 -3.09236884 0.7035005
v 0.16362403 -2.96787691 0.78863406
v 0.16239395 -3.08868789 0.78298378
v 0.22644655 -2.96789932 0.71554493
v 0.23947545 -3.08920145 0.70153355
v 0.3145217 -2.96680808 0.64080464
v 0.3207311 -3.09027433 0.63667762
v 0.39076915 -2.96792364 0.58674782
v 0.39135542 -3.09199285 0.58796072
v 0.42227304 -2.96967673 0.52374357
v 0.41889914 -3.0941267 0.53200846
v 0.49026599 -2.97010278 0.47789743
v 0.4816657 -3.09491586 0.48172798
v 0.57106322 -2.9688127 0.43251341
v 0.55953258 -3.09231925 0.43543148
v 0.67334348 -2.9679718 0.44194695
v 0.66847765 -3.08877134 0.43882027
v 0.66631329 -2.96796202 0.35015264
v 0.66474074 -3.08918452 0.33142873
v 0.67521846 -2.96670627 0.23498119
v 0.67677182 -3.09014082 0.22605797
v 0.69120872 -2.96791029 0.13857826
v 0.69248127 -3.09189868 0.13901984
v 0.6680333 -2.96965408 0.06631667
v 0.67119276 -3.09456419 0.07371127
v 0.68754518 -2.97012257 -0.0126852
v 0.68474417 -3.09550094 -0.00566739
v 0.71128171 -2.96892619 -0.09975854
v 0.70496302 -3.09289407 -0.09082479
v 0.78862035 -2.96821379 -0.16361956
v 0.7829498 -3.089396 -0.16238777
v 0.71547907 -2.96829295 -0.22649978
v 0.70145267 -3.09001755 -0.23957566
v 0.64077949 -2.96722126 -0.31455498
v 0.63663661 -3.0911231 -0.32079413
v 0.58675223 -2.96837496 -0.39077031
v 0.58797121 -3.09289002 -0.39136052
v 0.52375352 -2.97025203 -0.42227363
v 0.53199821 -3.09512519 -0.41893214
v 0.47790607 -2.97077512 -0.49024695
v 0.48177343 -3.0960288 -0.48161906
v 0.4325186 -2.96959519 -0.57094812
v 0.43548476 -3.0935173 -0.55945503
v 0.44192758 -2.96882176 -0.67331486
v 0.43878763 -3.09000206 -0.66842842
v 0.34554204 -2.96883893 -0.66606116
v 0.32650461 -3.09060335 -0.66541719
v 0.23068285 -2.96774888 -0.67552465
v 0.22338156 -3.09169101 -0.67700731
v 0.13858087 -2.96891284 -0.69121581
v 0.13902485 -3.09347629 -0.69249659
v 0.15247102 -3.21646118 -0.69528567
v 0.08009718 -3.09572172 -0.67245006
v 0.09010094 -3.21939492 -0.67889529
v 0.09884206 -3.3390665 -0.68990814
v 0.00910377 -3.22023534 -0.68190819
v 0.01582727 -3.33988833 -0.68910485
v -0.07998386 -3.21571016 -0.70309716
v 0.00015606 -3.09664034 -0.68121314
v -0.08766283 -3.09414959 -0.70354205
v -0.16237318 -3.09066462 -0.78288584
v -0.16120474 -3.20783376 -0.77742856
v -0.23969112 -3.09147691 -0.70135748
v -0.24650199 -3.21188211 -0.69792693
v -0.32084241 -3.09277415 -0.63661563
v -0.3231756 -3.2155857 -0.63838869
v -0.39137038 -3.09464097 -0.58798986
v -0.38391551 -3.21764397 -0.59946006
v -0.41879349 -3.09688186 -0.53226709
v -0.41640031 -3.22059154 -0.54379439
v -0.48147341 -3.0975871 -0.48185536
v -0.42219826 -2.97180724 -0.52387738
v -0.49010601 -2.97225332 -0.47793787
v -0.57091641 -2.97093176 -0.43252089
v -0.55936402 -3.09500145 -0.43554607
v -0.67327159 -2.97001123 -0.44190046
v -0.66837054 -3.09132194 -0.43875148
v -0.66604602 -2.96991014 -0.3455137
v -0.6653831 -3.09182477 -0.32671237
v -0.67552959 -2.96869134 -0.23067796
v -0.67700284 -3.09277224 -0.22354829
v -0.69122093 -2.9696908 -0.13858363
v -0.67433482 -2.84463238 -0.24573583
v -0.69064503 -2.84502196 -0.13821665
v -0.66692 -2.84619665 -0.06439381
v -0.69036954 -2.72027397 -0.13794404
v -0.66599571 -2.7211101 -0.05774512
v -0.68842244 -2.72151398 0.0249416
v -0.68878889 -2.84657907 0.01573967
v -0.71702086 -2.72132229 0.10551799
v -0.71519935 -2.84600663 0.10376962
v -0.79644852 -2.72164678 0.16530709
v -0.79317051 -2.84593582 0.16460236
v -0.7903347 -2.72167468 0.17745235
v -0.74848383 -2.84660816 0.20160672
v -0.6664946 -2.71968293 0.28820946
v -0.65063011 -2.84408426 0.30301892
v -0.58570361 -2.71981382 0.39062243
v -0.58609086 -2.84442234 0.39062506
v -0.51173114 -2.72061181 0.4301283
v -0.5171917 -2.84555888 0.42599296
v -0.46908623 -2.72098445 0.50445437
v -0.47591605 -2.84590888 0.49815899
v -0.43239951 -2.72076988 0.58129805
v -0.43234804 -2.84531664 0.57885348
v -0.44629228 -2.72107195 0.68007749
v -0.44447699 -2.8452301 0.67726695
v -0.43338012 -2.72109746 0.6843431
v -0.38695472 -2.84584546 0.67187315
v -0.26755294 -2.71909117 0.6750822
v -0.2459243 -2.84335207 0.67432606
v -0.13794316 -2.71922302 0.69036513
v -0.13821461 -2.8437016 0.69064074
v -0.0578548 -2.72003793 0.66598844
v -0.06449436 -2.84486174 0.66692942
v 0.02491276 -2.72043466 0.6884337
v 0.0157031 -2.84524917 0.68875134
v 0.10539053 -2.72025752 0.7168954
v 0.10367932 -2.84470939 0.71510529
v 0.16531366 -2.72060918 0.79647606
v 0.16461123 -2.84469652 0.79320865
v 0.17745964 -2.72064232 0.79035705
v 0.20138022 -2.84537553 0.74884313
v 0.28815421 -2.71878576 0.66655868
v 0.30289486 -2.84308433 0.65074288
v 0.39062365 -2.71903467 0.58570152
v 0.39062497 -2.84357619 0.58608818
v 0.4299843 -2.71988129 0.51186466
v 0.42599868 -2.84476733 0.517183
v 0.50433158 -2.72031021 0.46935263
v 0.49805504 -2.84518766 0.47592744
v 0.58131152 -2.72016739 0.43240082
v 0.5788933 -2.84469103 0.43234533
v 0.6800878 -2.72055697 0.44630008
v 0.67728048 -2.84473276 0.44448608
v 0.68435198 -2.72059583 0.43338677
v 0.67263358 -2.84527826 0.39072483
v 0.67517823 -2.71864318 0.27076906
v 0.67430192 -2.84297061 0.25031027
v 0.69036561 -2.71878194 0.13794161
v 0.69063931 -2.84339189 0.13821306
v 0.66604137 -2.71970152 0.05509752
v 0.66656971 -2.84462904 0.05968381
v 0.68777281 -2.72018742 -0.02669477
v 0.68914449 -2.84515643 -0.02282292
v 0.71731382 -2.7200582 -0.10581617
v 0.71440279 -2.84473681 -0.10295558
v 0.79647779 -2.7204914 -0.16531327
v 0.79320812 -2.8447709 -0.16461026
v 0.79036074 -2.72053575 -0.17745953
v 0.74879908 -2.84550762 -0.20140782
v 0.66656214 -2.71876907 -0.28815183
v 0.65072649 -2.84325051 -0.30291339
v 0.58570361 -2.71909928 -0.39062386
v 0.58609008 -2.84379911 -0.39062565
v 0.51169389 -2.72003173 -0.43016389
v 0.51712393 -2.84508848 -0.42603862
v 0.46942883 -2.72054815 -0.50429815
v 0.4759365 -2.84560847 -0.49799746
v 0.43240439 -2.72048902 -0.5810396
v 0.43234837 -2.84520149 -0.57871055
v 0.44629353 -2.7209568 -0.68007969
v 0.44447442 -2.84531259 -0.67726475
v 0.43338006 -2.72100544 -0.68434304
v 0.3868435 -2.84607434 -0.67185014
v 0.26746934 -2.71922922 -0.67507809
v 0.24585442 -2.84374904 -0.6743294
v 0.13794212 -2.71956992 -0.69036704
v 0.13821457 -2.84430408 -0.69064271
v 0.0578127 -2.72053289 -0.66599267
v 0.06447338 -2.84562301 -0.66693091
v 0.07179845 -2.97080898 -0.66895419
v -0.01570051 -2.84617281 -0.68875497
v -0.00872063 -2.97138285 -0.68458944
v -0.10365451 -2.84579277 -0.71508699
v -0.09794499 -2.97022175 -0.70961403
v -0.16460248 -2.84593534 -0.79317116
v -0.16360995 -2.96948647 -0.78856873
v -0.20167669 -2.84681868 -0.74837702
v -0.22671806 -2.96965718 -0.71521019
v -0.30311748 -2.84460687 -0.6505413
v -0.31466952 -2.96875739 -0.64068877
v -0.39062571 -2.84520959 -0.58609467
v -0.39077365 -2.96999788 -0.58676415
v -0.42594313 -2.84645152 -0.51727378
v -0.39062166 -2.72032356 -0.58570486
v -0.42994317 -2.72122955 -0.5119121
v -0.50431299 -2.72169947 -0.46939256
v -0.49795702 -2.84689784 -0.47594907
v -0.58125716 -2.72157406 -0.43240106
v -0.5787943 -2.84639143 -0.43235209
v -0.68005842 -2.72196078 -0.44628059
v -0.67723441 -2.84638333 -0.44445586
v -0.68432134 -2.72199678 -0.43336856
v -0.67177951 -2.84712863 -0.38654634
v -0.67507386 -2.72008061 -0.26746937
v -0.68600046 -2.59711241 -0.43436008
v -0.6756733 -2.5957973 -0.277673
v -0.69022399 -2.59554529 -0.13778153
v -0.67605984 -2.47123479 -0.28269788
v -0.69011712 -2.47081852 -0.13768933
v -0.66537123 -2.47139883 -0.05308782
v -0.66567665 -2.59619283 -0.05435085
v -0.68713915 -2.47179484 0.02934442
v -0.6869955 -2.59662222 0.02780525
v -0.72057914 -2.47188973 0.10909147
v -0.71927422 -2.59663462 0.10767905
v -0.79927682 -2.47201561 0.16595356
v -0.79835587 -2.59688091 0.16573014
v -0.79315543 -2.47205042 0.17819114
v -0.79221552 -2.59691333 0.17793767
v -0.67793721 -2.47106885 0.27815502
v -0.67411708 -2.59552359 0.28143143
v -0.58534735 -2.47058153 0.39062467
v -0.58548748 -2.59520292 0.3906359
v -0.50774592 -2.47111654 0.43324071
v -0.50895386 -2.59581065 0.43246111
v -0.46446213 -2.47147488 0.50699257
v -0.4658502 -2.59620523 0.5055747
v -0.43238475 -2.47153472 0.5869041
v -0.4324643 -2.59618926 0.58459085
v -0.44782808 -2.47163486 0.68252217
v -0.4473358 -2.59641456 0.68171495
v -0.43484702 -2.47166609 0.68684762
v -0.4343616 -2.59644317 0.68600595
v -0.28270658 -2.47065663 0.67605823
v -0.27770692 -2.59503245 0.67567652
v -0.13768912 -2.47015094 0.69011551
v -0.13777953 -2.59470224 0.69022101
v -0.05297515 -2.47068357 0.66537189
v -0.05434382 -2.59531736 0.66567474
v 0.02971107 -2.47104454 0.68703454
v 0.02788972 -2.59572672 0.68697404
v 0.10930446 -2.47110676 0.72078907
v 0.10766287 -2.59573149 0.71925926
v 0.16595356 -2.4712181 0.79928147
v 0.16573104 -2.59598445 0.79836404
v 0.17819172 -2.47125148 0.79315817
v 0.17794044 -2.59601783 0.79222446
v 0.27813896 -2.47029304 0.67795181
v 0.28140074 -2.59469962 0.67415231
v 0.39062455 -2.46983766 0.58534586
v 0.39063456 -2.59444999 0.58548635
v 0.43284687 -2.47038745 0.50812321
v 0.43217316 -2.59509182 0.50922834
v 0.50651729 -2.47076702 0.46535953
v 0.5053268 -2.59552645 0.46636584
v 0.58663398 -2.47084736 0.43238467
v 0.58451694 -2.59555697 0.43246504
v 0.68252396 -2.47097635 0.44783073
v 0.68171966 -2.59583759 0.4473392
v 0.68685078 -2.47101211 0.43484905
v 0.68601149 -2.59587478 0.43436551
v 0.67607897 -2.47000694 0.28396278
v 0.67573159 -2.59449791 0.27988237
v 0.69011575 -2.46947574 0.13768835
v 0.69022053 -2.59414672 0.13777837
v 0.66538113 -2.47006344 0.05238769
v 0.66570138 -2.59483885 0.05293361
v 0.68706566 -2.47047925 -0.0296147
v 0.68675619 -2.59531068 -0.02853873
v 0.72055369 -2.47060132 -0.1090697
v 0.71937245 -2.59538173 -0.10777808
v 0.79928255 -2.4707756 -0.16595482
v 0.79836696 -2.59570312 -0.16573256
v 0.79316026 -2.47081852 -0.17819292
v 0.79222822 -2.59574699 -0.17794065
v 0.67795831 -2.46996069 -0.27813088
v 0.67416101 -2.59452605 -0.28139263
v 0.5853461 -2.46960687 -0.39062488
v 0.5854851 -2.59437036 -0.39063549
v 0.5078333 -2.47023963 -0.4331485
v 0.50895762 -2.59509468 -0.43245524
v 0.46539163 -2.47070074 -0.50650137
v 0.46644291 -2.59561181 -0.50528925
v 0.43238431 -2.47087836 -0.58624631
v 0.43246713 -2.59572911 -0.5841577
v 0.44782963 -2.47110366 -0.68252408
v 0.44733858 -2.59609627 -0.6817184
v 0.43484765 -2.47115373 -0.68685108
v 0.43436384 -2.59614586 -0.68600958
v 0.28236654 -2.47033286 -0.67605155
v 0.27753678 -2.59493947 -0.67567265
v 0.1376883 -2.47001838 -0.69011545
v 0.13777966 -2.59480762 -0.69022256
v 0.05293409 -2.47068929 -0.66537404
v 0.05430344 -2.5955646 -0.66567593
v -0.0300591 -2.4711883 -0.68692886
v -0.02803632 -2.59611177 -0.68692189
v -0.02495231 -2.72107696 -0.68841952
v -0.1077387 -2.59625315 -0.71933287
v -0.10540261 -2.72104406 -0.71690285
v -0.16573026 -2.5966432 -0.79835838
v -0.16530795 -2.72153854 -0.79645186
v -0.17793898 -2.59669542 -0.79221868
v -0.17745254 -2.72159075 -0.79033666
v -0.28144931 -2.59556675 -0.67409819
v -0.28824925 -2.71993064 -0.66644972
v -0.39063412 -2.59548068 -0.58548522
v -0.27816137 -2.47092795 -0.67793083
v -0.39062464 -2.47065496 -0.58534759
v -0.43284577 -2.47129392 -0.50812757
v -0.43216598 -2.59619283 -0.50923866
v -0.50651294 -2.47175097 -0.46536415
v -0.50530958 -2.59668541 -0.46638119
v -0.58662331 -2.47190547 -0.43238627
v -0.58449184 -2.59676003 -0.43246537
v -0.68251931 -2.47209501 -0.44782808
v -0.68170946 -2.59707236 -0.44733285
v -0.68684405 -2.47213792 -0.43484568
v -0.6827991 -2.34707927 -0.44796022
v -0.68717587 -2.34712743 -0.43501099
v -0.67602479 -2.34652566 -0.28431797
v -0.68724137 -2.22214651 -0.43499806
v -0.67600822 -2.22177529 -0.28365758
v -0.68991798 -2.22143101 -0.13762301
v -0.69002091 -2.34609532 -0.13764308
v -0.6645317 -2.22207808 -0.05355216
v -0.66500997 -2.34670329 -0.05289994
v -0.68694031 -2.22250437 0.02847038
v -0.68708443 -2.34711742 0.02935585
v -0.72027057 -2.22250866 0.10979922
v -0.72089874 -2.34719085 0.10961785
v -0.79948788 -2.22221517 0.16610004
v -0.7995662 -2.34710216 0.16605784
v -0.79354137 -2.22225379 0.17836134
v -0.79350596 -2.3471415 0.17830754
v -0.67858827 -2.22177505 0.27743211
v -0.6790598 -2.34645366 0.27698245
v -0.58515882 -2.2213428 0.39053022
v -0.58524483 -2.34594392 0.39058923
v -0.50711643 -2.2219541 0.43269044
v -0.50725549 -2.34650969 0.43322187
v -0.46372795 -2.22235059 0.50690156
v -0.46379825 -2.34687924 0.50731509
v -0.43177563 -2.22228932 0.58780038
v -0.43216103 -2.34690499 0.5879364
v -0.44787061 -2.22195386 0.6827746
v -0.44795653 -2.34678912 0.68279683
v -0.43499681 -2.2219882 0.68723911
v -0.43501198 -2.34682464 0.68717736
v -0.28365483 -2.22147083 0.67600846
v -0.28431817 -2.34610295 0.67602497
v -0.13762341 -2.22100687 0.68991667
v -0.13764388 -2.34556675 0.69002002
v -0.05310337 -2.2215929 0.66453599
v -0.05268521 -2.34611678 0.66501128
v 0.02982457 -2.22195816 0.68654578
v 0.03021049 -2.34647274 0.68684679
v 0.11031667 -2.22187972 0.720936
v 0.11013445 -2.34649348 0.72130012
v 0.16610162 -2.22152853 0.7994892
v 0.16605827 -2.34637308 0.79956483
v 0.17836277 -2.22156071 0.79354208
v 0.17830891 -2.34640812 0.79350924
v 0.2774375 -2.22103405 0.67858362
v 0.27697837 -2.34570598 0.67906504
v 0.39053028 -2.22056579 0.58515769
v 0.39058923 -2.34519219 0.58524477
v 0.43194043 -2.22114372 0.50784075
v 0.43271231 -2.3457489 0.50774353
v 0.50579059 -2.2215054 0.46577271
v 0.5065236 -2.34611153 0.46525591
v 0.58699989 -2.22143387 0.43176952
v 0.58737075 -2.34614396 0.43215769
v 0.68277448 -2.22108006 0.44787168
v 0.68279898 -2.34603261 0.44796025
v 0.68723893 -2.22111296 0.43499699
v 0.68718063 -2.34606933 0.43501341
v 0.67601466 -2.22054243 0.28398135
v 0.67603802 -2.34532427 0.28498548
v 0.68991619 -2.22003316 0.13762192
v 0.69001841 -2.34475398 0.13764107
v 0.66452562 -2.2206428 0.05357952
v 0.6650092 -2.3453443 0.0526489
v 0.68702781 -2.22103929 -0.02819568
v 0.68709725 -2.34574365 -0.02936536
v 0.72017991 -2.2210164 -0.10956797
v 0.72077918 -2.34582448 -0.10961676
v 0.79948538 -2.22071456 -0.16609983
v 0.79956787 -2.34575986 -0.16605831
v 0.79354119 -2.22075533 -0.17836153
v 0.79350823 -2.34580373 -0.17830848
v 0.67858177 -2.22032928 -0.27743789
v 0.67906719 -2.34520077 -0.27697637
v 0.5851584 -2.21997594 -0.39053076
v 0.58524489 -2.3447926 -0.39058959
v 0.50767678 -2.22065377 -0.43210572
v 0.50750571 -2.34544038 -0.43295806
v 0.46568939 -2.22111368 -0.50583493
v 0.46521911 -2.34589433 -0.50654268
v 0.43176701 -2.22115945 -0.58680516
v 0.43215686 -2.34602928 -0.58704608
v 0.44787058 -2.22093105 -0.68277257
v 0.44796085 -2.34602737 -0.68280237
v 0.43499654 -2.22098255 -0.6872397
v 0.43501225 -2.3460803 -0.68717974
v 0.28224581 -2.22064447 -0.67597878
v 0.28358712 -2.34554004 -0.67601007
v 0.13762058 -2.22037506 -0.68991696
v 0.13764047 -2.34519434 -0.69001758
v 0.05295036 -2.22110152 -0.66453635
v 0.05257303 -2.34588646 -0.66501331
v -0.03068094 -2.22160935 -0.68627572
v -0.03083249 -2.34637808 -0.68666195
v -0.11021141 -2.22170066 -0.72083073
v -0.11024265 -2.34653568 -0.72140914
v -0.10943887 -2.47138452 -0.72092264
v -0.16605733 -2.34656262 -0.79956919
v -0.16595466 -2.471632 -0.79927921
v -0.17830826 -2.34661865 -0.79350841
v -0.17819137 -2.47168469 -0.79315888
v -0.27698686 -2.34614133 -0.6790564
v -0.17836278 -2.22156596 -0.7935422
v -0.27744248 -2.22129416 -0.67857813
v -0.3905313 -2.22107172 -0.5851593
v -0.39058914 -2.34583616 -0.58524519
v -0.43194747 -2.22178554 -0.50783753
v -0.43271097 -2.34650611 -0.50775063
v -0.50579816 -2.22227716 -0.46576359
v -0.50652539 -2.34697246 -0.46525472
v -0.58700907 -2.22233223 -0.43177253
v -0.58737093 -2.34710049 -0.43216058
v -0.68277448 -2.22209835 -0.44787362
v -0.58596438 -2.09756684 -0.43121519
v -0.68266153 -2.09720134 -0.44772082
v -0.68725371 -2.0972476 -0.43494167
v -0.68250584 -1.97240519 -0.44754597
v -0.68726187 -1.97244834 -0.43487504
v -0.67583334 -1.9723525 -0.27899962
v -0.67593127 -2.09704303 -0.28152245
v -0.68966811 -1.97218573 -0.13759592
v -0.68980169 -2.09679794 -0.13760955
v -0.66325348 -1.97286021 -0.05779423
v -0.66393786 -2.09747576 -0.05516557
v -0.68687689 -1.97326231 0.024885
v -0.68683159 -2.09787797 0.02702562
v -0.71789938 -1.97318053 0.10899547
v -0.71929776 -2.09781813 0.10939323
v -0.79906743 -1.97266686 0.16614055
v -0.79930043 -2.09739446 0.16612744
v -0.79347175 -1.9726994 0.17846489
v -0.79351103 -2.09743118 0.17841078
v -0.67520713 -1.97247147 0.28056827
v -0.6770364 -2.09710907 0.27887496
v -0.58496254 -1.97218859 0.39037609
v -0.58506703 -2.09676146 0.39045861
v -0.50886476 -1.97284615 0.42913138
v -0.50749671 -2.09740543 0.43147376
v -0.46562922 -1.97320902 0.50457263
v -0.464271 -2.09778213 0.50598543
v -0.43056559 -1.97305786 0.58488768
v -0.43121907 -2.09766268 0.58670234
v -0.44754576 -1.97249198 0.68250751
v -0.44772079 -2.09718155 0.68266075
v -0.43487435 -1.97251844 0.68726015
v -0.43494075 -2.09721279 0.68725246
v -0.2789984 -1.97224843 0.67583322
v -0.28152057 -2.09684824 0.67593133
v -0.13759458 -1.97191715 0.6896674
v -0.13760958 -2.09645938 0.68980038
v -0.05705967 -1.97252726 0.6632567
v -0.05440095 -2.09706378 0.66394156
v 0.02698097 -1.97283613 0.68620991
v 0.02879427 -2.09740042 0.68628877
v 0.10950051 -1.97264814 0.7184146
v 0.11006886 -2.09725308 0.71990239
v 0.16614161 -1.97203826 0.79906684
v 0.16612823 -2.09674263 0.79929953
v 0.17846505 -1.97205746 0.79346865
v 0.17841143 -2.09676933 0.79351162
v 0.28059876 -1.97171747 0.67517399
v 0.2788898 -2.09636664 0.67702192
v 0.39037451 -1.97132563 0.58496171
v 0.39045769 -2.09594631 0.58506441
v 0.4280965 -1.97187852 0.50987601
v 0.43042257 -2.09653282 0.50851792
v 0.50324553 -1.97216522 0.46816715
v 0.50471723 -2.09684824 0.46666145
v 0.58464199 -1.97196042 0.43055787
v 0.58594477 -2.0966916 0.43121013
v 0.68250495 -1.97132253 0.44754403
v 0.68266099 -2.0961709 0.44771966
v 0.68726086 -1.9713397 0.43487319
v 0.68725305 -2.09619665 0.43494215
v 0.67583578 -1.97094547 0.27915233
v 0.67593437 -2.0957508 0.28170153
v 0.68966615 -1.97051644 0.13759355
v 0.68979835 -2.09529209 0.13760832
v 0.66324222 -1.97109592 0.05815579
v 0.66392827 -2.09590601 0.05537808
v 0.687047 -1.9714204 -0.02430784
v 0.68698453 -2.09626078 -0.02653571
v 0.71739846 -1.97127509 -0.1085082
v 0.71894329 -2.09615612 -0.10912518
v 0.7990641 -1.9707005 -0.1661424
v 0.7992981 -2.09569048 -0.16612787
v 0.79346889 -1.97072815 -0.17846465
v 0.79351156 -2.09572577 -0.17841151
v 0.67519164 -1.9704951 -0.28058233
v 0.67702245 -2.09542775 -0.27888798
v 0.58495998 -1.9702363 -0.39037427
v 0.58506506 -2.09512996 -0.39045742
v 0.50980627 -1.97091245 -0.4281626
v 0.50841659 -2.09582376 -0.43052271
v 0.46800041 -1.97134578 -0.50332784
v 0.46654924 -2.09625649 -0.50477635
v 0.43055525 -1.97129797 -0.58472406
v 0.43120694 -2.09624004 -0.58589661
v 0.44754388 -1.97083759 -0.68250405
v 0.44771951 -2.09586191 -0.68265938
v 0.43487122 -1.97088074 -0.68726271
v 0.43494129 -2.09591031 -0.68725377
v 0.27792069 -1.97080707 -0.67581117
v 0.27998042 -2.09572649 -0.67589926
v 0.1375925 -1.9706844 -0.68966656
v 0.13760823 -2.09553289 -0.68979954
v 0.05744012 -1.97146666 -0.66324967
v 0.05433025 -2.09629631 -0.66394221
v -0.02692185 -1.9719876 -0.68622756
v -0.02953894 -2.09683394 -0.68604689
v -0.10851216 -1.97199881 -0.71739906
v -0.10955116 -2.09684824 -0.71945154
v -0.16614192 -1.9715991 -0.79906624
v -0.16612848 -2.09652042 -0.79929947
v -0.1661006 -2.22150993 -0.799488
v -0.17841148 -2.09657359 -0.79351151
v -0.17846551 -1.97164928 -0.79346978
v -0.28061118 -1.97166597 -0.67516195
v -0.27889776 -2.09647131 -0.67701441
v -0.39037564 -1.97161495 -0.58496236
v -0.39045813 -2.09633588 -0.58506643
v -0.4281201 -1.97236299 -0.50985801
v -0.43043699 -2.09708523 -0.50850933
v -0.50326323 -1.97284591 -0.46813839
v -0.5047208 -2.09756302 -0.466663
v -0.58467733 -1.97284281 -0.43056374
v -0.49788183 -1.84807729 -0.47147423
v -0.58569347 -1.84810888 -0.42983767
v -0.68230712 -1.84772002 -0.44736412
v -0.58316439 -1.72342848 -0.42934376
v -0.6820802 -1.72308564 -0.44718015
v -0.68723899 -1.7231214 -0.43473076
v -0.68726581 -1.84775614 -0.43480697
v -0.67566472 -1.7231872 -0.275864
v -0.67572474 -1.84773635 -0.27611908
v -0.68938893 -1.72303056 -0.13756105
v -0.68952471 -1.84761631 -0.13757729
v -0.66349411 -1.72364187 -0.06745749
v -0.66305917 -1.84824597 -0.06187376
v -0.6816228 -1.72400617 0.01523493
v -0.68546754 -1.84858799 0.018704
v -0.71596348 -1.72390985 0.10877736
v -0.71810877 -1.84852421 0.11022459
v -0.79850971 -1.72344684 0.16610029
v -0.7988038 -1.84804117 0.1661318
v -0.79335373 -1.72346782 0.17855125
v -0.79342353 -1.84806561 0.17851395
v -0.67305201 -1.72336065 0.28249058
v -0.67314934 -1.84789431 0.28247338
v -0.58474224 -1.72305631 0.39020136
v -0.58484786 -1.84764623 0.39028614
v -0.51652044 -1.72364676 0.42169168
v -0.51299136 -1.84821605 0.42484051
v -0.47105827 -1.72394096 0.49425756
v -0.46804133 -1.84857666 0.50264143
v -0.42933991 -1.72382903 0.58262103
v -0.42979449 -1.8484441 0.58291858
v -0.44717967 -1.72333061 0.68208104
v -0.44736522 -1.84789657 0.68231058
v -0.43473118 -1.72334718 0.68724072
v -0.43480581 -1.84791469 0.6872636
v -0.27586367 -1.72321081 0.67566502
v -0.27611896 -1.84770274 0.67572462
v -0.13756118 -1.72287333 0.68938881
v -0.13757644 -1.84740901 0.68952339
v -0.06716063 -1.72340059 0.66343611
v -0.06282419 -1.84792566 0.66323792
v 0.0164852 -1.7236402 0.68264448
v 0.02415376 -1.84823465 0.68647408
v 0.10917081 -1.7234379 0.71636211
v 0.10887165 -1.84803879 0.71670937
v 0.16609944 -1.72285342 0.79850834
v 0.16613093 -1.84742856 0.79880142
v 0.17855173 -1.72285747 0.79335409
v 0.1785143 -1.84743785 0.79342269
v 0.28267082 -1.72256803 0.67286473
v 0.28254795 -1.84711504 0.67307108
v 0.39019972 -1.72208833 0.58473837
v 0.39028629 -1.84672427 0.58484739
v 0.4213804 -1.72253012 0.51696717
v 0.4250682 -1.8472073 0.51264423
v 0.49249211 -1.72271442 0.47122421
v 0.49777242 -1.8474034 0.47148132
v 0.58299416 -1.72241675 0.42933929
v 0.58561378 -1.84717977 0.42983156
v 0.68207895 -1.72175264 0.44717836
v 0.68230623 -1.84654045 0.44736293
v 0.68723928 -1.72174871 0.43472939
v 0.68726313 -1.84654414 0.43480488
v 0.67567306 -1.721367 0.27636712
v 0.67572838 -1.84615254 0.27637165
v 0.6893835 -1.72080719 0.13755963
v 0.68952226 -1.84570932 0.13757649
v 0.66363704 -1.72127962 0.06827522
v 0.66313707 -1.84622013 0.0623347
v 0.68089151 -1.72150802 -0.01437226
v 0.68489688 -1.84645974 -0.01802292
v 0.71505177 -1.72129309 -0.1078931
v 0.71737158 -1.84630417 -0.10952349
v 0.79850131 -1.72071933 -0.1660992
v 0.79879432 -1.84573543 -0.16613021
v 0.79335326 -1.72073078 -0.1785528
v 0.79342258 -1.845752 -0.17851468
v 0.67302477 -1.72055804 -0.28251543
v 0.67313742 -1.8455429 -0.28248387
v 0.58474022 -1.72023129 -0.39020016
v 0.58484703 -1.84529304 -0.39028579
v 0.51700168 -1.72084486 -0.42134809
v 0.51256966 -1.84591937 -0.42511221
v 0.47115477 -1.72123134 -0.49310749
v 0.47143563 -1.84628486 -0.49813872
v 0.4293392 -1.72118198 -0.58338213
v 0.42983168 -1.84626257 -0.58584123
v 0.4471769 -1.72080564 -0.68207722
v 0.44736206 -1.84584665 -0.68230527
v 0.4347282 -1.72084188 -0.68723815
v 0.4348053 -1.84588241 -0.68726438
v 0.28060743 -1.72096467 -0.67575591
v 0.27640274 -1.8458898 -0.67572969
v 0.1586851 -1.72072255 -0.68701249
v 0.13757604 -1.84576904 -0.68952417
v 0.0721792 -1.72149324 -0.66442829
v 0.06323088 -1.84655427 -0.66332328
v -0.0150228 -1.72206223 -0.68143039
v -0.02085236 -1.84694111 -0.68721067
v -0.10735844 -1.72217679 -0.71451228
v -0.10748577 -1.84711313 -0.71527338
v -0.16609899 -1.72190761 -0.79850667
v -0.16613119 -1.84675145 -0.79879909
v -0.17855142 -1.72195565 -0.79335182
v -0.17851391 -1.84679698 -0.79342258
v -0.28269648 -1.72219681 -0.67283707
v -0.28256544 -1.84691214 -0.67305237
v -0.39020147 -1.72221303 -0.58474242
v -0.39028629 -1.84692668 -0.58484774
v -0.42145252 -1.72292482 -0.5168668
v -0.42510175 -1.84764158 -0.51259857
v -0.49271836 -1.7234013 -0.47120761
v -0.41562706 -1.59802591 -0.52490866
v -0.48699137 -1.59867942 -0.47116884
v -0.57982736 -1.59881389 -0.42892614
v -0.4813413 -1.47398281 -0.47141301
v -0.57649242 -1.4742105 -0.42853876
v -0.68154823 -1.47402036 -0.44678932
v -0.68183004 -1.59853267 -0.44699138
v -0.68703454 -1.47405958 -0.43452158
v -0.68717384 -1.59856319 -0.43464112
v -0.67567724 -1.4742912 -0.28319883
v -0.6756975 -1.59870076 -0.28076666
v -0.68522155 -1.4742285 -0.16902974
v -0.68684309 -1.59829676 -0.16000632
v -0.6662541 -1.47442972 -0.08493425
v -0.66505479 -1.59887456 -0.07724156
v -0.6736896 -1.4747529 0.00700231
v -0.67753487 -1.59937441 0.01120105
v -0.71063602 -1.47475791 0.10458736
v -0.71328777 -1.59934735 0.10669363
v -0.79785561 -1.47435581 0.16600012
v -0.79820001 -1.59890055 0.1660553
v -0.79305863 -1.47437095 0.17855435
v -0.79324281 -1.59891367 0.17856732
v -0.67894059 -1.47435629 0.27664393
v -0.67684197 -1.59885072 0.27875915
v -0.60462731 -1.47409927 0.36416026
v -0.59930998 -1.59828245 0.37185007
v -0.53224176 -1.47424793 0.41034871
v -0.52500289 -1.5988326 0.41556745
v -0.47153213 -1.47460627 0.48052176
v -0.47111526 -1.59931218 0.48737251
v -0.42853727 -1.47468435 0.57552999
v -0.42892384 -1.59927105 0.57911551
v -0.44678938 -1.47430825 0.68154978
v -0.44699019 -1.5988183 0.68182945
v -0.43452 -1.4743272 0.68703478
v -0.43463951 -1.5988295 0.68717229
v -0.28316849 -1.47437501 0.67567616
v -0.28074368 -1.59877204 0.67569875
v -0.16895203 -1.47417926 0.68523514
v -0.15995332 -1.59821748 0.6868506
v -0.08469532 -1.47427976 0.6662026
v -0.07691694 -1.59868049 0.66498881
v 0.00740746 -1.47450387 0.67399203
v 0.01191137 -1.59906685 0.67806267
v 0.10483977 -1.47440111 0.71088731
v 0.10708399 -1.598917 0.71368295
v 0.16600073 -1.47387409 0.79785442
v 0.16605563 -1.59834682 0.79819691
v 0.17855499 -1.47387206 0.79305845
v 0.17856746 -1.5983411 0.79324078
v 0.27743211 -1.47366404 0.67812264
v 0.27918908 -1.5980848 0.67639452
v 0.36480081 -1.4732486 0.60418611
v 0.37239071 -1.59735727 0.59890967
v 0.41081756 -1.47315883 0.53152436
v 0.41549316 -1.59769296 0.52510827
v 0.48063954 -1.47317433 0.47151026
v 0.4865852 -1.59796094 0.47122272
v 0.57592314 -1.47289443 0.42853325
v 0.57947343 -1.59768331 0.4289214
v 0.68154513 -1.47218298 0.44678586
v 0.68182742 -1.59698319 0.44698914
v 0.6870324 -1.47216033 0.43451958
v 0.68717092 -1.59696507 0.4346379
v 0.67570233 -1.47176802 0.28462144
v 0.67571866 -1.59658193 0.2818796
v 0.68489444 -1.47121405 0.17081214
v 0.68660366 -1.59571802 0.16154183
v 0.66688436 -1.47108936 0.08771096
v 0.6653338 -1.59608662 0.07864
v 0.67229068 -1.47120642 -0.00516118
v 0.67664384 -1.59642922 -0.01003722
v 0.70930796 -1.47106766 -0.10328204
v 0.71219599 -1.59625196 -0.10562052
v 0.79784345 -1.47049856 -0.1659974
v 0.79819124 -1.59566533 -0.16605533
v 0.79305338 -1.47049844 -0.17855329
v 0.79323643 -1.59566605 -0.17856718
v 0.67865437 -1.47037029 -0.27691689
v 0.67659896 -1.59550976 -0.27899158
v 0.60466414 -1.47008204 -0.3641133
v 0.59963786 -1.59489131 -0.3713991
v 0.53233796 -1.47023594 -0.41027513
v 0.52543729 -1.59547007 -0.41527012
v 0.47146192 -1.47062933 -0.48092162
v 0.47110524 -1.59601616 -0.48731714
v 0.42853027 -1.47079575 -0.57680833
v 0.42892101 -1.59606301 -0.58007001
v 0.44678279 -1.4705491 -0.68153983
v 0.44698584 -1.59573292 -0.68182426
v 0.43451541 -1.47058785 -0.68702846
v 0.43463611 -1.59576463 -0.68716889
v 0.28611156 -1.47088801 -0.67563921
v 0.28436905 -1.59596622 -0.67576623
v 0.17317281 -1.4709661 -0.68449688
v 0.16879379 -1.59590947 -0.68533229
v 0.0885473 -1.47132444 -0.66705328
v 0.08205528 -1.59634721 -0.66597932
v -0.00532716 -1.47191846 -0.67241793
v -0.00954881 -1.59698045 -0.67628365
v -0.10353706 -1.4723165 -0.70956736
v -0.10535598 -1.59723043 -0.71193164
v -0.16599963 -1.47228682 -0.79785019
v -0.16605404 -1.59709787 -0.79818832
v -0.17855426 -1.47234833 -0.79305785
v -0.17856986 -1.59714627 -0.7932406
v -0.27751591 -1.47286105 -0.67803615
v -0.27924168 -1.59750556 -0.67634111
v -0.36498305 -1.47304618 -0.6040613
v -0.37248683 -1.59729194 -0.59884214
v -0.4110516 -1.4734534 -0.53117102
v -0.36303854 -1.34861278 -0.60540872
v -0.4090543 -1.3489654 -0.53384929
v -0.478363 -1.34936547 -0.47147759
v -0.40936619 -1.22455334 -0.53341227
v -0.47889724 -1.22490954 -0.47125443
v -0.57328295 -1.22530186 -0.42806682
v -0.57398402 -1.34967792 -0.42823833
v -0.68090486 -1.22550535 -0.44634029
v -0.68124318 -1.34969794 -0.44657209
v -0.68649351 -1.22552943 -0.43415817
v -0.68680161 -1.34972989 -0.43435704
v -0.67550534 -1.22575545 -0.28296318
v -0.67561107 -1.34998738 -0.28373214
v -0.68473351 -1.2257899 -0.17180647
v -0.68479657 -1.34999167 -0.17138066
v -0.66665393 -1.22576212 -0.08775688
v -0.66673898 -1.35006499 -0.08826473
v -0.67181378 -1.22575163 0.00534484
v -0.67160749 -1.35018765 0.00482396
v -0.70800006 -1.22574734 0.10262146
v -0.70863658 -1.35020089 0.10301502
v -0.79708439 -1.22554969 0.16586251
v -0.79748797 -1.34992981 0.16593758
v -0.79241973 -1.22553181 0.17842869
v -0.79277867 -1.34993028 0.1785063
v -0.68076461 -1.22538745 0.27404323
v -0.68010962 -1.34985506 0.27521914
v -0.60835319 -1.22500348 0.35879707
v -0.60727852 -1.34958684 0.36032363
v -0.54069399 -1.22489941 0.4062204
v -0.53723257 -1.3496145 0.40698006
v -0.4727464 -1.22521483 0.47274684
v -0.47195413 -1.34993815 0.47549021
v -0.42805954 -1.22551095 0.57053744
v -0.42823296 -1.35010552 0.57223224
v -0.44634139 -1.22554445 0.68090754
v -0.44657185 -1.34992051 0.68124353
v -0.43415683 -1.22555208 0.68649244
v -0.43435576 -1.34993243 0.68680328
v -0.28295546 -1.22569596 0.67550653
v -0.28371009 -1.35003721 0.6756097
v -0.17179714 -1.22570049 0.6847347
v -0.17132487 -1.34994292 0.68480628
v -0.08772394 -1.22567141 0.66664588
v -0.08812285 -1.34995043 0.66670805
v 0.00534265 -1.22565794 0.67181044
v 0.00501904 -1.35000979 0.67175531
v 0.10265936 -1.2256453 0.70803803
v 0.10314159 -1.34994781 0.70876163
v 0.16586269 -1.22541379 0.79708528
v 0.165938 -1.34958124 0.79748678
v 0.17842873 -1.22538626 0.79241949
v 0.17850619 -1.34956693 0.79277956
v 0.27710789 -1.22512424 0.67822974
v 0.27695539 -1.34933888 0.67850738
v 0.36290383 -1.22467148 0.60552042
v 0.36281147 -1.34894812 0.60556495
v 0.40896016 -1.22428214 0.53403878
v 0.40870931 -1.34869527 0.53437733
v 0.47732028 -1.22388124 0.4714747
v 0.47725418 -1.34848403 0.4716303
v 0.57185518 -1.22345602 0.42806127
v 0.57304936 -1.34812772 0.42823106
v 0.68089765 -1.22279739 0.44633549
v 0.6812399 -1.34747314 0.44656953
v 0.68648529 -1.22272419 0.43415182
v 0.68679708 -1.34742748 0.43435284
v 0.67507219 -1.22199547 0.28794065
v 0.67543536 -1.34689915 0.28668171
v 0.68383455 -1.22122252 0.17669625
v 0.68415576 -1.34630203 0.17481254
v 0.66934675 -1.22077667 0.09620528
v 0.66806709 -1.34601998 0.09342126
v 0.66781634 -1.22061407 0.00155515
v 0.66927284 -1.34595441 -0.00111479
v 0.70515412 -1.22046124 -0.09979973
v 0.70672941 -1.3457942 -0.10113507
v 0.79706859 -1.22009444 -0.16585958
v 0.79747337 -1.34533774 -0.16593539
v 0.79240286 -1.22005963 -0.17842368
v 0.7927668 -1.34532141 -0.178504
v 0.68067097 -1.21980726 -0.27417954
v 0.68004363 -1.34512829 -0.27531436
v 0.60824859 -1.21936631 -0.35892903
v 0.60719519 -1.34480691 -0.36044514
v 0.54020816 -1.2192552 -0.40648782
v 0.53662306 -1.34484601 -0.40738508
v 0.47231277 -1.21959257 -0.4739525
v 0.47168543 -1.34519839 -0.47682115
v 0.42805704 -1.2199428 -0.57205277
v 0.42823013 -1.34542465 -0.574108
v 0.44632947 -1.22008061 -0.68089056
v 0.4465641 -1.34536588 -0.68123269
v 0.43414837 -1.22010278 -0.68647933
v 0.43435105 -1.34539556 -0.68679291
v 0.28808751 -1.22045898 -0.67503923
v 0.28729471 -1.34571421 -0.67530071
v 0.17687471 -1.22056198 -0.68379855
v 0.1758725 -1.34580683 -0.68396896
v 0.09504919 -1.22088146 -0.66959106
v 0.09298845 -1.34614801 -0.66798567
v -0.00086788 -1.22160697 -0.66897386
v -0.00269032 -1.3468157 -0.67002624
v -0.10159717 -1.22236466 -0.70696246
v -0.10220091 -1.34736466 -0.70780599
v -0.16586133 -1.22289824 -0.79707574
v -0.16593615 -1.34758663 -0.79748135
v -0.17842748 -1.22296345 -0.79241138
v -0.17850548 -1.34764766 -0.79277396
v -0.27759259 -1.22370457 -0.67772197
v -0.27710211 -1.34827852 -0.67835521
v -0.36271944 -1.22419428 -0.60563772
v -0.27814072 -1.09928453 -0.67703157
v -0.36556798 -1.10004198 -0.60368102
v -0.41210997 -1.10041403 -0.52921497
v -0.37393873 -0.97605401 -0.59758448
v -0.41640439 -0.97644799 -0.52258992
v -0.48844471 -0.9767059 -0.47006887
v -0.48263332 -1.1006881 -0.47075876
v -0.57670587 -0.9771583 -0.42805594
v -0.5744028 -1.10109686 -0.42803111
v -0.68010115 -0.97753715 -0.44580918
v -0.68053215 -1.10142135 -0.44609233
v -0.68563514 -0.97756433 -0.43364846
v -0.68610471 -1.10144507 -0.43392452
v -0.67524075 -0.97783291 -0.27723613
v -0.67541176 -1.10174751 -0.2821415
v -0.68694382 -0.97804254 -0.15834425
v -0.68534112 -1.10185289 -0.16850817
v -0.66398203 -0.97773081 -0.07514254
v -0.6656304 -1.10169959 -0.08287162
v -0.67765671 -0.97732853 0.012844
v -0.67408156 -1.10146772 0.00830693
v -0.71029222 -0.97709298 0.10493125
v -0.70872592 -1.10134685 0.10339822
v -0.79613643 -0.97677034 0.16567093
v -0.79664349 -1.10114884 0.16577392
v -0.79144918 -0.97671532 0.17818097
v -0.79197657 -1.10111463 0.17831854
v -0.68167704 -0.97621828 0.27221983
v -0.68121635 -1.10083389 0.27315333
v -0.61115449 -0.97558784 0.3547832
v -0.60984587 -1.10034751 0.35669177
v -0.54488182 -0.97534233 0.40527141
v -0.54301577 -1.10018932 0.40597185
v -0.47309625 -0.97550308 0.47227644
v -0.47302055 -1.10043072 0.47204262
v -0.42812988 -0.97604191 0.56938111
v -0.42802637 -1.10083961 0.56971949
v -0.4458056 -0.97654527 0.6800971
v -0.44609025 -1.10106623 0.68053084
v -0.43364661 -0.97659856 0.68563312
v -0.43392238 -1.10108757 0.68610221
v -0.27723902 -0.97723126 0.67524164
v -0.2821457 -1.10146641 0.67541194
v -0.15842568 -0.9777711 0.68693357
v -0.16855193 -1.10167491 0.68533307
v -0.07564949 -0.97774249 0.66408711
v -0.08303659 -1.10164213 0.66566497
v 0.01232258 -0.97759312 0.67726773
v 0.00811145 -1.101529 0.67393446
v 0.10470579 -0.97757005 0.71010625
v 0.10335253 -1.10149025 0.70868057
v 0.16567127 -0.97746247 0.79613876
v 0.16577506 -1.10134232 0.79664337
v 0.17818236 -0.97743374 0.79145348
v 0.17831848 -1.10131144 0.79197859
v 0.28138449 -0.97706461 0.67355173
v 0.27795016 -1.10102736 0.67723101
v 0.37362033 -0.97672897 0.59783089
v 0.36520016 -1.10065782 0.60394042
v 0.41589179 -0.97600168 0.52336484
v 0.41161456 -1.10010314 0.52997714
v 0.48645058 -0.9751684 0.47035956
v 0.48075756 -1.09946584 0.47102585
v 0.57528996 -0.97442108 0.42808982
v 0.57278931 -1.0988599 0.4280284
v 0.68008697 -0.97354292 0.44579935
v 0.68052172 -1.09811592 0.44608482
v 0.68561947 -0.97341668 0.43363905
v 0.68608939 -1.09801912 0.43391707
v 0.67463809 -0.9721083 0.28891286
v 0.67484557 -1.0970726 0.28850707
v 0.68318414 -0.97082388 0.18048219
v 0.68354958 -1.09604919 0.1784991
v 0.67163771 -0.96995812 0.09843011
v 0.67067551 -1.09540867 0.09737151
v 0.66795885 -0.96947932 0.00170277
v 0.66764479 -1.09514355 0.00200627
v 0.70468473 -0.9692983 -0.0991861
v 0.70457768 -1.09497785 -0.09925763
v 0.79610216 -0.96901035 -0.16566208
v 0.7966178 -1.09462904 -0.16576945
v 0.79141587 -0.96897023 -0.17817184
v 0.79195058 -1.09458661 -0.17831204
v 0.68150579 -0.96861201 -0.27247235
v 0.6810739 -1.09428131 -0.2733652
v 0.61124169 -0.96804416 -0.35464829
v 0.60976737 -1.09377396 -0.35678273
v 0.5437957 -0.96781694 -0.40580454
v 0.5425257 -1.09359967 -0.40621089
v 0.47262284 -0.96796286 -0.47363025
v 0.47257086 -1.09383797 -0.47332972
v 0.42805862 -0.96846318 -0.57077837
v 0.4280276 -1.09428226 -0.57128822
v 0.44578668 -0.96892392 -0.68006968
v 0.44607576 -1.09456718 -0.68050968
v 0.43362712 -0.96896624 -0.6856023
v 0.43390673 -1.09459543 -0.68607848
v 0.28946891 -0.96947866 -0.6745134
v 0.28871697 -1.09503066 -0.67479801
v 0.18107038 -0.96968227 -0.68305993
v 0.17893192 -1.09518647 -0.68345683
v 0.09718573 -0.97009164 -0.67134028
v 0.09635241 -1.0955559 -0.67084413
v -0.00102551 -0.97092896 -0.66924613
v -0.0006008 -1.09631276 -0.66888022
v -0.1009787 -0.97219508 -0.7063443
v -0.10130234 -1.09730613 -0.70662522
v -0.16566704 -0.97338903 -0.79612225
v -0.16577273 -1.09813416 -0.79663103
v -0.17817798 -0.97351479 -0.79143542
v -0.17831569 -1.09822166 -0.79196578
v -0.28153064 -0.97491711 -0.67339819
v -0.17801813 -0.84902638 -0.79083252
v -0.2847175 -0.85092037 -0.66997051
v -0.38994982 -0.85234755 -0.58473616
v -0.2839809 -0.72738641 -0.6705569
v -0.38993993 -0.72898125 -0.58482039
v -0.42413121 -0.72941285 -0.51117366
v -0.42180407 -0.85265439 -0.51449227
v -0.49566432 -0.72989177 -0.46981883
v -0.4927169 -0.85307014 -0.46988114
v -0.58068072 -0.73042762 -0.42814806
v -0.57900112 -0.85358166 -0.42810642
v -0.67907941 -0.73076391 -0.44513797
v -0.67961412 -0.85395568 -0.44548961
v -0.68451613 -0.73079049 -0.43299397
v -0.68510031 -0.85398244 -0.4333364
v -0.67496526 -0.7310456 -0.27344769
v -0.67507064 -0.85426366 -0.27247756
v -0.68925952 -0.7309165 -0.13779799
v -0.68920701 -0.85426968 -0.13773366
v -0.66131782 -0.73045516 -0.06134461
v -0.66203689 -0.85382324 -0.0654202
v -0.68184006 -0.72999155 0.01724507
v -0.68025541 -0.85345202 0.01566796
v -0.7126227 -0.72945535 0.10713347
v -0.71173107 -0.85308748 0.10629662
v -0.79492962 -0.72860729 0.16542115
v -0.79556208 -0.85252738 0.16555097
v -0.79018729 -0.72848177 0.17784977
v -0.79084783 -0.85243994 0.17802248
v -0.68272942 -0.72703349 0.27004173
v -0.68223393 -0.85157209 0.27109873
v -0.61247307 -0.72557538 0.3528833
v -0.61212462 -0.85063535 0.35337242
v -0.54496967 -0.72472584 0.40538013
v -0.54524129 -0.85016083 0.40503239
v -0.47360923 -0.72520989 0.47213339
v -0.47327837 -0.85038775 0.47238943
v -0.42787277 -0.72673767 0.56858098
v -0.42813244 -0.85129135 0.56891441
v -0.44512927 -0.72819685 0.67906785
v -0.44548443 -0.85217225 0.67960768
v -0.43298649 -0.72833561 0.68450385
v -0.4333336 -0.85226464 0.68509626
v -0.27344724 -0.72975206 0.67496335
v -0.27247193 -0.85329884 0.67506974
v -0.13779923 -0.73060774 0.68925905
v -0.13773395 -0.85397905 0.68920695
v -0.06192545 -0.73064649 0.66143637
v -0.06602373 -0.85393631 0.66216236
v 0.01706362 -0.73072546 0.68168503
v 0.01532361 -0.85396957 0.67996394
v 0.10740041 -0.73085171 0.71257478
v 0.10615989 -0.85401612 0.71161103
v 0.1654234 -0.73073339 0.79494184
v 0.16555282 -0.85389888 0.79556876
v 0.17785169 -0.73070383 0.7901982
v 0.17802405 -0.85386872 0.7908523
v 0.28390514 -0.73029738 0.67063695
v 0.28465917 -0.85347205 0.67003375
v 0.38994219 -0.72955113 0.58481949
v 0.38994932 -0.85284078 0.58473604
v 0.42389628 -0.72863841 0.51153212
v 0.42148727 -0.85199505 0.51497519
v 0.49432224 -0.72769361 0.46994328
v 0.49093386 -0.85116845 0.47003817
v 0.58085304 -0.7267028 0.42812374
v 0.57848811 -0.85036504 0.42795234
v 0.67905432 -0.72538816 0.44511979
v 0.679596 -0.84922564 0.44547739
v 0.68448865 -0.72517573 0.43297892
v 0.68507921 -0.84905725 0.43332505
v 0.67399156 -0.72277963 0.29051867
v 0.67434924 -0.84728431 0.28959637
v 0.68280369 -0.72038912 0.18253645
v 0.68295592 -0.84552633 0.18167452
v 0.67166537 -0.71862697 0.0984037
v 0.67198604 -0.84428805 0.09889771
v 0.66834133 -0.71802192 0.00192638
v 0.66828054 -0.84367042 0.00151947
v 0.70440715 -0.71841591 -0.0992503
v 0.70465534 -0.84364193 -0.09919228
v 0.7948758 -0.71863633 -0.16541042
v 0.79552334 -0.84349227 -0.16554285
v 0.7901318 -0.71859884 -0.17783549
v 0.79080098 -0.84345436 -0.17801031
v 0.68252831 -0.71772968 -0.27033594
v 0.68204104 -0.84294581 -0.27138066
v 0.61219441 -0.71655839 -0.35329443
v 0.61213702 -0.84220445 -0.35335516
v 0.54335874 -0.71581828 -0.40617865
v 0.54393762 -0.84181571 -0.40563014
v 0.4732252 -0.71626913 -0.4732334
v 0.4728111 -0.84200477 -0.47373089
v 0.42818436 -0.71752828 -0.56944817
v 0.42812454 -0.842727 -0.5702176
v 0.44509771 -0.71848404 -0.67902308
v 0.44546148 -0.84338361 -0.67957365
v 0.43295979 -0.71855127 -0.68445622
v 0.43330711 -0.8434391 -0.68505406
v 0.29170805 -0.71880656 -0.67372298
v 0.29040828 -0.84392511 -0.67416542
v 0.18228384 -0.71858423 -0.68285083
v 0.18211093 -0.84404617 -0.68286925
v 0.09640012 -0.71875912 -0.67104697
v 0.09729483 -0.84441143 -0.67145621
v -0.00040334 -0.72029101 -0.66942536
v -0.00116396 -0.84548556 -0.66954028
v -0.10002227 -0.72269976 -0.70556163
v -0.10055572 -0.84720093 -0.7060104
v -0.16541621 -0.72486645 -0.7949087
v -0.16554746 -0.84885424 -0.79554522
v -0.17784492 -0.72508978 -0.79016786
v -0.16528318 -0.60183262 -0.79424029
v -0.17766968 -0.60208314 -0.78949028
v -0.28325405 -0.60452121 -0.67112231
v -0.17751057 -0.48021164 -0.78886848
v -0.28067752 -0.48244932 -0.67355275
v -0.38992476 -0.48402229 -0.58498704
v -0.38993009 -0.6061871 -0.58490532
v -0.42603603 -0.48451057 -0.50908762
v -0.42588695 -0.60669201 -0.50906312
v -0.50057876 -0.4849717 -0.46747058
v -0.49793344 -0.60720807 -0.4697996
v -0.57944458 -0.48544329 -0.42819893
v -0.58145976 -0.60771358 -0.42816492
v -0.67798048 -0.48570999 -0.44440093
v -0.67851227 -0.60801696 -0.44475784
v -0.6833567 -0.48573046 -0.43231034
v -0.68391466 -0.60804146 -0.43264049
v -0.67474657 -0.48585787 -0.27785506
v -0.67485606 -0.60822564 -0.27513709
v -0.68936765 -0.48560088 -0.13792964
v -0.68931311 -0.60800135 -0.13786621
v -0.66122639 -0.48510879 -0.05830541
v -0.66110521 -0.60753321 -0.05873547
v -0.68297451 -0.48456648 0.01806441
v -0.68277782 -0.60701638 0.01807853
v -0.71340727 -0.48389801 0.10809859
v -0.71303749 -0.60636431 0.10752724
v -0.79363131 -0.48284715 0.16516359
v -0.79425835 -0.60531354 0.16528658
v -0.78888046 -0.48267978 0.17751374
v -0.78950667 -0.60515618 0.17767328
v -0.68277961 -0.48063311 0.26939803
v -0.68298947 -0.60316264 0.26934403
v -0.61126732 -0.47851172 0.35471788
v -0.61186635 -0.60110294 0.3538061
v -0.54481983 -0.4759747 0.40558004
v -0.54457765 -0.59891438 0.40561866
v -0.47479674 -0.47840154 0.4699707
v -0.47420114 -0.6008594 0.47109702
v -0.42797851 -0.48095372 0.56829339
v -0.42822408 -0.60312199 0.5684601
v -0.44439372 -0.48274892 0.67796969
v -0.44475007 -0.60498368 0.67850077
v -0.43230173 -0.48290997 0.68334388
v -0.43263128 -0.60515224 0.68389946
v -0.27786904 -0.4844172 0.67474484
v -0.2751421 -0.6067453 0.6748535
v -0.13792917 -0.48535093 0.68936699
v -0.13786606 -0.60770398 0.68931245
v -0.05838004 -0.48549425 0.66122585
v -0.05919146 -0.60782963 0.66111284
v 0.0187155 -0.48563876 0.68351376
v 0.0182929 -0.60796952 0.68295532
v 0.10858403 -0.48582434 0.71396088
v 0.10787124 -0.6081013 0.71335053
v 0.16516645 -0.48573583 0.79364371
v 0.16528946 -0.60801625 0.7942723
v 0.17751756 -0.4857099 0.78889596
v 0.17767812 -0.60798871 0.78952235
v 0.28063851 -0.48529061 0.67359638
v 0.28263759 -0.60755705 0.67175132
v 0.38992428 -0.4845128 0.58498501
v 0.38993084 -0.60675925 0.58490479
v 0.4259302 -0.48366847 0.50920051
v 0.42566183 -0.60584813 0.50929778
v 0.50061118 -0.4827184 0.46740275
v 0.49731582 -0.6048789 0.46985867
v 0.58004963 -0.4816125 0.42812794
v 0.58198875 -0.60373437 0.42814779
v 0.67795807 -0.48015272 0.44438552
v 0.67848646 -0.60228705 0.44474023
v 0.68333292 -0.47991552 0.43229666
v 0.68388503 -0.60204809 0.43262288
v 0.67350518 -0.47705107 0.29132288
v 0.67375153 -0.59908694 0.29088771
v 0.683137 -0.47406369 0.18097806
v 0.68295741 -0.5961824 0.18182542
v 0.67189323 -0.47008055 0.0979873
v 0.67172455 -0.59312242 0.09783829
v 0.66750484 -0.47181296 0.0046106
v 0.66803973 -0.59372109 0.0030514
v 0.70289379 -0.47290575 -0.09733379
v 0.70425212 -0.59463322 -0.0984914
v 0.79358381 -0.47322678 -0.16515432
v 0.79420363 -0.59505474 -0.16527597
v 0.78883492 -0.47317531 -0.17750148
v 0.78945362 -0.59501195 -0.17765943
v 0.68234545 -0.47179666 -0.27006101
v 0.68281155 -0.59378057 -0.2696022
v 0.61097592 -0.46995672 -0.35514831
v 0.61144161 -0.59200358 -0.35443231
v 0.54373675 -0.46703621 -0.40613493
v 0.54306399 -0.58996552 -0.4064027
v 0.47460812 -0.46995502 -0.47051668
v 0.47391164 -0.59170472 -0.47192564
v 0.42793494 -0.47195515 -0.5681765
v 0.42825305 -0.59361428 -0.56868231
v 0.44436332 -0.47309631 -0.67792636
v 0.44471794 -0.59487062 -0.67845386
v 0.43227797 -0.47314381 -0.68330365
v 0.43260371 -0.59493863 -0.68385249
v 0.29129552 -0.47281971 -0.67350542
v 0.29222622 -0.59484767 -0.67345023
v 0.18045406 -0.47201547 -0.68323624
v 0.18123532 -0.59414798 -0.68306922
v 0.09724921 -0.47059658 -0.67166751
v 0.09608151 -0.59346747 -0.67122018
v 0.00252705 -0.47432583 -0.66846638
v 0.00093016 -0.59621888 -0.66902053
v -0.09931406 -0.47754368 -0.70454496
v -0.09948214 -0.59927451 -0.70511221
v -0.16516086 -0.47997936 -0.79361712
v -0.09907259 -0.35721159 -0.70447433
v -0.16506756 -0.35926973 -0.79313266
v -0.1773862 -0.35944157 -0.7883861
v -0.16502554 -0.23918394 -0.7929117
v -0.17732235 -0.2392959 -0.78814852
v -0.27692252 -0.24048276 -0.67709565
v -0.27799642 -0.36116489 -0.67612153
v -0.38992956 -0.24149005 -0.58509707
v -0.38992127 -0.3624987 -0.5850535
v -0.4261522 -0.2417733 -0.50929278
v -0.42621913 -0.36288079 -0.50906026
v -0.50087773 -0.24204252 -0.46691891
v -0.50079608 -0.36322826 -0.46697506
v -0.580262 -0.24217167 -0.42821025
v -0.57977759 -0.36359071 -0.42814448
v -0.67736613 -0.24222815 -0.4439848
v -0.67756158 -0.36382821 -0.44411754
v -0.68269062 -0.24224229 -0.43192029
v -0.68291425 -0.36384105 -0.43204847
v -0.67459422 -0.24234159 -0.28294435
v -0.67466288 -0.3639068 -0.28148222
v -0.68945014 -0.24229444 -0.1380047
v -0.68941324 -0.36373302 -0.13797816
v -0.66146916 -0.24200838 -0.05938827
v -0.66134387 -0.3632501 -0.0586759
v -0.683308 -0.24157249 0.01802898
v -0.68311411 -0.36269521 0.01801237
v -0.71465545 -0.24101187 0.10908908
v -0.7139464 -0.36209976 0.10856923
v -0.79291135 -0.2404024 0.16502469
v -0.79314303 -0.36129081 0.16506797
v -0.7881506 -0.24030119 0.17732133
v -0.788392 -0.36114066 0.17738732
v -0.68099641 -0.23917964 0.2718434
v -0.68161445 -0.35940221 0.27102822
v -0.61214482 -0.23838953 0.35347434
v -0.61155617 -0.35784667 0.35429859
v -0.5472306 -0.23699985 0.40371176
v -0.54587161 -0.35517087 0.40498566
v -0.47579258 -0.23959291 0.46815174
v -0.47530347 -0.35705152 0.46903801
v -0.42831563 -0.2400103 0.56801849
v -0.42808148 -0.35993391 0.56805181
v -0.44398421 -0.24071201 0.67736351
v -0.44411358 -0.36147433 0.67755568
v -0.43192112 -0.24078592 0.68269115
v -0.43204483 -0.36159139 0.68290627
v -0.28295484 -0.24158178 0.67459303
v -0.28150016 -0.36274573 0.67466306
v -0.13800434 -0.24222141 0.68944758
v -0.1379787 -0.36356982 0.68941175
v -0.05883023 -0.2423304 0.66145962
v -0.05839721 -0.36365303 0.66134041
v 0.01915507 -0.24233327 0.68423676
v 0.01895321 -0.36371025 0.68389642
v 0.10972642 -0.2423 0.7152822
v 0.10918601 -0.36385095 0.7145605
v 0.16502544 -0.24228686 0.79291439
v 0.16506926 -0.36387974 0.79314965
v 0.17732249 -0.24227182 0.78815066
v 0.17738904 -0.36385339 0.78839922
v 0.27693656 -0.24205906 0.67708325
v 0.27801549 -0.36347153 0.67610096
v 0.38993024 -0.24171163 0.58509802
v 0.38992309 -0.36285811 0.58505404
v 0.42631411 -0.24120625 0.50912529
v 0.42626071 -0.36212715 0.50901693
v 0.50108707 -0.24063906 0.46651417
v 0.50096321 -0.36128795 0.46665498
v 0.58035475 -0.23983612 0.42821168
v 0.58008426 -0.36031609 0.42814558
v 0.67736202 -0.2388557 0.44398257
v 0.67755115 -0.35909879 0.444112
v 0.68268936 -0.23872128 0.43191948
v 0.68290221 -0.35889664 0.43204194
v 0.67379492 -0.23718079 0.2891466
v 0.67375516 -0.35652667 0.2897154
v 0.68281161 -0.23597513 0.18283368
v 0.68295359 -0.35429832 0.18195928
v 0.6723749 -0.23441517 0.10141774
v 0.67235243 -0.3507314 0.09961392
v 0.66676366 -0.2356967 0.00694865
v 0.66701531 -0.35154852 0.00604341
v 0.70235323 -0.2352242 -0.09656883
v 0.70239394 -0.35318911 -0.09680476
v 0.79290908 -0.23488092 -0.16502399
v 0.79312151 -0.35338732 -0.16506545
v 0.78814768 -0.23483492 -0.17732051
v 0.78836667 -0.35332959 -0.17738083
v 0.68086141 -0.2340729 -0.27204537
v 0.68126952 -0.35216164 -0.2715649
v 0.61198908 -0.23348037 -0.35371017
v 0.61121285 -0.35084614 -0.35480827
v 0.54694318 -0.23267953 -0.40380552
v 0.54551649 -0.34831243 -0.40515092
v 0.47576126 -0.23460988 -0.46825522
v 0.47529092 -0.35003477 -0.46910902
v 0.42832639 -0.23463104 -0.56805467
v 0.42809379 -0.35242837 -0.56804198
v 0.4439823 -0.23487798 -0.6773628
v 0.44410413 -0.35335078 -0.67754042
v 0.43191891 -0.23487971 -0.68268823
v 0.43203395 -0.35336458 -0.68289011
v 0.2889103 -0.23465065 -0.67384463
v 0.28944709 -0.35299667 -0.6738131
v 0.18252053 -0.23453946 -0.68287342
v 0.1813274 -0.3524551 -0.68307513
v 0.1010916 -0.23394815 -0.67223918
v 0.09918527 -0.35080483 -0.67219936
v 0.00513082 -0.23725797 -0.66759747
v 0.00397026 -0.35368853 -0.6679691
v -0.0988653 -0.23812872 -0.70459783
v 0.0055104 -0.1199145 -0.66760474
v -0.09866754 -0.11914779 -0.70467001
v -0.16504576 -0.11931771 -0.79300808
v -0.17732924 -0.11939962 -0.78821522
v -0.27615261 -0.12008093 -0.6776793
v -0.38995 -0.12068476 -0.58511567
v -0.42607298 -0.12092769 -0.50954681
v -0.50113385 -0.12113234 -0.46689358
v -0.58058458 -0.1210471 -0.4283694
v -0.677441 -0.12081626 -0.44403362
v -0.68273901 -0.12085454 -0.43195992
v -0.67446214 -0.12100656 -0.28391608
v -0.68947535 -0.12108483 -0.13800276
v -0.66167432 -0.12108057 -0.06078871
v -0.68345719 -0.1209197 0.01798594
v -0.71496802 -0.12040884 0.10919574
v -0.79300397 -0.11987815 0.16504472
v -0.78821474 -0.11986294 0.17732845
v -0.68098324 -0.11948574 0.27168896
v -0.61270332 -0.11935161 0.35268619
v -0.54832756 -0.11938566 0.40281119
v -0.47602117 -0.12110821 0.4680137
v -0.42850896 -0.12011001 0.56792593
v -0.4440352 -0.12009657 0.67744237
v -0.43196049 -0.12015979 0.6827414
v -0.28391912 -0.12064278 0.67446148
v -0.13800211 -0.12105584 0.68947547
v -0.05927577 -0.12125758 0.66158753
v 0.01970872 -0.12129822 0.68488007
v 0.10982107 -0.12107298 0.71557986
v 0.16504283 -0.12084317 0.79300105
v 0.17732924 -0.12086766 0.78821277
v 0.27615654 -0.12086563 0.67767673
v 0.38994923 -0.12079031 0.58511418
v 0.42629912 -0.12062685 0.50931316
v 0.50132787 -0.12040499 0.46653926
v 0.58059614 -0.11985085 0.42837035
v 0.67744356 -0.11909133 0.44403415
v 0.68274116 -0.11905781 0.43196219
v 0.6736539 -0.11846928 0.28934943
v 0.68264097 -0.11811105 0.18382678
v 0.67259818 -0.11788813 0.10302964
v 0.66680413 -0.11903708 0.00725355
v 0.7020421 -0.11759657 -0.09573892
v 0.79300987 -0.11708468 -0.16504514
v 0.78821879 -0.11708933 -0.17732976
v 0.68090182 -0.11685912 -0.27181172
v 0.61260479 -0.11678042 -0.35283768
v 0.54816788 -0.11688096 -0.40286526
v 0.47600999 -0.11835332 -0.46805736
v 0.42851001 -0.11729145 -0.5679844
v 0.44403889 -0.11707942 -0.67744988
v 0.43196219 -0.1171088 -0.68274462
v 0.28916797 -0.11714596 -0.67369198
v 0.18357147 -0.11734224 -0.68269324
v 0.10262282 -0.11780873 -0.67243427
v 0.44276899 -4.98268842 0.70468181
v 0.52047157 -4.98442506 0.66109281
v -0.72669756 -4.97355842 0.48759454
v -0.67363971 -4.9819827 0.56960105
v -0.8690682 -4.97639083 -0.14373974
v -0.87767362 -4.97983837 -0.06160634
v 0.7280327 -4.97588443 -0.49901872
v 0.66992366 -4.98090362 -0.56781226
v 0.10683256 -4.98079586 -0.86770772
v 0.02257038 -4.98217248 -0.88237947
vt 0.25223 0.94309
vt 0.24585 0.94409
vt 0.23725 0.94183
vt 0.2503 0.94042
vt 0.26055 0.93863
vt 0.26255 0.94896
vt 0.25315 0.95803
vt 0.38984 0.95019
vt 0.38035 0.9452
vt 0.38272 0.9431
vt 0.39135 0.94836
vt 0.40007 0.95703
vt 0.39461 0.9647
vt 0.38445 0.95809
vt 0.37526 0.9532
vt 0.4013 0.95451
vt 0.10211 0.92034
vt 0.09168 0.92388
vt 0.09116 0.92122
vt 0.10043 0.91825
vt 0.10854 0.91625
vt 0.11029 0.91818
vt 0.11293 0.92615
vt 0.10463 0.92883
vt 0.21078 0.90643
vt 0.20694 0.90622
vt 0.20723 0.89717
vt 0.21216 0.89946
vt 0.2145 0.90822
vt 0.20936 0.91358
vt 0.21705 0.90059
vt 0.20559 0.92586
vt 0.19495 0.92282
vt 0.19826 0.90998
vt 0.19901 0.90359
vt 0.22502 0.91185
vt 0.22315 0.91711
vt 0.21885 0.93187
vt 0.26284 0.90867
vt 0.25984 0.91244
vt 0.25958 0.90207
vt 0.26367 0.90196
vt 0.26819 0.90105
vt 0.26656 0.90929
vt 0.26435 0.91373
vt 0.26064 0.91851
vt 0.27384 0.91181
vt 0.27274 0.91702
vt 0.27273 0.93127
vt 0.26002 0.93334
vt 0.25456 0.91275
vt 0.31422 0.90784
vt 0.30766 0.90851
vt 0.30803 0.9
vt 0.31438 0.90068
vt 0.31847 0.9001
vt 0.31755 0.90702
vt 0.31712 0.91273
vt 0.32186 0.90774
vt 0.31635 0.92543
vt 0.30804 0.92598
vt 0.30721 0.91488
vt 0.36409 0.9146
vt 0.35735 0.91343
vt 0.35908 0.90534
vt 0.36545 0.90706
vt 0.36956 0.90817
vt 0.36732 0.9147
vt 0.36138 0.92198
vt 0.37038 0.91636
vt 0.3614 0.93252
vt 0.35249 0.93081
vt 0.35515 0.92043
vt 0.41329 0.93454
vt 0.40872 0.93349
vt 0.41079 0.92419
vt 0.41662 0.92748
vt 0.41708 0.93729
vt 0.41005 0.94071
vt 0.42186 0.92969
vt 0.40383 0.9515
vt 0.39258 0.94653
vt 0.39858 0.93348
vt 0.42761 0.943
vt 0.42485 0.94656
vt 0.41575 0.95993
vt 0.06091 0.9114
vt 0.05793 0.91401
vt 0.05412 0.90514
vt 0.05893 0.90372
vt 0.06449 0.91052
vt 0.06311 0.91772
vt 0.0632 0.90131
vt 0.07359 0.90614
vt 0.07406 0.91072
vt 0.07885 0.92303
vt 0.06965 0.92983
vt 0.06197 0.93635
vt 0.05369 0.92243
vt 0.05092 0.91783
vt 0.11146 0.89447
vt 0.10802 0.89613
vt 0.10591 0.88844
vt 0.1108 0.88781
vt 0.1164 0.89425
vt 0.11331 0.89972
vt 0.11716 0.88641
vt 0.10283 0.90254
vt 0.10073 0.89779
vt 0.11682 0.91166
vt 0.10743 0.91491
vt 0.1614 0.89392
vt 0.15821 0.89441
vt 0.1577 0.88673
vt 0.16208 0.88737
vt 0.16499 0.89498
vt 0.16156 0.89986
vt 0.16683 0.88762
vt 0.1747 0.89671
vt 0.17363 0.90087
vt 0.17103 0.91468
vt 0.16051 0.91206
vt 0.15292 0.91138
vt 0.15195 0.89944
vt 0.15146 0.89393
vt 0.16516 0.97012
vt 0.17235 0.96478
vt 0.17725 0.96997
vt 0.16559 0.97454
vt 0.15757 0.97473
vt 0.15996 0.96887
vt 0.16612 0.96083
vt 0.31632 0.97719
vt 0.31215 0.97972
vt 0.30816 0.97084
vt 0.31576 0.96991
vt 0.32352 0.9702
vt 0.32124 0.97913
vt 0.31726 0.98418
vt 0.35608 0.99046
vt 0.36419 0.9867
vt 0.36764 0.99269
vt 0.35603 0.99473
vt 0.34932 0.99389
vt 0.35115 0.98883
vt 0.35912 0.98205
vt 0.12766 0.9612
vt 0.12496 0.96428
vt 0.1187 0.95688
vt 0.12463 0.95456
vt 0.13112 0.95352
vt 0.1322 0.96223
vt 0.13036 0.96693
vt 0.09537 0.93266
vt 0.08517 0.93692
vt 0.08141 0.92848
vt 0.10692 0.93452
vt 0.09837 0.93854
vt 0.08899 0.94312
vt 0.08056 0.94952
vt 0.07592 0.94305
vt 0.10232 0.94533
vt 0.09411 0.9498
vt 0.08686 0.95592
vt 0.08127 0.96499
vt 0.07353 0.9592
vt 0.10053 0.95712
vt 0.09461 0.96264
vt 0.09014 0.97044
vt 0.08784 0.97965
vt 0.07747 0.97646
vt 0.10318 0.96895
vt 0.10044 0.97542
vt 0.09931 0.98227
vt 0.11331 0.97458
vt 0.11193 0.97976
vt 0.11185 0.9848
vt 0.12171 0.97813
vt 0.12014 0.98266
vt 0.11872 0.98731
vt 0.12802 0.98054
vt 0.12575 0.98493
vt 0.12341 0.98986
vt 0.34391 0.99207
vt 0.34682 0.98584
vt 0.13065 0.98714
vt 0.12782 0.99235
vt 0.33813 0.98994
vt 0.34123 0.98304
vt 0.33486 0.98084
vt 0.33945 0.97245
vt 0.34672 0.97519
vt 0.35326 0.97863
vt 0.33163 0.98811
vt 0.13239 0.99433
vt 0.13547 0.98922
vt 0.14027 0.99132
vt 0.13708 0.99588
vt 0.32455 0.98633
vt 0.32786 0.97997
vt 0.33144 0.97091
vt 0.32483 0.96177
vt 0.33472 0.96274
vt 0.34405 0.96479
vt 0.33754 0.95547
vt 0.34824 0.95728
vt 0.35747 0.96071
vt 0.35239 0.96774
vt 0.36633 0.96506
vt 0.36026 0.97154
vt 0.37476 0.96949
vt 0.36746 0.97601
vt 0.38266 0.97581
vt 0.37398 0.98153
vt 0.38934 0.98479
vt 0.37869 0.98903
vt 0.38042 0.96345
vt 0.38961 0.96979
vt 0.399 0.9799
vt 0.40682 0.97571
vt 0.06848 0.97309
vt 0.06178 0.96933
vt 0.0675 0.95261
vt 0.37143 0.95884
vt 0.36189 0.95406
vt 0.36527 0.94845
vt 0.3546 0.94463
vt 0.35894 0.93706
vt 0.37024 0.94033
vt 0.3517 0.95056
vt 0.34016 0.94848
vt 0.34269 0.94327
vt 0.329 0.94093
vt 0.33176 0.93271
vt 0.34672 0.93556
vt 0.32767 0.94702
vt 0.31559 0.94576
vt 0.31598 0.93948
vt 0.32627 0.95403
vt 0.3155 0.95316
vt 0.30462 0.95394
vt 0.30367 0.94697
vt 0.31542 0.96115
vt 0.30613 0.96202
vt 0.297 0.96422
vt 0.29388 0.95647
vt 0.30132 0.97288
vt 0.29425 0.97546
vt 0.28832 0.96743
vt 0.30665 0.98101
vt 0.30106 0.98334
vt 0.29648 0.98681
vt 0.28825 0.97941
vt 0.31143 0.98671
vt 0.30644 0.98929
vt 0.30231 0.99237
vt 0.1527 0.98575
vt 0.14872 0.99045
vt 0.14355 0.98712
vt 0.1468 0.98271
vt 0.14995 0.97797
vt 0.15641 0.98001
vt 0.29927 0.99628
vt 0.29351 0.99155
vt 0.16774 0.97913
vt 0.18102 0.976
vt 0.28431 0.98564
vt 0.18719 0.96388
vt 0.19324 0.97161
vt 0.27485 0.97925
vt 0.28063 0.972
vt 0.26626 0.97253
vt 0.27358 0.96399
vt 0.28294 0.95911
vt 0.26764 0.95613
vt 0.27921 0.95146
vt 0.29147 0.94925
vt 0.27623 0.94463
vt 0.28986 0.94297
vt 0.30365 0.941
vt 0.28871 0.93397
vt 0.30399 0.9328
vt 0.31687 0.93143
vt 0.30767 0.92809
vt 0.31677 0.92796
vt 0.32942 0.9285
vt 0.32925 0.9263
vt 0.33157 0.91281
vt 0.34211 0.91464
vt 0.3396 0.92814
vt 0.33969 0.93005
vt 0.34875 0.91671
vt 0.34716 0.92934
vt 0.3472 0.93139
vt 0.35114 0.9323
vt 0.3434 0.9102
vt 0.34982 0.91141
vt 0.34509 0.90176
vt 0.35103 0.90283
vt 0.34645 0.89694
vt 0.35166 0.89771
vt 0.36015 0.90025
vt 0.35295 0.89099
vt 0.36231 0.89346
vt 0.36961 0.89582
vt 0.36697 0.90284
vt 0.37411 0.89711
vt 0.37133 0.90425
vt 0.38098 0.89867
vt 0.37753 0.90542
vt 0.37491 0.90891
vt 0.38833 0.90824
vt 0.38527 0.91235
vt 0.38157 0.92009
vt 0.39528 0.91625
vt 0.3917 0.92437
vt 0.38978 0.92744
vt 0.37845 0.92345
vt 0.38406 0.94037
vt 0.37343 0.9358
vt 0.3722 0.93842
vt 0.36102 0.9347
vt 0.39975 0.92873
vt 0.40242 0.91949
vt 0.39749 0.91112
vt 0.40386 0.91384
vt 0.41278 0.91881
vt 0.40577 0.90657
vt 0.41554 0.91121
vt 0.42281 0.91473
vt 0.41931 0.92272
vt 0.42854 0.91706
vt 0.4256 0.92488
vt 0.43864 0.92036
vt 0.43508 0.92803
vt 0.43223 0.93369
vt 0.44617 0.93218
vt 0.44329 0.93861
vt 0.43965 0.94948
vt 0.03533 0.92501
vt 0.03228 0.91343
vt 0.03934 0.91064
vt 0.04351 0.92096
vt 0.04558 0.92485
vt 0.03674 0.92916
vt 0.43767 0.95305
vt 0.05627 0.94027
vt 0.04746 0.94624
vt 0.42679 0.96865
vt 0.05863 0.94169
vt 0.05035 0.94909
vt 0.42476 0.97163
vt 0.41353 0.96296
vt 0.42437 0.9747
vt 0.41277 0.96552
vt 0.06063 0.94283
vt 0.0537 0.94987
vt 0.06301 0.93831
vt 0.06324 0.94093
vt 0.07088 0.93215
vt 0.07179 0.93435
vt 0.08068 0.92625
vt 0.08906 0.91746
vt 0.0849 0.90503
vt 0.09421 0.90322
vt 0.0988 0.91666
vt 0.08452 0.90166
vt 0.09303 0.89936
vt 0.08297 0.89331
vt 0.09076 0.89108
vt 0.09806 0.8893
vt 0.0894 0.88564
vt 0.09685 0.88406
vt 0.10579 0.88354
vt 0.09569 0.87723
vt 0.10561 0.87645
vt 0.11147 0.87585
vt 0.11166 0.88286
vt 0.11788 0.87493
vt 0.11792 0.88182
vt 0.12873 0.87354
vt 0.12826 0.8801
vt 0.12799 0.88476
vt 0.13824 0.87974
vt 0.13804 0.88464
vt 0.13844 0.89285
vt 0.12835 0.89316
vt 0.13861 0.89691
vt 0.12766 0.89714
vt 0.1403 0.91007
vt 0.1298 0.91059
vt 0.14175 0.91252
vt 0.13113 0.91268
vt 0.1186 0.91393
vt 0.13422 0.91628
vt 0.12029 0.91616
vt 0.13479 0.92484
vt 0.12272 0.92441
vt 0.13569 0.9307
vt 0.12471 0.93054
vt 0.11518 0.93189
vt 0.12671 0.93756
vt 0.11796 0.93877
vt 0.11008 0.94157
vt 0.12105 0.94635
vt 0.11399 0.94888
vt 0.10721 0.95267
vt 0.11331 0.96007
vt 0.10783 0.96403
vt 0.12069 0.96674
vt 0.1164 0.97018
vt 0.12739 0.97043
vt 0.12428 0.97405
vt 0.13321 0.97241
vt 0.13053 0.9764
vt 0.13878 0.97407
vt 0.13608 0.97838
vt 0.1334 0.9826
vt 0.14148 0.98041
vt 0.1385 0.98472
vt 0.14431 0.9759
vt 0.14122 0.96898
vt 0.14677 0.97053
vt 0.15222 0.97263
vt 0.1494 0.9633
vt 0.15521 0.96602
vt 0.15238 0.95501
vt 0.15944 0.95776
vt 0.15486 0.94676
vt 0.16322 0.94971
vt 0.17192 0.95338
vt 0.16604 0.94221
vt 0.17615 0.94609
vt 0.18646 0.95069
vt 0.18006 0.95777
vt 0.19604 0.95778
vt 0.19144 0.9442
vt 0.20314 0.95152
vt 0.21391 0.96137
vt 0.20405 0.96655
vt 0.20885 0.94587
vt 0.2219 0.95665
vt 0.25856 0.96527
vt 0.19514 0.93831
vt 0.19888 0.93111
vt 0.21582 0.93803
vt 0.23358 0.95011
vt 0.20421 0.92788
vt 0.21809 0.93429
vt 0.233 0.94329
vt 0.23376 0.93981
vt 0.23577 0.92224
vt 0.2469 0.93071
vt 0.24935 0.93819
vt 0.26042 0.93624
vt 0.27267 0.93335
vt 0.27354 0.93541
vt 0.28572 0.93076
vt 0.28528 0.92896
vt 0.28469 0.91398
vt 0.29379 0.91414
vt 0.29517 0.92708
vt 0.29631 0.92918
vt 0.30009 0.91478
vt 0.30024 0.92744
vt 0.30038 0.92909
vt 0.29403 0.90896
vt 0.30026 0.90855
vt 0.2942 0.90007
vt 0.3003 0.89988
vt 0.29452 0.89533
vt 0.30031 0.89474
vt 0.30879 0.89513
vt 0.30081 0.8877
vt 0.31025 0.88797
vt 0.31728 0.88842
vt 0.31536 0.89585
vt 0.32204 0.88854
vt 0.31993 0.89601
vt 0.32927 0.88862
vt 0.32692 0.89558
vt 0.3248 0.8998
vt 0.33794 0.89605
vt 0.33556 0.90055
vt 0.33347 0.90861
vt 0.34036 0.88937
vt 0.34786 0.89011
vt 0.34274 0.88226
vt 0.34905 0.883
vt 0.35457 0.88367
vt 0.35043 0.87502
vt 0.35637 0.87589
vt 0.3672 0.87849
vt 0.36451 0.88627
vt 0.37518 0.88066
vt 0.37223 0.88862
vt 0.37872 0.88144
vt 0.3765 0.8898
vt 0.38732 0.88341
vt 0.38416 0.89149
vt 0.39827 0.8864
vt 0.3952 0.89456
vt 0.39192 0.90173
vt 0.40201 0.89672
vt 0.39952 0.90425
vt 0.40816 0.89869
vt 0.40405 0.88813
vt 0.41055 0.89014
vt 0.42139 0.89439
vt 0.4186 0.90324
vt 0.42857 0.89715
vt 0.42585 0.90648
vt 0.43394 0.89878
vt 0.43126 0.90842
vt 0.44448 0.90198
vt 0.44173 0.91167
vt 0.45379 0.90469
vt 0.45151 0.91467
vt 0.44909 0.92384
vt 0.02979 0.89626
vt 0.02856 0.88606
vt 0.03242 0.88507
vt 0.03442 0.89485
vt 0.03701 0.90345
vt 0.03114 0.90589
vt 0.04236 0.89255
vt 0.04443 0.90119
vt 0.0464 0.90778
vt 0.05314 0.89902
vt 0.05204 0.8905
vt 0.05769 0.88877
vt 0.05861 0.8975
vt 0.06272 0.88695
vt 0.06337 0.89537
vt 0.07188 0.88347
vt 0.07195 0.8914
vt 0.0717 0.89705
vt 0.08292 0.88744
vt 0.08264 0.88027
vt 0.08782 0.87882
vt 0.08225 0.87236
vt 0.08649 0.87125
vt 0.09457 0.8697
vt 0.08545 0.86291
vt 0.09405 0.86145
vt 0.1052 0.86044
vt 0.10523 0.86884
vt 0.11128 0.85984
vt 0.11112 0.86832
vt 0.11797 0.85921
vt 0.11793 0.86744
vt 0.12914 0.85838
vt 0.12912 0.86636
vt 0.13764 0.85812
vt 0.13791 0.86601
vt 0.13817 0.87308
vt 0.14124 0.86589
vt 0.14222 0.87308
vt 0.14327 0.8796
vt 0.15036 0.87351
vt 0.15058 0.88034
vt 0.15091 0.88528
vt 0.14409 0.88481
vt 0.14503 0.89337
vt 0.14555 0.89839
vt 0.14601 0.91151
vt 0.15259 0.91327
vt 0.14665 0.91326
vt 0.15858 0.88187
vt 0.15936 0.87506
vt 0.16461 0.87578
vt 0.16352 0.88279
vt 0.16976 0.87634
vt 0.16892 0.88316
vt 0.17914 0.87729
vt 0.17753 0.88395
vt 0.17598 0.88844
vt 0.18791 0.88589
vt 0.18675 0.89089
vt 0.18539 0.89922
vt 0.19347 0.89237
vt 0.19253 0.90143
vt 0.1916 0.90648
vt 0.1844 0.9028
vt 0.18947 0.91968
vt 0.18166 0.91768
vt 0.18957 0.92233
vt 0.18165 0.9196
vt 0.17056 0.91658
vt 0.16056 0.91449
vt 0.18344 0.92571
vt 0.1712 0.91985
vt 0.1602 0.91773
vt 0.14876 0.91744
vt 0.1697 0.92897
vt 0.15882 0.92568
vt 0.14771 0.92525
vt 0.15784 0.93181
vt 0.14705 0.93077
vt 0.15662 0.93906
vt 0.1468 0.93747
vt 0.13655 0.9377
vt 0.14627 0.94521
vt 0.13733 0.94493
vt 0.12889 0.94541
vt 0.13772 0.95339
vt 0.14515 0.95354
vt 0.14338 0.96215
vt 0.13736 0.96195
vt 0.13562 0.96804
vt 0.16828 0.93523
vt 0.18121 0.93345
vt 0.17922 0.93953
vt 0.19409 0.92418
vt 0.19985 0.8945
vt 0.19367 0.88709
vt 0.20031 0.88895
vt 0.2085 0.89236
vt 0.20083 0.88151
vt 0.20992 0.88464
vt 0.21568 0.88642
vt 0.21411 0.89435
vt 0.22108 0.88774
vt 0.21946 0.89577
vt 0.23048 0.88942
vt 0.22857 0.89738
vt 0.22704 0.9026
vt 0.23912 0.89985
vt 0.23771 0.90548
vt 0.23657 0.91559
vt 0.24542 0.90804
vt 0.24661 0.91663
vt 0.24502 0.90101
vt 0.25238 0.90192
vt 0.24485 0.89153
vt 0.25248 0.89224
vt 0.26059 0.89297
vt 0.25265 0.88277
vt 0.26181 0.88373
vt 0.26696 0.88365
vt 0.26561 0.89282
vt 0.27131 0.88319
vt 0.27013 0.89212
vt 0.28015 0.88199
vt 0.27804 0.89055
vt 0.27575 0.89888
vt 0.28863 0.88895
vt 0.28704 0.89654
vt 0.2859 0.90155
vt 0.27478 0.90515
vt 0.28521 0.90975
vt 0.29508 0.88804
vt 0.29043 0.88089
vt 0.29571 0.88041
vt 0.3016 0.87999
vt 0.29649 0.87189
vt 0.30306 0.87166
vt 0.31395 0.87224
vt 0.31188 0.88045
vt 0.32126 0.87275
vt 0.31923 0.88097
vt 0.32512 0.87283
vt 0.32352 0.88111
vt 0.33411 0.87327
vt 0.3318 0.88133
vt 0.34494 0.8743
vt 0.336 0.86492
vt 0.34669 0.86605
vt 0.35207 0.86673
vt 0.34778 0.85767
vt 0.35361 0.85839
vt 0.36137 0.85956
vt 0.35871 0.86779
vt 0.37244 0.86209
vt 0.36982 0.8703
vt 0.3792 0.86369
vt 0.37716 0.87202
vt 0.38366 0.86447
vt 0.38118 0.8729
vt 0.39194 0.86632
vt 0.38981 0.8749
vt 0.40201 0.86877
vt 0.40055 0.87769
vt 0.40787 0.87034
vt 0.40608 0.87926
vt 0.41621 0.87253
vt 0.41338 0.88138
vt 0.42715 0.87609
vt 0.42453 0.88527
vt 0.4336 0.87822
vt 0.43113 0.88741
vt 0.43868 0.87946
vt 0.43646 0.88903
vt 0.44806 0.88182
vt 0.44653 0.8919
vt 0.45758 0.88422
vt 0.45582 0.89446
vt 0.02642 0.86439
vt 0.02542 0.85377
vt 0.02994 0.8531
vt 0.0303 0.86382
vt 0.03085 0.87457
vt 0.02732 0.87528
vt 0.03928 0.86236
vt 0.03959 0.8729
vt 0.04057 0.88315
vt 0.05054 0.87105
vt 0.05113 0.88113
vt 0.05633 0.86971
vt 0.05679 0.87972
vt 0.06137 0.86841
vt 0.06187 0.87815
vt 0.07172 0.8659
vt 0.07202 0.87501
vt 0.08165 0.86372
vt 0.0714 0.85664
vt 0.08119 0.85483
vt 0.0852 0.85409
vt 0.08065 0.84588
vt 0.08541 0.84511
vt 0.09487 0.84405
vt 0.09417 0.85275
vt 0.1064 0.84318
vt 0.10561 0.85177
vt 0.11286 0.84286
vt 0.1116 0.85124
vt 0.11838 0.84235
vt 0.11805 0.85077
vt 0.1279 0.84193
vt 0.12881 0.85017
vt 0.13702 0.84168
vt 0.13737 0.84992
vt 0.14124 0.84166
vt 0.14084 0.84985
vt 0.14076 0.858
vt 0.15049 0.85008
vt 0.14997 0.8583
vt 0.14993 0.86623
vt 0.16046 0.8595
vt 0.15982 0.86763
vt 0.16585 0.86006
vt 0.1651 0.8684
vt 0.17141 0.86059
vt 0.17063 0.8689
vt 0.18151 0.86168
vt 0.18059 0.86993
vt 0.19069 0.86303
vt 0.19014 0.87145
vt 0.18927 0.87897
vt 0.19395 0.87201
vt 0.19389 0.8798
vt 0.2012 0.87346
vt 0.19409 0.86354
vt 0.20194 0.86497
vt 0.2123 0.86758
vt 0.21107 0.87645
vt 0.21796 0.86881
vt 0.21685 0.87817
vt 0.22343 0.86967
vt 0.22229 0.87921
vt 0.23346 0.87108
vt 0.2321 0.8807
vt 0.24196 0.87206
vt 0.24118 0.88193
vt 0.24031 0.89104
vt 0.24472 0.88217
vt 0.24509 0.87226
vt 0.2533 0.8728
vt 0.24599 0.86234
vt 0.25457 0.86291
vt 0.26473 0.86362
vt 0.26318 0.87365
vt 0.26995 0.86378
vt 0.2684 0.87375
vt 0.27431 0.86372
vt 0.27268 0.87342
vt 0.28347 0.86339
vt 0.28198 0.87273
vt 0.2933 0.86311
vt 0.29205 0.87216
vt 0.29775 0.863
vt 0.294 0.85412
vt 0.29915 0.85423
vt 0.30747 0.85423
vt 0.30494 0.86297
vt 0.31823 0.8551
vt 0.31615 0.86366
vt 0.32473 0.85558
vt 0.32301 0.86402
vt 0.32912 0.85585
vt 0.32705 0.86424
vt 0.33772 0.85654
vt 0.33207 0.84681
vt 0.33914 0.84764
vt 0.34816 0.84875
vt 0.34148 0.83793
vt 0.35031 0.83916
vt 0.35735 0.84037
vt 0.35527 0.84971
vt 0.36578 0.84163
vt 0.36381 0.85123
vt 0.37627 0.84354
vt 0.37473 0.85335
vt 0.38567 0.84509
vt 0.38123 0.85428
vt 0.38906 0.84578
vt 0.38636 0.85555
vt 0.39635 0.84741
vt 0.3939 0.85729
vt 0.40478 0.84918
vt 0.40333 0.8596
vt 0.41243 0.85145
vt 0.40982 0.8611
vt 0.4206 0.85311
vt 0.419 0.8638
vt 0.43161 0.85612
vt 0.42912 0.86644
vt 0.44021 0.85769
vt 0.43633 0.86798
vt 0.44466 0.85893
vt 0.44112 0.86927
vt 0.45193 0.86014
vt 0.44988 0.87165
vt 0.46156 0.86281
vt 0.45815 0.87356
vt 0.02351 0.84347
vt 0.02295 0.83196
vt 0.03021 0.83106
vt 0.0306 0.84266
vt 0.03976 0.83057
vt 0.03919 0.84188
vt 0.03944 0.85187
vt 0.04982 0.8406
vt 0.05071 0.85053
vt 0.05037 0.86063
vt 0.05636 0.84966
vt 0.05608 0.85945
vt 0.06141 0.84894
vt 0.06121 0.85856
vt 0.07081 0.84748
vt 0.06265 0.83902
vt 0.07036 0.83799
vt 0.07963 0.83687
vt 0.07116 0.82741
vt 0.07997 0.82649
vt 0.08733 0.82614
vt 0.08614 0.83604
vt 0.09632 0.82529
vt 0.09547 0.83532
vt 0.10668 0.82458
vt 0.10692 0.83442
vt 0.11526 0.82402
vt 0.11334 0.83367
vt 0.11955 0.82374
vt 0.11857 0.83355
vt 0.12776 0.82359
vt 0.12717 0.83319
vt 0.13608 0.82349
vt 0.13662 0.83314
vt 0.14364 0.82394
vt 0.14246 0.83305
vt 0.15244 0.82379
vt 0.15266 0.83353
vt 0.15155 0.84186
vt 0.16209 0.83382
vt 0.1622 0.84269
vt 0.16128 0.85105
vt 0.16731 0.84336
vt 0.16654 0.85154
vt 0.17242 0.84365
vt 0.172 0.85205
vt 0.18178 0.84442
vt 0.1819 0.85308
vt 0.191 0.84551
vt 0.19099 0.85429
vt 0.1954 0.84603
vt 0.19467 0.85478
vt 0.20428 0.84734
vt 0.20299 0.85612
vt 0.2148 0.84924
vt 0.21355 0.85832
vt 0.22023 0.85006
vt 0.21914 0.85926
vt 0.2252 0.85059
vt 0.22442 0.86002
vt 0.23422 0.8516
vt 0.23415 0.86126
vt 0.24311 0.85242
vt 0.2427 0.86212
vt 0.24716 0.8527
vt 0.24304 0.84213
vt 0.24875 0.84257
vt 0.25778 0.84346
vt 0.25642 0.85331
vt 0.26807 0.84412
vt 0.26642 0.85396
vt 0.27314 0.84395
vt 0.27136 0.85442
vt 0.27756 0.8441
vt 0.2759 0.8544
vt 0.2856 0.84443
vt 0.28451 0.8542
vt 0.29406 0.84466
vt 0.28717 0.83417
vt 0.2959 0.8347
vt 0.30271 0.83536
vt 0.30093 0.84488
vt 0.31131 0.83569
vt 0.30934 0.84542
vt 0.32205 0.83685
vt 0.31977 0.84599
vt 0.33031 0.83688
vt 0.32724 0.84643
vt 0.33452 0.83753
vt 0.33058 0.8311
vt 0.33575 0.83135
vt 0.34278 0.83203
vt 0.33739 0.81966
vt 0.34543 0.82028
vt 0.35275 0.82151
vt 0.35102 0.83311
vt 0.35981 0.82303
vt 0.35844 0.83478
vt 0.36709 0.82357
vt 0.36645 0.8358
vt 0.37684 0.82444
vt 0.37642 0.8376
vt 0.3857 0.82638
vt 0.38546 0.83831
vt 0.39248 0.82734
vt 0.39085 0.84016
vt 0.40037 0.82946
vt 0.39767 0.84088
vt 0.40772 0.83062
vt 0.40612 0.84343
vt 0.41448 0.83329
vt 0.41318 0.84488
vt 0.42224 0.83381
vt 0.42157 0.84739
vt 0.43185 0.83539
vt 0.43135 0.84876
vt 0.43989 0.83699
vt 0.44022 0.85072
vt 0.44779 0.8392
vt 0.44588 0.85173
vt 0.45499 0.8405
vt 0.4535 0.85387
vt 0.46403 0.84225
vt 0.4623 0.8553
vt 0.02252 0.82423
vt 0.02432 0.81034
vt 0.0309 0.81064
vt 0.03051 0.82451
vt 0.0396 0.81012
vt 0.03946 0.82355
vt 0.04864 0.8091
vt 0.04952 0.823
vt 0.05069 0.82999
vt 0.05834 0.82215
vt 0.05869 0.82876
vt 0.05725 0.83962
vt 0.06323 0.82825
vt 0.06395 0.82166
vt 0.07151 0.82071
vt 0.06464 0.80861
vt 0.07351 0.80829
vt 0.08056 0.80805
vt 0.07998 0.8204
vt 0.08842 0.80815
vt 0.08766 0.82008
vt 0.09522 0.80712
vt 0.09589 0.81954
vt 0.10549 0.80605
vt 0.1061 0.81888
vt 0.11368 0.80592
vt 0.11442 0.81749
vt 0.12115 0.80567
vt 0.12047 0.81796
vt 0.12924 0.80595
vt 0.12802 0.81732
vt 0.13698 0.80585
vt 0.13653 0.81795
vt 0.14403 0.80688
vt 0.14372 0.81794
vt 0.1519 0.8062
vt 0.15238 0.81857
vt 0.16116 0.80623
vt 0.16196 0.8182
vt 0.16317 0.82468
vt 0.17012 0.81865
vt 0.17046 0.82444
vt 0.16851 0.8342
vt 0.17507 0.82512
vt 0.17342 0.83455
vt 0.18204 0.82532
vt 0.1821 0.83547
vt 0.19113 0.82658
vt 0.19019 0.83613
vt 0.19748 0.82715
vt 0.19712 0.83702
vt 0.20653 0.82823
vt 0.20533 0.83818
vt 0.21642 0.8297
vt 0.2155 0.83945
vt 0.22404 0.82984
vt 0.221 0.83981
vt 0.228 0.83038
vt 0.22678 0.84063
vt 0.23568 0.83125
vt 0.23429 0.84135
vt 0.24371 0.83192
vt 0.23626 0.82473
vt 0.24404 0.82587
vt 0.25124 0.82661
vt 0.25066 0.83279
vt 0.25896 0.82735
vt 0.25915 0.83316
vt 0.26879 0.82773
vt 0.26879 0.83388
vt 0.27652 0.82719
vt 0.27652 0.83383
vt 0.28176 0.82785
vt 0.28047 0.83401
vt 0.28823 0.8282
vt 0.28343 0.81558
vt 0.29033 0.81609
vt 0.29856 0.81671
vt 0.29672 0.82875
vt 0.30462 0.81784
vt 0.30352 0.82961
vt 0.31291 0.81781
vt 0.31209 0.83014
vt 0.32178 0.81811
vt 0.32184 0.83031
vt 0.33081 0.81833
vt 0.32254 0.8146
vt 0.33042 0.81471
vt 0.33847 0.81556
vt 0.33008 0.80716
vt 0.33948 0.8077
vt 0.34831 0.80883
vt 0.3466 0.81745
vt 0.35509 0.8093
vt 0.35431 0.81805
vt 0.3601 0.80946
vt 0.35949 0.81908
vt 0.36773 0.80884
vt 0.36791 0.82011
vt 0.37709 0.81152
vt 0.37731 0.82146
vt 0.38536 0.81399
vt 0.38567 0.82172
vt 0.39455 0.81545
vt 0.39311 0.82427
vt 0.40356 0.8168
vt 0.40213 0.82567
vt 0.40988 0.81822
vt 0.40881 0.82794
vt 0.41499 0.81804
vt 0.41488 0.82877
vt 0.42255 0.81814
vt 0.42232 0.83038
vt 0.43165 0.82086
vt 0.43241 0.83142
vt 0.43964 0.82395
vt 0.43987 0.83315
vt 0.44885 0.82553
vt 0.44801 0.83464
vt 0.45691 0.82711
vt 0.45678 0.83745
vt 0.463 0.82841
vt 0.4641 0.83797
vt 0.02518 0.80559
vt 0.02806 0.79511
vt 0.03269 0.79485
vt 0.03076 0.80691
vt 0.04061 0.79357
vt 0.03973 0.80597
vt 0.04931 0.79482
vt 0.04969 0.80566
vt 0.05739 0.79613
vt 0.05736 0.8045
vt 0.05799 0.80891
vt 0.06559 0.8048
vt 0.06679 0.79552
vt 0.07583 0.79537
vt 0.07431 0.80486
vt 0.08234 0.79489
vt 0.08192 0.80444
vt 0.08746 0.79398
vt 0.08736 0.80409
vt 0.09527 0.79245
vt 0.09576 0.80378
vt 0.10455 0.79334
vt 0.10522 0.80286
vt 0.11256 0.7941
vt 0.11341 0.80178
vt 0.12226 0.79397
vt 0.12128 0.80241
vt 0.1314 0.79355
vt 0.13069 0.80221
vt 0.13786 0.79411
vt 0.13741 0.80297
vt 0.1429 0.79308
vt 0.1436 0.80299
vt 0.15091 0.79207
vt 0.15142 0.80293
vt 0.15996 0.79332
vt 0.16141 0.80245
vt 0.16806 0.795
vt 0.16864 0.80289
vt 0.16909 0.80613
vt 0.1771 0.80318
vt 0.1765 0.80743
vt 0.17559 0.81869
vt 0.184 0.80752
vt 0.18297 0.81965
vt 0.19198 0.80875
vt 0.19102 0.82009
vt 0.19848 0.80941
vt 0.19825 0.82157
vt 0.20613 0.80976
vt 0.20635 0.82187
vt 0.21486 0.8097
vt 0.21577 0.82313
vt 0.22374 0.81118
vt 0.22405 0.82344
vt 0.22984 0.81158
vt 0.2291 0.82436
vt 0.23811 0.81287
vt 0.23061 0.80818
vt 0.23914 0.80879
vt 0.24605 0.81
vt 0.24495 0.81332
vt 0.25172 0.81006
vt 0.25227 0.81502
vt 0.25905 0.81108
vt 0.25896 0.81424
vt 0.26852 0.81068
vt 0.26883 0.81456
vt 0.27634 0.81083
vt 0.27634 0.81512
vt 0.28367 0.81132
vt 0.27552 0.80317
vt 0.2849 0.80374
vt 0.29359 0.80386
vt 0.29243 0.8125
vt 0.30023 0.80482
vt 0.29914 0.81317
vt 0.30502 0.80426
vt 0.30471 0.81411
vt 0.313 0.80312
vt 0.31276 0.81397
vt 0.32211 0.80487
vt 0.31329 0.7966
vt 0.32228 0.79754
vt 0.33115 0.79864
vt 0.32282 0.79012
vt 0.33204 0.79039
vt 0.34199 0.79209
vt 0.34098 0.79993
vt 0.35027 0.79336
vt 0.34953 0.80098
vt 0.35611 0.794
vt 0.35547 0.80157
vt 0.36147 0.79451
vt 0.36084 0.80185
vt 0.36893 0.79525
vt 0.3683 0.80239
vt 0.37773 0.79633
vt 0.3774 0.80393
vt 0.38695 0.79709
vt 0.38606 0.8055
vt 0.39685 0.79932
vt 0.39597 0.80738
vt 0.40506 0.80101
vt 0.40442 0.80893
vt 0.41082 0.80192
vt 0.41031 0.80986
vt 0.41611 0.80263
vt 0.41563 0.81035
vt 0.42348 0.80362
vt 0.42299 0.8112
vt 0.43215 0.80491
vt 0.43196 0.81298
vt 0.44127 0.80576
vt 0.44039 0.81469
vt 0.45149 0.80826
vt 0.45003 0.81679
vt 0.46036 0.8116
vt 0.45795 0.81924
vt 0.46548 0.81401
vt 0.46324 0.82108
vt 0.02961 0.786
vt 0.03144 0.77757
vt 0.0362 0.77813
vt 0.03458 0.78628
vt 0.04308 0.77848
vt 0.04169 0.78634
vt 0.05132 0.77869
vt 0.05037 0.78682
vt 0.06013 0.77819
vt 0.05863 0.7871
vt 0.06958 0.77887
vt 0.06836 0.78726
vt 0.07778 0.77914
vt 0.07689 0.78723
vt 0.08378 0.77901
vt 0.08289 0.78691
vt 0.0891 0.77879
vt 0.08824 0.78636
vt 0.09657 0.77849
vt 0.09577 0.7858
vt 0.10516 0.77822
vt 0.10473 0.78581
vt 0.11421 0.77755
vt 0.11328 0.78585
vt 0.12428 0.77822
vt 0.12345 0.78604
vt 0.13259 0.77862
vt 0.13206 0.78615
vt 0.13844 0.77866
vt 0.13801 0.78617
vt 0.14381 0.7786
vt 0.1434 0.78583
vt 0.15133 0.77856
vt 0.15096 0.7856
vt 0.16007 0.7787
vt 0.15997 0.78608
vt 0.16926 0.7785
vt 0.16852 0.78667
vt 0.17928 0.77968
vt 0.17858 0.78745
vt 0.17763 0.79511
vt 0.18706 0.78808
vt 0.18631 0.79578
vt 0.18525 0.80467
vt 0.19298 0.79624
vt 0.19269 0.80478
vt 0.19774 0.79611
vt 0.1979 0.80605
vt 0.20553 0.79492
vt 0.20634 0.80593
vt 0.21453 0.79692
vt 0.21536 0.80686
vt 0.22251 0.79883
vt 0.2231 0.80625
vt 0.23142 0.79933
vt 0.22296 0.79024
vt 0.23276 0.79136
vt 0.24111 0.79224
vt 0.2404 0.80046
vt 0.24697 0.79266
vt 0.24645 0.80092
vt 0.2521 0.79262
vt 0.25161 0.80039
vt 0.2593 0.79268
vt 0.25943 0.79947
vt 0.26816 0.79353
vt 0.2683 0.80149
vt 0.27667 0.79446
vt 0.26857 0.78593
vt 0.27755 0.78601
vt 0.28734 0.78743
vt 0.28634 0.79543
vt 0.29554 0.78841
vt 0.29477 0.79612
vt 0.3013 0.78882
vt 0.30066 0.79651
vt 0.30664 0.7891
vt 0.30593 0.79647
vt 0.31406 0.78945
vt 0.30777 0.78061
vt 0.31505 0.78111
vt 0.32338 0.7815
vt 0.31618 0.772
vt 0.32413 0.77235
vt 0.33373 0.77273
vt 0.33284 0.78176
vt 0.3437 0.77421
vt 0.34295 0.78345
vt 0.35208 0.77536
vt 0.35119 0.78482
vt 0.35833 0.77615
vt 0.35709 0.78543
vt 0.3639 0.77686
vt 0.36258 0.78607
vt 0.37091 0.77769
vt 0.36989 0.78689
vt 0.37885 0.77833
vt 0.37817 0.7876
vt 0.38839 0.77904
vt 0.3876 0.78826
vt 0.39827 0.78087
vt 0.39766 0.79041
vt 0.40651 0.78228
vt 0.40579 0.79212
vt 0.41263 0.78324
vt 0.4116 0.79294
vt 0.41808 0.7841
vt 0.417 0.79377
vt 0.42488 0.78507
vt 0.42416 0.7948
vt 0.43251 0.7858
vt 0.4322 0.79564
vt 0.44158 0.78644
vt 0.44124 0.79628
vt 0.45085 0.78791
vt 0.4508 0.79787
vt 0.02035 0.76674
vt 0.02095 0.75771
vt 0.02871 0.75842
vt 0.02774 0.768
vt 0.02636 0.77669
vt 0.01905 0.77522
vt 0.03452 0.75896
vt 0.03302 0.76859
vt 0.0396 0.7594
vt 0.03797 0.76908
vt 0.04607 0.75978
vt 0.04467 0.76948
vt 0.05349 0.75974
vt 0.05238 0.76943
vt 0.06253 0.75946
vt 0.06131 0.76899
vt 0.0717 0.76006
vt 0.07076 0.76973
vt 0.08004 0.76037
vt 0.07891 0.7701
vt 0.08676 0.76047
vt 0.08509 0.77009
vt 0.09229 0.76056
vt 0.0906 0.77005
vt 0.09914 0.76062
vt 0.09784 0.76997
vt 0.1067 0.76028
vt 0.10584 0.76954
vt 0.11589 0.75977
vt 0.11496 0.76887
vt 0.12583 0.76033
vt 0.12513 0.76957
vt 0.13417 0.76069
vt 0.13336 0.77011
vt 0.14047 0.76089
vt 0.13927 0.77014
vt 0.14601 0.76108
vt 0.14477 0.77023
vt 0.15302 0.76125
vt 0.15211 0.77032
vt 0.16097 0.76117
vt 0.16038 0.77021
vt 0.17054 0.76102
vt 0.16981 0.76996
vt 0.18054 0.76195
vt 0.17998 0.7711
vt 0.18888 0.76262
vt 0.18819 0.77201
vt 0.18753 0.7805
vt 0.19405 0.77229
vt 0.19332 0.78083
vt 0.19298 0.78838
vt 0.19863 0.78104
vt 0.19826 0.78836
vt 0.20604 0.7813
vt 0.20569 0.78841
vt 0.21469 0.78178
vt 0.21461 0.78932
vt 0.22367 0.78191
vt 0.21496 0.77314
vt 0.22432 0.77321
vt 0.23432 0.77462
vt 0.23359 0.78336
vt 0.24242 0.77573
vt 0.24172 0.7844
vt 0.24823 0.7761
vt 0.24738 0.78481
vt 0.25362 0.77649
vt 0.25267 0.78509
vt 0.26082 0.77693
vt 0.26003 0.78541
vt 0.26902 0.77718
vt 0.26185 0.76772
vt 0.2697 0.76795
vt 0.2792 0.76815
vt 0.27832 0.77725
vt 0.28907 0.76938
vt 0.2883 0.77869
vt 0.29739 0.77029
vt 0.29647 0.77979
vt 0.30361 0.77089
vt 0.30232 0.78019
vt 0.30916 0.77142
vt 0.30545 0.76131
vt 0.31072 0.76185
vt 0.31755 0.76249
vt 0.31207 0.75212
vt 0.31894 0.75271
vt 0.32671 0.75325
vt 0.32527 0.76292
vt 0.3353 0.75384
vt 0.33452 0.76341
vt 0.34335 0.75483
vt 0.34401 0.76463
vt 0.35299 0.7558
vt 0.35282 0.76567
vt 0.3608 0.75671
vt 0.36012 0.76657
vt 0.36668 0.75743
vt 0.3654 0.76725
vt 0.37355 0.7582
vt 0.37223 0.76808
vt 0.38127 0.75892
vt 0.37991 0.76874
vt 0.38981 0.75969
vt 0.38909 0.76949
vt 0.39776 0.76086
vt 0.39848 0.77096
vt 0.40727 0.76199
vt 0.40714 0.77221
vt 0.41495 0.76301
vt 0.41428 0.77326
vt 0.4207 0.76381
vt 0.41943 0.77404
vt 0.42738 0.76465
vt 0.42604 0.77496
vt 0.43489 0.76541
vt 0.43342 0.77567
vt 0.44312 0.76628
vt 0.44218 0.77643
vt 0.45076 0.76767
vt 0.45113 0.77786
vt 0.02099 0.74824
vt 0.02005 0.73854
vt 0.02925 0.73877
vt 0.02928 0.74867
vt 0.03668 0.7391
vt 0.0361 0.74911
vt 0.04227 0.7394
vt 0.04107 0.74946
vt 0.04878 0.73965
vt 0.04748 0.74979
vt 0.05616 0.73973
vt 0.05474 0.74982
vt 0.06435 0.73975
vt 0.06349 0.7497
vt 0.0717 0.74013
vt 0.07216 0.75014
vt 0.08099 0.74031
vt 0.08082 0.75039
vt 0.08892 0.74054
vt 0.0881 0.75058
vt 0.09511 0.74071
vt 0.0938 0.75074
vt 0.10179 0.74081
vt 0.10051 0.75084
vt 0.10923 0.74076
vt 0.10785 0.75064
vt 0.11752 0.74068
vt 0.11671 0.75035
vt 0.12547 0.74103
vt 0.12613 0.75075
vt 0.13505 0.74124
vt 0.13489 0.75103
vt 0.14282 0.74153
vt 0.14214 0.7513
vt 0.1487 0.74179
vt 0.14744 0.75153
vt 0.15556 0.74202
vt 0.15427 0.75176
vt 0.16331 0.74213
vt 0.16198 0.75178
vt 0.1719 0.74227
vt 0.17121 0.75177
vt 0.17994 0.74284
vt 0.1807 0.75247
vt 0.18955 0.7433
vt 0.18948 0.75303
vt 0.19735 0.7438
vt 0.19674 0.75352
vt 0.19509 0.76307
vt 0.20202 0.75392
vt 0.20067 0.76345
vt 0.19949 0.77261
vt 0.20766 0.76387
vt 0.20677 0.77297
vt 0.21558 0.76406
vt 0.20883 0.75437
vt 0.21649 0.75459
vt 0.22571 0.75484
vt 0.22499 0.76415
vt 0.23513 0.75577
vt 0.23493 0.76533
vt 0.24386 0.75652
vt 0.24321 0.76619
vt 0.25108 0.75715
vt 0.24938 0.76674
vt 0.25632 0.75763
vt 0.25491 0.76722
vt 0.26312 0.75815
vt 0.25761 0.74786
vt 0.26444 0.74836
vt 0.27217 0.74877
vt 0.27078 0.75846
vt 0.28074 0.74921
vt 0.27997 0.75878
vt 0.28876 0.75004
vt 0.2894 0.75979
vt 0.29837 0.7508
vt 0.29817 0.76061
vt 0.30617 0.75154
vt 0.29789 0.74091
vt 0.30688 0.7417
vt 0.3133 0.74232
vt 0.30755 0.73185
vt 0.31444 0.73248
vt 0.32148 0.7331
vt 0.32019 0.74292
vt 0.32851 0.73366
vt 0.32782 0.7435
vt 0.33666 0.73433
vt 0.33602 0.74411
vt 0.33778 0.73445
vt 0.34081 0.74475
vt 0.35141 0.73575
vt 0.35248 0.74583
vt 0.36212 0.73685
vt 0.36148 0.74679
vt 0.36899 0.73759
vt 0.36788 0.74753
vt 0.37601 0.73832
vt 0.37476 0.74827
vt 0.38298 0.73899
vt 0.38233 0.74899
vt 0.39111 0.73977
vt 0.3905 0.74975
vt 0.39221 0.7399
vt 0.39523 0.75047
vt 0.40573 0.74135
vt 0.40677 0.75171
vt 0.41633 0.74252
vt 0.41566 0.75276
vt 0.42312 0.74329
vt 0.42197 0.75355
vt 0.43008 0.74404
vt 0.42872 0.75433
vt 0.437 0.74472
vt 0.43617 0.7551
vt 0.44507 0.74552
vt 0.44416 0.756
vt 0.44617 0.74565
vt 0.44878 0.75695
vt 0.01738 0.72871
vt 0.01403 0.71875
vt 0.02726 0.71877
vt 0.02855 0.72881
vt 0.03761 0.719
vt 0.03718 0.72907
vt 0.04423 0.71921
vt 0.04331 0.72931
vt 0.05101 0.7194
vt 0.04989 0.72952
vt 0.05777 0.71953
vt 0.05718 0.72964
vt 0.06566 0.71968
vt 0.06507 0.72972
vt 0.06674 0.71972
vt 0.06935 0.72999
vt 0.07969 0.72007
vt 0.08058 0.73021
vt 0.09038 0.72037
vt 0.08968 0.73045
vt 0.09731 0.72059
vt 0.09632 0.73065
vt 0.10412 0.72076
vt 0.10326 0.7308
vt 0.11094 0.72087
vt 0.1101 0.73084
vt 0.11894 0.721
vt 0.11828 0.73086
vt 0.12004 0.72104
vt 0.12298 0.73115
vt 0.13353 0.72144
vt 0.13455 0.73138
vt 0.14417 0.72182
vt 0.14351 0.73169
vt 0.15103 0.72211
vt 0.14991 0.73196
vt 0.15801 0.72237
vt 0.15675 0.73221
vt 0.16498 0.7226
vt 0.16434 0.7324
vt 0.17316 0.72288
vt 0.17256 0.7326
vt 0.17428 0.72294
vt 0.17733 0.733
vt 0.18789 0.72361
vt 0.18898 0.7335
vt 0.19858 0.72422
vt 0.19797 0.73402
vt 0.20545 0.72465
vt 0.20438 0.73445
vt 0.20324 0.74424
vt 0.21125 0.73486
vt 0.21009 0.74465
vt 0.21884 0.73523
vt 0.21783 0.74496
vt 0.22702 0.73562
vt 0.22637 0.74529
vt 0.23181 0.73611
vt 0.2344 0.74605
vt 0.24343 0.73684
vt 0.24398 0.74671
vt 0.2524 0.73753
vt 0.25175 0.74735
vt 0.25879 0.73805
vt 0.25305 0.72768
vt 0.2599 0.72821
vt 0.26693 0.72874
vt 0.26565 0.73855
vt 0.27393 0.7292
vt 0.27325 0.73901
vt 0.2821 0.72975
vt 0.28145 0.73949
vt 0.28321 0.72985
vt 0.28624 0.74005
vt 0.29684 0.73094
vt 0.28386 0.72005
vt 0.29669 0.72106
vt 0.30819 0.722
vt 0.29691 0.71119
vt 0.3088 0.71213
vt 0.31599 0.71276
vt 0.3153 0.72263
vt 0.32294 0.71337
vt 0.32224 0.72324
vt 0.32999 0.71396
vt 0.32929 0.72382
vt 0.3379 0.71464
vt 0.33731 0.7245
vt 0.33902 0.71474
vt 0.33843 0.72461
vt 0.35145 0.71585
vt 0.35125 0.72579
vt 0.36331 0.71692
vt 0.36273 0.72689
vt 0.3705 0.71763
vt 0.36984 0.72762
vt 0.37745 0.71831
vt 0.37676 0.72832
vt 0.38443 0.71896
vt 0.38374 0.72898
vt 0.39228 0.7197
vt 0.39173 0.72975
vt 0.39338 0.71981
vt 0.39283 0.72987
vt 0.40572 0.72098
vt 0.40555 0.73115
vt 0.41747 0.72206
vt 0.41693 0.73229
vt 0.42457 0.72274
vt 0.42395 0.73302
vt 0.43143 0.72337
vt 0.4308 0.7337
vt 0.43836 0.72392
vt 0.43772 0.73431
vt 0.44609 0.72446
vt 0.44557 0.7349
vt 0.44719 0.72454
vt 0.44667 0.73497
vt 0.01427 0.7088
vt 0.01452 0.69879
vt 0.02671 0.69875
vt 0.02678 0.70878
vt 0.03833 0.69888
vt 0.03797 0.70894
vt 0.04534 0.69905
vt 0.04486 0.70912
vt 0.05212 0.69922
vt 0.05159 0.7093
vt 0.05901 0.69939
vt 0.05842 0.70945
vt 0.06673 0.69958
vt 0.06622 0.70963
vt 0.06782 0.69962
vt 0.0673 0.70966
vt 0.07987 0.69994
vt 0.07961 0.71
vt 0.0916 0.70025
vt 0.09101 0.7103
vt 0.0987 0.7005
vt 0.09808 0.71054
vt 0.1055 0.70073
vt 0.10483 0.71074
vt 0.11242 0.70093
vt 0.11171 0.7109
vt 0.12023 0.70116
vt 0.11961 0.71109
vt 0.12133 0.7012
vt 0.12071 0.71113
vt 0.13364 0.7016
vt 0.1334 0.71153
vt 0.14543 0.70202
vt 0.14481 0.71193
vt 0.15259 0.70234
vt 0.1519 0.71223
vt 0.15947 0.70264
vt 0.15876 0.71251
vt 0.16647 0.70294
vt 0.16575 0.71278
vt 0.17439 0.70329
vt 0.1738 0.7131
vt 0.17551 0.70334
vt 0.17491 0.71316
vt 0.18795 0.70395
vt 0.18772 0.71378
vt 0.19978 0.70456
vt 0.19919 0.7144
vt 0.20697 0.705
vt 0.20629 0.71483
vt 0.21395 0.70543
vt 0.21324 0.71525
vt 0.21249 0.72508
vt 0.22026 0.71566
vt 0.21949 0.72545
vt 0.22825 0.71612
vt 0.22765 0.7259
vt 0.22937 0.71619
vt 0.22877 0.72596
vt 0.24219 0.71704
vt 0.24237 0.72689
vt 0.25367 0.71784
vt 0.2424 0.7072
vt 0.25427 0.708
vt 0.26144 0.70854
vt 0.26076 0.71838
vt 0.26838 0.70906
vt 0.26768 0.7189
vt 0.27545 0.70957
vt 0.27472 0.71939
vt 0.28337 0.71015
vt 0.28275 0.71996
vt 0.28448 0.71024
vt 0.28396 0.70032
vt 0.28507 0.70041
vt 0.29738 0.70134
vt 0.28564 0.69056
vt 0.298 0.69149
vt 0.30994 0.6924
vt 0.30938 0.70226
vt 0.31708 0.69301
vt 0.31657 0.70289
vt 0.32399 0.69361
vt 0.32351 0.70349
vt 0.33114 0.6942
vt 0.3306 0.70409
vt 0.33904 0.69485
vt 0.33849 0.70475
vt 0.34014 0.69494
vt 0.3396 0.70485
vt 0.35247 0.69597
vt 0.35188 0.70591
vt 0.36438 0.69698
vt 0.36385 0.70695
vt 0.37156 0.69764
vt 0.37106 0.70764
vt 0.37852 0.69829
vt 0.37803 0.7083
vt 0.38555 0.69889
vt 0.38504 0.70893
vt 0.39333 0.69956
vt 0.39282 0.70964
vt 0.39443 0.69966
vt 0.39393 0.70974
vt 0.40666 0.70069
vt 0.40611 0.71082
vt 0.41845 0.70164
vt 0.41797 0.71184
vt 0.42553 0.70224
vt 0.42508 0.71248
vt 0.4324 0.70279
vt 0.43194 0.71306
vt 0.4394 0.70328
vt 0.4389 0.71358
vt 0.44709 0.70377
vt 0.44659 0.71409
vt 0.44818 0.70384
vt 0.44768 0.71416
vt 0.01483 0.6887
vt 0.01521 0.67858
vt 0.02735 0.67862
vt 0.02693 0.6887
vt 0.03909 0.67876
vt 0.0387 0.68882
vt 0.04611 0.67894
vt 0.04574 0.68899
vt 0.05291 0.67912
vt 0.05254 0.68917
vt 0.05995 0.67929
vt 0.05951 0.68934
vt 0.06771 0.67949
vt 0.06722 0.68953
vt 0.0688 0.67953
vt 0.06831 0.68957
vt 0.08092 0.67986
vt 0.08032 0.68989
vt 0.09269 0.6802
vt 0.09215 0.69022
vt 0.09972 0.68048
vt 0.09924 0.69048
vt 0.10653 0.68074
vt 0.10605 0.69073
vt 0.11359 0.68098
vt 0.11304 0.69096
vt 0.12142 0.68125
vt 0.12084 0.69121
vt 0.12252 0.6813
vt 0.12194 0.69126
vt 0.13476 0.68174
vt 0.13412 0.69168
vt 0.1466 0.6822
vt 0.14603 0.69211
vt 0.15371 0.68254
vt 0.15319 0.69244
vt 0.16058 0.68288
vt 0.16006 0.69277
vt 0.16769 0.68321
vt 0.16712 0.69308
vt 0.17558 0.68358
vt 0.175 0.69344
vt 0.17669 0.68364
vt 0.1761 0.6935
vt 0.18912 0.68426
vt 0.18844 0.6941
vt 0.20092 0.68487
vt 0.20036 0.69472
vt 0.2081 0.68533
vt 0.20756 0.69517
vt 0.21512 0.68577
vt 0.21457 0.6956
vt 0.22217 0.68619
vt 0.22163 0.69603
vt 0.22098 0.70585
vt 0.22944 0.69651
vt 0.22886 0.70632
vt 0.23055 0.69658
vt 0.22997 0.7064
vt 0.24286 0.69736
vt 0.23113 0.68674
vt 0.24348 0.68753
vt 0.25541 0.68832
vt 0.25485 0.69815
vt 0.26255 0.68886
vt 0.26203 0.6987
vt 0.26946 0.68938
vt 0.26896 0.69922
vt 0.27663 0.6899
vt 0.27608 0.69974
vt 0.28453 0.69048
vt 0.27712 0.68005
vt 0.2851 0.68062
vt 0.28621 0.68071
vt 0.28565 0.67077
vt 0.28675 0.67085
vt 0.29945 0.6718
vt 0.29872 0.68164
vt 0.31099 0.67267
vt 0.31047 0.68253
vt 0.31781 0.67324
vt 0.31749 0.68313
vt 0.32479 0.67382
vt 0.32442 0.68372
vt 0.33206 0.67438
vt 0.33162 0.68429
vt 0.34011 0.67501
vt 0.33958 0.68493
vt 0.3412 0.6751
vt 0.34068 0.68503
vt 0.35386 0.67612
vt 0.35316 0.68605
vt 0.36536 0.67704
vt 0.36487 0.68701
vt 0.37225 0.67764
vt 0.37197 0.68765
vt 0.37927 0.67824
vt 0.37893 0.68827
vt 0.38634 0.67879
vt 0.38598 0.68884
vt 0.39432 0.67941
vt 0.39383 0.68948
vt 0.3954 0.6795
vt 0.39493 0.68958
vt 0.40797 0.68047
vt 0.40731 0.69057
vt 0.41937 0.6813
vt 0.41891 0.69146
vt 0.42615 0.68183
vt 0.42589 0.69202
vt 0.43312 0.68233
vt 0.43279 0.69254
vt 0.4402 0.68277
vt 0.43982 0.69301
vt 0.44808 0.68322
vt 0.44758 0.69348
vt 0.44916 0.68329
vt 0.44867 0.69355
vt 0.01561 0.66843
vt 0.01607 0.65828
vt 0.02858 0.65845
vt 0.02793 0.66854
vt 0.03996 0.65864
vt 0.03951 0.6687
vt 0.04669 0.65883
vt 0.04643 0.66888
vt 0.05357 0.65903
vt 0.05325 0.66908
vt 0.06075 0.65921
vt 0.06035 0.66925
vt 0.06871 0.65942
vt 0.06821 0.66945
vt 0.0698 0.65945
vt 0.06929 0.66949
vt 0.08231 0.65984
vt 0.0816 0.66985
vt 0.09372 0.6602
vt 0.09321 0.6702
vt 0.10044 0.66048
vt 0.10012 0.67048
vt 0.10733 0.66076
vt 0.10695 0.67075
vt 0.11453 0.66102
vt 0.11407 0.671
vt 0.12257 0.66132
vt 0.122 0.67129
vt 0.12366 0.66136
vt 0.12309 0.67133
vt 0.13625 0.66188
vt 0.13549 0.67181
vt 0.14772 0.66236
vt 0.14717 0.67228
vt 0.15451 0.66271
vt 0.15416 0.67263
vt 0.16146 0.66307
vt 0.16105 0.67298
vt 0.16871 0.66342
vt 0.16821 0.67332
vt 0.17674 0.6638
vt 0.17616 0.6737
vt 0.17784 0.66387
vt 0.17726 0.67376
vt 0.19059 0.66454
vt 0.18986 0.6744
vt 0.20202 0.66517
vt 0.20147 0.67502
vt 0.20886 0.66561
vt 0.20855 0.67547
vt 0.21595 0.66606
vt 0.21559 0.67593
vt 0.22303 0.66648
vt 0.22264 0.67634
vt 0.23115 0.66697
vt 0.23059 0.67683
vt 0.23002 0.68667
vt 0.23169 0.6769
vt 0.23225 0.66705
vt 0.24495 0.66787
vt 0.2442 0.6777
vt 0.25649 0.66864
vt 0.25596 0.67848
vt 0.26332 0.66916
vt 0.26298 0.67901
vt 0.2703 0.66968
vt 0.26991 0.67954
vt 0.27759 0.67019
vt 0.27032 0.65978
vt 0.27822 0.66034
vt 0.2862 0.66091
vt 0.27857 0.65047
vt 0.28673 0.65105
vt 0.28782 0.65113
vt 0.28729 0.66099
vt 0.30075 0.65209
vt 0.30021 0.66196
vt 0.31201 0.65295
vt 0.31151 0.6628
vt 0.31806 0.65342
vt 0.31801 0.66334
vt 0.32491 0.65394
vt 0.32479 0.66388
vt 0.33299 0.65456
vt 0.33266 0.66448
vt 0.34113 0.65517
vt 0.34062 0.66509
vt 0.34222 0.65526
vt 0.34171 0.66518
vt 0.35507 0.65626
vt 0.35458 0.6662
vt 0.3663 0.65713
vt 0.36584 0.66708
vt 0.37235 0.65761
vt 0.37227 0.66762
vt 0.37926 0.65813
vt 0.37951 0.6682
vt 0.38713 0.65871
vt 0.38667 0.66875
vt 0.39526 0.6593
vt 0.3948 0.66935
vt 0.39634 0.65938
vt 0.39588 0.66944
vt 0.40913 0.66031
vt 0.40866 0.67039
vt 0.42026 0.66107
vt 0.41982 0.67117
vt 0.42625 0.66148
vt 0.42616 0.67164
vt 0.43312 0.66191
vt 0.43336 0.67212
vt 0.441 0.66237
vt 0.44055 0.67255
vt 0.449 0.66281
vt 0.44854 0.673
vt 0.45007 0.66287
vt 0.44962 0.67306
vt 0.01654 0.64812
vt 0.01709 0.63796
vt 0.02982 0.63825
vt 0.02928 0.64835
vt 0.04093 0.63852
vt 0.04044 0.64858
vt 0.0469 0.63869
vt 0.04686 0.64877
vt 0.05368 0.63888
vt 0.05355 0.64895
vt 0.06168 0.63911
vt 0.06134 0.64916
vt 0.06976 0.63935
vt 0.06923 0.64938
vt 0.07084 0.63939
vt 0.07031 0.64942
vt 0.08359 0.63982
vt 0.08305 0.64983
vt 0.09477 0.64022
vt 0.09425 0.65021
vt 0.1007 0.64046
vt 0.10065 0.65047
vt 0.10749 0.64072
vt 0.10734 0.65074
vt 0.1155 0.64103
vt 0.11515 0.65103
vt 0.1237 0.64137
vt 0.12313 0.65135
vt 0.12478 0.64142
vt 0.12422 0.65139
vt 0.1376 0.64199
vt 0.13703 0.65194
vt 0.14882 0.64252
vt 0.14828 0.65244
vt 0.15483 0.64283
vt 0.15475 0.65278
vt 0.16171 0.64317
vt 0.16152 0.65312
vt 0.16976 0.64358
vt 0.16938 0.65351
vt 0.17789 0.644
vt 0.17731 0.65391
vt 0.17898 0.64406
vt 0.17841 0.65397
vt 0.19151 0.64477
vt 0.19127 0.65467
vt 0.20145 0.64533
vt 0.20257 0.65531
vt 0.20872 0.6458
vt 0.20895 0.65572
vt 0.21594 0.64624
vt 0.21603 0.65615
vt 0.22392 0.64673
vt 0.22342 0.65661
vt 0.23225 0.64726
vt 0.2317 0.65712
vt 0.23334 0.64733
vt 0.2328 0.65719
vt 0.24628 0.64819
vt 0.24572 0.65804
vt 0.25755 0.64897
vt 0.25703 0.6588
vt 0.2636 0.64941
vt 0.26354 0.65929
vt 0.27047 0.64989
vt 0.26328 0.63948
vt 0.27055 0.64
vt 0.27885 0.64059
vt 0.27064 0.63011
vt 0.27913 0.63073
vt 0.2878 0.63135
vt 0.28727 0.6412
vt 0.28889 0.63143
vt 0.28836 0.64128
vt 0.30123 0.63233
vt 0.3009 0.6422
vt 0.31054 0.63301
vt 0.31076 0.64292
vt 0.31754 0.63353
vt 0.31772 0.64346
vt 0.32503 0.63408
vt 0.32497 0.64401
vt 0.33349 0.63471
vt 0.33324 0.64463
vt 0.34213 0.63535
vt 0.34164 0.64526
vt 0.34322 0.63543
vt 0.34273 0.64535
vt 0.35541 0.63634
vt 0.35516 0.64629
vt 0.36469 0.63701
vt 0.36496 0.64701
vt 0.37163 0.63751
vt 0.37194 0.64755
vt 0.37912 0.63804
vt 0.37919 0.64808
vt 0.38753 0.63865
vt 0.38733 0.64867
vt 0.39619 0.63925
vt 0.39573 0.64927
vt 0.39727 0.63933
vt 0.39682 0.64935
vt 0.40948 0.64015
vt 0.40922 0.65021
vt 0.41869 0.64074
vt 0.41896 0.65084
vt 0.42562 0.64117
vt 0.42586 0.6513
vt 0.43303 0.6416
vt 0.43306 0.65174
vt 0.44137 0.64208
vt 0.44119 0.65221
vt 0.44987 0.64252
vt 0.44943 0.65265
vt 0.45095 0.64258
vt 0.4505 0.6527
vt 0.01765 0.62781
vt 0.01825 0.61768
vt 0.03038 0.61803
vt 0.03 0.62814
vt 0.03957 0.61829
vt 0.03973 0.62838
vt 0.04647 0.6185
vt 0.0466 0.62859
vt 0.05387 0.61872
vt 0.05376 0.6288
vt 0.06227 0.619
vt 0.06196 0.62905
vt 0.07088 0.61929
vt 0.07032 0.62932
vt 0.07197 0.61933
vt 0.0714 0.62936
vt 0.08406 0.61976
vt 0.08372 0.62979
vt 0.09326 0.6201
vt 0.09345 0.63012
vt 0.10012 0.62036
vt 0.10036 0.6304
vt 0.10762 0.62066
vt 0.10757 0.63069
vt 0.11608 0.62102
vt 0.11579 0.63103
vt 0.12484 0.62141
vt 0.12427 0.63139
vt 0.12592 0.62146
vt 0.12536 0.63144
vt 0.13811 0.62203
vt 0.13779 0.63201
vt 0.14737 0.62248
vt 0.14752 0.63246
vt 0.15432 0.62283
vt 0.1545 0.63282
vt 0.16187 0.62322
vt 0.16181 0.6332
vt 0.17038 0.62369
vt 0.17007 0.63364
vt 0.179 0.62417
vt 0.17845 0.63409
vt 0.18009 0.62423
vt 0.17954 0.63415
vt 0.19217 0.62494
vt 0.19177 0.63485
vt 0.20137 0.62548
vt 0.20119 0.6354
vt 0.20839 0.62591
vt 0.20842 0.63585
vt 0.21603 0.62639
vt 0.21592 0.63631
vt 0.22456 0.62696
vt 0.22423 0.63684
vt 0.23335 0.62754
vt 0.23281 0.6374
vt 0.23445 0.62761
vt 0.2339 0.63747
vt 0.24679 0.62845
vt 0.24644 0.63831
vt 0.25612 0.62909
vt 0.25631 0.63898
vt 0.26313 0.62958
vt 0.25644 0.61922
vt 0.26336 0.61971
vt 0.27094 0.62025
vt 0.26391 0.60985
vt 0.2715 0.61041
vt 0.27994 0.61103
vt 0.27947 0.62087
vt 0.28881 0.61169
vt 0.28832 0.62151
vt 0.2899 0.61176
vt 0.28941 0.62159
vt 0.30223 0.61262
vt 0.30168 0.62247
vt 0.3113 0.61325
vt 0.31084 0.62313
vt 0.31828 0.61375
vt 0.31774 0.62362
vt 0.32584 0.6143
vt 0.32531 0.62418
vt 0.33426 0.61491
vt 0.33381 0.6248
vt 0.3431 0.61556
vt 0.34263 0.62545
vt 0.34419 0.61563
vt 0.34371 0.62553
vt 0.35608 0.61645
vt 0.35573 0.62639
vt 0.36509 0.61705
vt 0.36478 0.62702
vt 0.37176 0.6175
vt 0.37157 0.6275
vt 0.37942 0.61803
vt 0.3792 0.62803
vt 0.38808 0.61864
vt 0.38775 0.62864
vt 0.39709 0.61926
vt 0.39665 0.62925
vt 0.39816 0.61933
vt 0.39773 0.62933
vt 0.41035 0.62009
vt 0.40987 0.63011
vt 0.41931 0.62063
vt 0.41892 0.63067
vt 0.42621 0.62103
vt 0.42575 0.63108
vt 0.43367 0.62146
vt 0.43322 0.63151
vt 0.44198 0.62192
vt 0.44161 0.63198
vt 0.45072 0.62236
vt 0.4503 0.63242
vt 0.45179 0.62241
vt 0.45137 0.63248
vt 0.01883 0.60757
vt 0.01943 0.59747
vt 0.03151 0.59785
vt 0.03091 0.60794
vt 0.04053 0.59813
vt 0.03994 0.60821
vt 0.04735 0.59835
vt 0.04673 0.60842
vt 0.05478 0.59861
vt 0.05419 0.60866
vt 0.06314 0.59891
vt 0.06264 0.60895
vt 0.07202 0.59923
vt 0.07146 0.60926
vt 0.0731 0.59927
vt 0.07253 0.6093
vt 0.0849 0.59969
vt 0.08445 0.60973
vt 0.09389 0.60001
vt 0.09349 0.61006
vt 0.10048 0.60026
vt 0.10017 0.61031
vt 0.10811 0.60058
vt 0.10779 0.61062
vt 0.11682 0.60098
vt 0.11641 0.61101
vt 0.12596 0.60142
vt 0.1254 0.61142
vt 0.12704 0.60147
vt 0.12649 0.61147
vt 0.13894 0.60204
vt 0.1385 0.61204
vt 0.14796 0.60247
vt 0.14756 0.61248
vt 0.15467 0.60281
vt 0.15442 0.61283
vt 0.16242 0.60324
vt 0.16211 0.61324
vt 0.17114 0.60375
vt 0.17074 0.61373
vt 0.18009 0.6043
vt 0.17955 0.61424
vt 0.18117 0.60436
vt 0.18064 0.6143
vt 0.19306 0.60506
vt 0.1926 0.61501
vt 0.20212 0.60561
vt 0.20168 0.61555
vt 0.20887 0.60604
vt 0.20853 0.61598
vt 0.21666 0.60656
vt 0.2163 0.61648
vt 0.2254 0.60718
vt 0.22495 0.61707
vt 0.2344 0.60781
vt 0.23389 0.61768
vt 0.23549 0.60789
vt 0.23498 0.61775
vt 0.24783 0.60873
vt 0.24727 0.61859
vt 0.25691 0.60935
vt 0.24839 0.59888
vt 0.25768 0.59953
vt 0.26484 0.60004
vt 0.25899 0.58975
vt 0.26601 0.59027
vt 0.27328 0.59082
vt 0.2723 0.6006
vt 0.28124 0.59142
vt 0.28054 0.60121
vt 0.28978 0.59205
vt 0.2893 0.60186
vt 0.29086 0.59213
vt 0.29039 0.60194
vt 0.30362 0.59298
vt 0.30277 0.60279
vt 0.31334 0.59364
vt 0.31205 0.60342
vt 0.32036 0.59412
vt 0.31919 0.60392
vt 0.32759 0.59462
vt 0.32663 0.60445
vt 0.33553 0.59518
vt 0.33484 0.60504
vt 0.34405 0.59576
vt 0.34358 0.60566
vt 0.34513 0.59583
vt 0.34466 0.60573
vt 0.35684 0.59656
vt 0.35646 0.60651
vt 0.36562 0.5971
vt 0.36534 0.60707
vt 0.37235 0.59752
vt 0.37205 0.60751
vt 0.38028 0.59805
vt 0.37981 0.60805
vt 0.3889 0.59866
vt 0.38848 0.60865
vt 0.39792 0.59929
vt 0.39751 0.60927
vt 0.399 0.59936
vt 0.39859 0.60934
vt 0.4116 0.60013
vt 0.41082 0.6101
vt 0.42119 0.60069
vt 0.41998 0.61063
vt 0.42809 0.60109
vt 0.42703 0.61104
vt 0.43522 0.60149
vt 0.43437 0.61146
vt 0.44308 0.60191
vt 0.44249 0.61189
vt 0.45151 0.60232
vt 0.45111 0.61232
vt 0.45258 0.60237
vt 0.45218 0.61237
vt 0.02001 0.58739
vt 0.02061 0.57732
vt 0.03314 0.57773
vt 0.03218 0.58778
vt 0.04272 0.57805
vt 0.04133 0.58807
vt 0.0496 0.57829
vt 0.04834 0.58831
vt 0.0567 0.57855
vt 0.05564 0.58857
vt 0.06461 0.57884
vt 0.06381 0.58887
vt 0.07316 0.57916
vt 0.07259 0.5892
vt 0.07424 0.5792
vt 0.07367 0.58923
vt 0.08594 0.57959
vt 0.08541 0.58964
vt 0.09471 0.57988
vt 0.09431 0.58995
vt 0.10141 0.58012
vt 0.10093 0.5902
vt 0.10922 0.58047
vt 0.10863 0.59053
vt 0.1179 0.58089
vt 0.11733 0.59095
vt 0.12705 0.58136
vt 0.12651 0.5914
vt 0.12813 0.58141
vt 0.12759 0.59145
vt 0.13986 0.58197
vt 0.1394 0.59201
vt 0.14862 0.58239
vt 0.14829 0.59244
vt 0.15549 0.58275
vt 0.15505 0.59279
vt 0.16347 0.58321
vt 0.16291 0.59323
vt 0.17215 0.58376
vt 0.17164 0.59377
vt 0.18114 0.58435
vt 0.18062 0.59433
vt 0.18222 0.58442
vt 0.1817 0.59439
vt 0.19398 0.58513
vt 0.19353 0.59511
vt 0.20282 0.58568
vt 0.20248 0.59565
vt 0.20971 0.58614
vt 0.20927 0.5961
vt 0.21771 0.58671
vt 0.21715 0.59664
vt 0.22638 0.58737
vt 0.2259 0.59728
vt 0.23539 0.58807
vt 0.2349 0.59794
vt 0.23647 0.58814
vt 0.23599 0.59802
vt 0.24925 0.58905
vt 0.23695 0.57828
vt 0.25007 0.57925
vt 0.26108 0.58006
vt 0.25046 0.56946
vt 0.26157 0.57031
vt 0.26818 0.57079
vt 0.26735 0.58052
vt 0.2749 0.5713
vt 0.27415 0.58105
vt 0.28261 0.57189
vt 0.28195 0.58164
vt 0.29074 0.5725
vt 0.29026 0.58226
vt 0.29182 0.57257
vt 0.29134 0.58233
vt 0.30483 0.57343
vt 0.30444 0.58321
vt 0.31591 0.57415
vt 0.31543 0.58393
vt 0.32253 0.57457
vt 0.32169 0.58434
vt 0.32912 0.575
vt 0.32843 0.5848
vt 0.33683 0.57551
vt 0.33621 0.58533
vt 0.34501 0.57602
vt 0.34453 0.58588
vt 0.34609 0.57608
vt 0.34561 0.58594
vt 0.35757 0.57669
vt 0.3572 0.58662
vt 0.36637 0.57713
vt 0.36595 0.58711
vt 0.37328 0.5775
vt 0.37278 0.58752
vt 0.38117 0.57804
vt 0.38074 0.58805
vt 0.38978 0.57871
vt 0.38933 0.58867
vt 0.39877 0.5794
vt 0.39834 0.58932
vt 0.39984 0.57947
vt 0.39941 0.58939
vt 0.41269 0.58029
vt 0.41236 0.5902
vt 0.42362 0.58094
vt 0.42321 0.59083
vt 0.4301 0.58129
vt 0.42934 0.59117
vt 0.43662 0.58166
vt 0.436 0.59155
vt 0.44426 0.58206
vt 0.44369 0.59196
vt 0.45232 0.58245
vt 0.45191 0.59236
vt 0.45338 0.58249
vt 0.45298 0.59241
vt 0.02117 0.56727
vt 0.02178 0.55725
vt 0.03457 0.55771
vt 0.03407 0.56771
vt 0.0455 0.5581
vt 0.04492 0.56808
vt 0.05198 0.55832
vt 0.05104 0.56829
vt 0.05855 0.55856
vt 0.05768 0.56854
vt 0.06628 0.55886
vt 0.06548 0.56884
vt 0.07431 0.55915
vt 0.07374 0.56914
vt 0.07538 0.55918
vt 0.07481 0.56918
vt 0.08691 0.5595
vt 0.08644 0.56954
vt 0.09567 0.55973
vt 0.09518 0.5698
vt 0.10254 0.55993
vt 0.10193 0.57003
vt 0.11035 0.56029
vt 0.10981 0.57038
vt 0.11905 0.56079
vt 0.11848 0.57083
vt 0.12813 0.56132
vt 0.12759 0.57132
vt 0.12921 0.56138
vt 0.12867 0.57137
vt 0.14072 0.56191
vt 0.14029 0.57193
vt 0.14956 0.56231
vt 0.14904 0.57234
vt 0.15662 0.56265
vt 0.15602 0.5727
vt 0.16451 0.56316
vt 0.16402 0.57318
vt 0.17315 0.56378
vt 0.17266 0.57375
vt 0.18217 0.56443
vt 0.18166 0.57437
vt 0.18326 0.56451
vt 0.18274 0.57444
vt 0.1948 0.5652
vt 0.1944 0.57515
vt 0.20375 0.56574
vt 0.20325 0.5757
vt 0.21081 0.5662
vt 0.21022 0.57617
vt 0.2187 0.56683
vt 0.21824 0.57676
vt 0.22734 0.56759
vt 0.22686 0.57746
vt 0.23635 0.56837
vt 0.23587 0.5782
vt 0.23744 0.56846
vt 0.23685 0.55862
vt 0.23793 0.55871
vt 0.25087 0.55972
vt 0.23842 0.54904
vt 0.25106 0.55003
vt 0.26255 0.55092
vt 0.26206 0.56059
vt 0.26941 0.55143
vt 0.2689 0.56109
vt 0.27638 0.55194
vt 0.27559 0.5616
vt 0.28357 0.55247
vt 0.2832 0.56217
vt 0.29172 0.55307
vt 0.29123 0.56276
vt 0.2928 0.55314
vt 0.29231 0.56284
vt 0.30542 0.55397
vt 0.30516 0.56368
vt 0.31689 0.55471
vt 0.3164 0.56441
vt 0.32377 0.55513
vt 0.32323 0.56484
vt 0.33023 0.55553
vt 0.32972 0.56525
vt 0.33797 0.556
vt 0.3374 0.56573
vt 0.34597 0.55646
vt 0.34549 0.5662
vt 0.34705 0.55651
vt 0.34657 0.56626
vt 0.35845 0.55706
vt 0.35797 0.56681
vt 0.36748 0.55745
vt 0.36692 0.56721
vt 0.37426 0.55766
vt 0.3738 0.56747
vt 0.38195 0.55833
vt 0.38157 0.56811
vt 0.39074 0.55907
vt 0.39025 0.56883
vt 0.39967 0.55976
vt 0.39922 0.56953
vt 0.40074 0.55983
vt 0.40028 0.56961
vt 0.41319 0.56062
vt 0.41297 0.57042
vt 0.42449 0.5613
vt 0.42405 0.57109
vt 0.43126 0.56167
vt 0.43075 0.57146
vt 0.43769 0.56202
vt 0.4372 0.57182
vt 0.44528 0.56242
vt 0.44477 0.57221
vt 0.4531 0.56278
vt 0.4527 0.57258
vt 0.45416 0.56282
vt 0.45376 0.57262
vt 0.02238 0.54726
vt 0.02299 0.53732
vt 0.03537 0.5378
vt 0.03501 0.54774
vt 0.04665 0.53825
vt 0.04608 0.54816
vt 0.0534 0.5385
vt 0.0528 0.5484
vt 0.06028 0.53876
vt 0.05937 0.54863
vt 0.06742 0.53903
vt 0.06697 0.54892
vt 0.07543 0.53933
vt 0.07487 0.54921
vt 0.0765 0.53937
vt 0.07594 0.54924
vt 0.08792 0.53969
vt 0.08742 0.54953
vt 0.09689 0.5399
vt 0.09628 0.54974
vt 0.10368 0.53994
vt 0.10315 0.54984
vt 0.11125 0.54049
vt 0.11083 0.5503
vt 0.11999 0.54108
vt 0.11957 0.55086
vt 0.12918 0.54165
vt 0.12865 0.55142
vt 0.13026 0.5417
vt 0.12973 0.55148
vt 0.14173 0.54223
vt 0.14118 0.55199
vt 0.15077 0.54261
vt 0.1502 0.55236
vt 0.15766 0.54279
vt 0.15719 0.55261
vt 0.16534 0.54349
vt 0.16494 0.55321
vt 0.17415 0.54421
vt 0.17364 0.55391
vt 0.18319 0.54489
vt 0.18268 0.5546
vt 0.18427 0.54496
vt 0.18377 0.55467
vt 0.19581 0.54565
vt 0.19525 0.55535
vt 0.2049 0.54616
vt 0.20434 0.55586
vt 0.21177 0.54649
vt 0.21136 0.55625
vt 0.21949 0.54729
vt 0.21912 0.55697
vt 0.2283 0.54814
vt 0.22781 0.5578
vt 0.23734 0.54895
vt 0.22881 0.5386
vt 0.23784 0.53938
vt 0.23892 0.53946
vt 0.23834 0.52985
vt 0.23942 0.52993
vt 0.25162 0.53084
vt 0.25125 0.54041
vt 0.26355 0.53172
vt 0.26305 0.5413
vt 0.27042 0.53221
vt 0.26993 0.5418
vt 0.27745 0.53271
vt 0.27693 0.5423
vt 0.28467 0.53322
vt 0.28412 0.54283
vt 0.29272 0.53376
vt 0.29222 0.5434
vt 0.2938 0.53384
vt 0.2933 0.54348
vt 0.30599 0.53465
vt 0.30561 0.54429
vt 0.31789 0.53543
vt 0.31738 0.54505
vt 0.32469 0.53586
vt 0.32425 0.54547
vt 0.33125 0.53625
vt 0.33074 0.54586
vt 0.33911 0.53672
vt 0.33853 0.54633
vt 0.34694 0.53717
vt 0.34645 0.54679
vt 0.34802 0.53723
vt 0.34753 0.54684
vt 0.35964 0.53786
vt 0.35908 0.54742
vt 0.36832 0.53833
vt 0.36791 0.54784
vt 0.37498 0.53862
vt 0.37465 0.54803
vt 0.38276 0.53929
vt 0.38236 0.54865
vt 0.3917 0.53985
vt 0.39121 0.54941
vt 0.40063 0.54042
vt 0.40014 0.55006
vt 0.40169 0.54048
vt 0.40121 0.55013
vt 0.41372 0.5412
vt 0.41336 0.55088
vt 0.42544 0.54187
vt 0.42495 0.55156
vt 0.43218 0.54223
vt 0.43172 0.55193
vt 0.43869 0.54255
vt 0.43818 0.55226
vt 0.44634 0.54294
vt 0.4458 0.55266
vt 0.45394 0.54334
vt 0.4535 0.55303
vt 0.45499 0.5434
vt 0.45456 0.55307
vt 0.02356 0.5274
vt 0.02414 0.51749
vt 0.03608 0.51802
vt 0.03564 0.52789
vt 0.04778 0.51856
vt 0.04722 0.52839
vt 0.05456 0.51885
vt 0.054 0.52866
vt 0.06149 0.51916
vt 0.06091 0.52893
vt 0.06858 0.51947
vt 0.068 0.52922
vt 0.07652 0.51981
vt 0.07597 0.52954
vt 0.07758 0.51985
vt 0.07704 0.52957
vt 0.08915 0.52032
vt 0.08858 0.52996
vt 0.09779 0.5207
vt 0.09734 0.53025
vt 0.10444 0.52095
vt 0.10408 0.53033
vt 0.1121 0.52149
vt 0.11167 0.53082
vt 0.12099 0.52198
vt 0.12048 0.53146
vt 0.13021 0.5225
vt 0.1297 0.53202
vt 0.13129 0.52256
vt 0.13077 0.53208
vt 0.14293 0.5232
vt 0.14238 0.53266
vt 0.15164 0.52369
vt 0.15125 0.53309
vt 0.15833 0.52405
vt 0.158 0.5333
vt 0.16615 0.5247
vt 0.16573 0.53392
vt 0.17517 0.52529
vt 0.17466 0.53468
vt 0.18419 0.5259
vt 0.18369 0.53535
vt 0.18527 0.52597
vt 0.18477 0.53542
vt 0.19698 0.52671
vt 0.19645 0.53613
vt 0.20571 0.52728
vt 0.20532 0.53666
vt 0.21243 0.52768
vt 0.2121 0.53697
vt 0.22028 0.52847
vt 0.21988 0.53771
vt 0.22931 0.52915
vt 0.22074 0.51916
vt 0.22979 0.51971
vt 0.23884 0.52034
vt 0.23041 0.51027
vt 0.23935 0.51088
vt 0.24043 0.51096
vt 0.23992 0.52042
vt 0.25251 0.51179
vt 0.25205 0.5213
vt 0.26457 0.51261
vt 0.26406 0.52216
vt 0.27156 0.51309
vt 0.27091 0.52265
vt 0.27844 0.51355
vt 0.27798 0.52314
vt 0.28603 0.51407
vt 0.2852 0.52363
vt 0.29374 0.51458
vt 0.29323 0.52414
vt 0.29482 0.51466
vt 0.2943 0.52422
vt 0.30688 0.51546
vt 0.30642 0.52504
vt 0.31892 0.51624
vt 0.3184 0.52583
vt 0.32575 0.51668
vt 0.32509 0.52627
vt 0.33258 0.51712
vt 0.33176 0.52669
vt 0.34026 0.51761
vt 0.33962 0.52715
vt 0.34796 0.51809
vt 0.34744 0.5276
vt 0.34903 0.51815
vt 0.34852 0.52766
vt 0.36063 0.51886
vt 0.36013 0.52835
vt 0.36915 0.51937
vt 0.36874 0.52886
vt 0.37582 0.51977
vt 0.37536 0.52926
vt 0.38408 0.52024
vt 0.38323 0.52986
vt 0.39282 0.52074
vt 0.39219 0.5303
vt 0.40165 0.52123
vt 0.40113 0.53079
vt 0.40272 0.52129
vt 0.4022 0.53086
vt 0.41463 0.52193
vt 0.41416 0.53155
vt 0.4265 0.52255
vt 0.42597 0.5322
vt 0.43328 0.52289
vt 0.43268 0.53256
vt 0.44001 0.52323
vt 0.4393 0.53289
vt 0.44757 0.52361
vt 0.44694 0.53326
vt 0.45511 0.52397
vt 0.45456 0.53365
vt 0.02361 0.50742
vt 0.02426 0.49765
vt 0.02532 0.49771
vt 0.02466 0.50755
vt 0.45561 0.53378
vt 0.03711 0.49834
vt 0.03656 0.50817
vt 0.04891 0.49893
vt 0.04834 0.50874
vt 0.05579 0.49928
vt 0.0551 0.50907
vt 0.06254 0.49963
vt 0.06205 0.50941
vt 0.07 0.50003
vt 0.06914 0.50974
vt 0.07759 0.50044
vt 0.07706 0.5101
vt 0.07865 0.5005
vt 0.07812 0.51015
vt 0.09018 0.50115
vt 0.08967 0.51073
vt 0.09865 0.50164
vt 0.09823 0.51118
vt 0.10528 0.50203
vt 0.10483 0.51154
vt 0.11355 0.50253
vt 0.11259 0.5121
vt 0.12207 0.50305
vt 0.12143 0.51251
vt 0.13122 0.50362
vt 0.13072 0.51303
vt 0.13229 0.50369
vt 0.13179 0.5131
vt 0.14391 0.50443
vt 0.14342 0.51381
vt 0.15246 0.50499
vt 0.15205 0.51435
vt 0.15915 0.50543
vt 0.1587 0.51478
vt 0.16746 0.50598
vt 0.16662 0.51542
vt 0.17627 0.50657
vt 0.17565 0.51592
vt 0.18519 0.50717
vt 0.18469 0.5165
vt 0.18627 0.50724
vt 0.18577 0.51657
vt 0.19795 0.50804
vt 0.19746 0.51736
vt 0.20653 0.50862
vt 0.20613 0.51796
vt 0.21325 0.50908
vt 0.2128 0.51845
vt 0.22158 0.50966
vt 0.14498 0.99449
vt 0.14142 0.99804
vt 0.06099 0.94839
vt 0.05878 0.95632
vt 0.41949 0.97756
vt 0.34559 0.93252
vt 0.33891 0.93105
vt 0.30043 0.9302
vt 0.29511 0.93075
vt 0.14628 0.91436
vt 0.14099 0.91384
vt 0.19412 0.92554
vt 0.18848 0.9238
vt 0.30774 0.10388
vt 0.3066 0.10886
vt 0.29793 0.10903
vt 0.30369 0.1032
vt 0.31308 0.10011
vt 0.31468 0.10717
vt 0.30258 0.0974
vt 0.07808 0.04528
vt 0.07441 0.05014
vt 0.0666 0.04235
vt 0.07161 0.03662
vt 0.08317 0.0406
vt 0.09105 0.0486
vt 0.08703 0.05289
vt 0.07711 0.03239
vt 0.08318 0.05777
vt 0.15717 0.07615
vt 0.15613 0.08224
vt 0.14578 0.08227
vt 0.14623 0.07568
vt 0.16591 0.07546
vt 0.16497 0.08182
vt 0.15686 0.06997
vt 0.16591 0.06978
vt 0.26901 0.12137
vt 0.26944 0.12409
vt 0.26421 0.12269
vt 0.26574 0.11847
vt 0.27172 0.11054
vt 0.27294 0.12108
vt 0.27365 0.12576
vt 0.26255 0.10411
vt 0.26385 0.10111
vt 0.27291 0.10534
vt 0.25819 0.11638
vt 0.28408 0.11441
vt 0.28292 0.12378
vt 0.28461 0.10948
vt 0.31788 0.13179
vt 0.31857 0.13476
vt 0.3146 0.13522
vt 0.31491 0.13079
vt 0.32127 0.13136
vt 0.32289 0.13632
vt 0.31919 0.12579
vt 0.31585 0.12149
vt 0.32656 0.11997
vt 0.3278 0.12678
vt 0.31513 0.11462
vt 0.32557 0.11472
vt 0.3102 0.13063
vt 0.36674 0.1228
vt 0.36758 0.1263
vt 0.36084 0.12781
vt 0.36002 0.12278
vt 0.37023 0.12313
vt 0.37147 0.12597
vt 0.36803 0.11319
vt 0.37417 0.12028
vt 0.35841 0.11203
vt 0.35766 0.10795
vt 0.36623 0.10631
vt 0.41846 0.10608
vt 0.41935 0.11107
vt 0.41249 0.1127
vt 0.41058 0.10719
vt 0.42305 0.10751
vt 0.42458 0.11084
vt 0.41381 0.09107
vt 0.42673 0.1054
vt 0.40557 0.09337
vt 0.40397 0.08943
vt 0.41327 0.08433
vt 0.07237 0.07498
vt 0.07196 0.07803
vt 0.0668 0.07417
vt 0.0693 0.07112
vt 0.0774 0.0661
vt 0.07677 0.07618
vt 0.07594 0.08078
vt 0.06937 0.05524
vt 0.07254 0.0522
vt 0.08128 0.06086
vt 0.08875 0.0751
vt 0.08568 0.08285
vt 0.09192 0.06845
vt 0.11931 0.09711
vt 0.11955 0.09968
vt 0.11466 0.09822
vt 0.1162 0.09475
vt 0.12203 0.08723
vt 0.12283 0.09667
vt 0.12341 0.1012
vt 0.13307 0.09038
vt 0.13188 0.09896
vt 0.12368 0.08212
vt 0.13402 0.08443
vt 0.11404 0.08217
vt 0.11606 0.07886
vt 0.10924 0.09325
vt 0.17038 0.10183
vt 0.17057 0.10449
vt 0.16606 0.10481
vt 0.1667 0.10055
vt 0.17283 0.09053
vt 0.17567 0.1002
vt 0.1771 0.10491
vt 0.15921 0.10124
vt 0.1619 0.08834
vt 0.16361 0.08508
vt 0.17399 0.08456
vt 0.22206 0.10236
vt 0.22216 0.10597
vt 0.21833 0.10453
vt 0.21943 0.09952
vt 0.22617 0.08965
vt 0.22617 0.10149
vt 0.226 0.10746
vt 0.23787 0.09663
vt 0.23519 0.1064
vt 0.22956 0.08279
vt 0.24034 0.08991
vt 0.21763 0.08178
vt 0.21985 0.07614
vt 0.21289 0.09749
vt 0.29729 0.05779
vt 0.30239 0.05809
vt 0.29916 0.0663
vt 0.29245 0.06354
vt 0.2954 0.05388
vt 0.30201 0.0526
vt 0.28662 0.05937
vt 0.3364 0.05847
vt 0.34198 0.06427
vt 0.33525 0.06691
vt 0.33121 0.05846
vt 0.33818 0.05467
vt 0.34796 0.06038
vt 0.33116 0.05307
vt 0.12042 0.02083
vt 0.12495 0.02221
vt 0.11962 0.03025
vt 0.1143 0.02591
vt 0.12001 0.01658
vt 0.12622 0.01671
vt 0.1103 0.02077
vt 0.15649 0.03127
vt 0.15977 0.03856
vt 0.15322 0.03937
vt 0.15181 0.03004
vt 0.15889 0.02798
vt 0.1658 0.03625
vt 0.15321 0.02499
vt 0.14697 0.06961
vt 0.13542 0.07566
vt 0.13626 0.06927
vt 0.14715 0.06364
vt 0.15671 0.06406
vt 0.13704 0.0631
vt 0.12624 0.06743
vt 0.12701 0.06121
vt 0.13785 0.05592
vt 0.14719 0.05644
vt 0.12875 0.05399
vt 0.11692 0.05687
vt 0.11915 0.04988
vt 0.13055 0.04578
vt 0.1387 0.0474
vt 0.12221 0.04223
vt 0.10937 0.04454
vt 0.11413 0.03755
vt 0.12568 0.03405
vt 0.13246 0.03722
vt 0.12947 0.02523
vt 0.13485 0.02801
vt 0.13161 0.01856
vt 0.13696 0.02079
vt 0.1325 0.01352
vt 0.13845 0.01531
vt 0.12588 0.01201
vt 0.11787 0.01245
vt 0.1252 0.00718
vt 0.13313 0.00872
vt 0.11625 0.00743
vt 0.10554 0.00894
vt 0.1049 0.00202
vt 0.11593 0.00195
vt 0.10774 0.01523
vt 0.12457 0.00221
vt 0.33378 0.04343
vt 0.32609 0.04306
vt 0.32583 0.03835
vt 0.33248 0.03817
vt 0.33257 0.04838
vt 0.32574 0.04782
vt 0.34514 0.04609
vt 0.34176 0.05064
vt 0.35345 0.05571
vt 0.35795 0.04992
vt 0.36356 0.06119
vt 0.35585 0.06692
vt 0.3697 0.05413
vt 0.38041 0.05936
vt 0.37204 0.06677
vt 0.09411 0.00308
vt 0.09517 0.01158
vt 0.08566 0.01497
vt 0.08378 0.00514
vt 0.09808 0.01934
vt 0.08983 0.02386
vt 0.1021 0.02617
vt 0.09438 0.03169
vt 0.10722 0.03234
vt 0.10075 0.03854
vt 0.09531 0.04403
vt 0.08818 0.0365
vt 0.10551 0.05083
vt 0.10321 0.05647
vt 0.11593 0.06328
vt 0.08283 0.02838
vt 0.07083 0.02236
vt 0.07749 0.01886
vt 0.06466 0.02667
vt 0.05956 0.01419
vt 0.06683 0.01043
vt 0.07443 0.00749
vt 0.38947 0.06457
vt 0.39675 0.06966
vt 0.38526 0.07672
vt 0.37944 0.07259
vt 0.39141 0.08132
vt 0.37681 0.08925
vt 0.37236 0.08473
vt 0.40357 0.07452
vt 0.36823 0.07949
vt 0.36041 0.09095
vt 0.35743 0.08536
vt 0.36262 0.07337
vt 0.35353 0.07865
vt 0.34636 0.08881
vt 0.34363 0.08231
vt 0.34825 0.07165
vt 0.33999 0.07481
vt 0.3334 0.08427
vt 0.3312 0.07677
vt 0.32843 0.06822
vt 0.32243 0.07787
vt 0.32118 0.06948
vt 0.32606 0.05977
vt 0.32002 0.06057
vt 0.31383 0.06972
vt 0.3138 0.06063
vt 0.31962 0.05339
vt 0.32544 0.05312
vt 0.31373 0.05334
vt 0.3134 0.04767
vt 0.31952 0.04767
vt 0.30783 0.05288
vt 0.30719 0.04769
vt 0.30768 0.05951
vt 0.30624 0.06829
vt 0.30472 0.07678
vt 0.29556 0.07416
vt 0.31386 0.07798
vt 0.31376 0.08628
vt 0.30355 0.08446
vt 0.32348 0.08616
vt 0.32424 0.09348
vt 0.31356 0.09374
vt 0.33512 0.0912
vt 0.3362 0.09702
vt 0.32468 0.09975
vt 0.3487 0.094
vt 0.35118 0.09929
vt 0.3377 0.10225
vt 0.36329 0.09604
vt 0.36587 0.10292
vt 0.35663 0.10557
vt 0.37843 0.09842
vt 0.37919 0.10169
vt 0.38176 0.1081
vt 0.38996 0.09668
vt 0.39185 0.10227
vt 0.38867 0.09276
vt 0.39673 0.09235
vt 0.39864 0.09627
vt 0.39536 0.08933
vt 0.40098 0.08665
vt 0.40262 0.11073
vt 0.39606 0.11394
vt 0.40315 0.11617
vt 0.39772 0.11824
vt 0.40451 0.12431
vt 0.3991 0.12531
vt 0.41341 0.12142
vt 0.41517 0.13041
vt 0.40563 0.13291
vt 0.42085 0.11958
vt 0.42277 0.12843
vt 0.42584 0.11867
vt 0.4275 0.12754
vt 0.43206 0.11822
vt 0.43488 0.1277
vt 0.43064 0.11116
vt 0.03406 0.04596
vt 0.04316 0.05556
vt 0.04048 0.06343
vt 0.03162 0.05413
vt 0.03643 0.03817
vt 0.04459 0.05052
vt 0.05345 0.0596
vt 0.0516 0.06344
vt 0.05129 0.04018
vt 0.05974 0.05057
vt 0.04216 0.02144
vt 0.05581 0.03512
vt 0.06428 0.04513
vt 0.04779 0.02118
vt 0.05867 0.03179
vt 0.05174 0.01883
vt 0.41046 0.08043
vt 0.06094 0.06532
vt 0.05839 0.06887
vt 0.05407 0.07475
vt 0.04843 0.07065
vt 0.06263 0.08083
vt 0.0596 0.08809
vt 0.05031 0.08236
vt 0.06906 0.08402
vt 0.06664 0.09191
vt 0.0745 0.08812
vt 0.07187 0.09518
vt 0.08255 0.09308
vt 0.08092 0.10061
vt 0.08449 0.08703
vt 0.09465 0.09222
vt 0.09249 0.09809
vt 0.09562 0.08868
vt 0.10262 0.09142
vt 0.10042 0.09446
vt 0.09881 0.0808
vt 0.10743 0.08113
vt 0.10217 0.0742
vt 0.10988 0.07731
vt 0.10419 0.07162
vt 0.11166 0.0747
vt 0.09376 0.06583
vt 0.09735 0.06092
vt 0.10746 0.0673
vt 0.11392 0.07161
vt 0.11684 0.07653
vt 0.11708 0.07203
vt 0.12463 0.0788
vt 0.12566 0.07402
vt 0.13444 0.08085
vt 0.14528 0.08559
vt 0.14416 0.09232
vt 0.15474 0.08519
vt 0.15324 0.0906
vt 0.15122 0.10169
vt 0.1428 0.10121
vt 0.15049 0.10538
vt 0.14216 0.10467
vt 0.15783 0.10528
vt 0.15588 0.11235
vt 0.14832 0.1116
vt 0.16473 0.1116
vt 0.16368 0.11932
vt 0.15388 0.11977
vt 0.17076 0.11206
vt 0.16945 0.1193
vt 0.17686 0.1115
vt 0.17575 0.11957
vt 0.18728 0.11201
vt 0.18626 0.12016
vt 0.18822 0.10439
vt 0.19781 0.10387
vt 0.19685 0.11171
vt 0.18822 0.09968
vt 0.1988 0.09919
vt 0.18808 0.08913
vt 0.20051 0.08679
vt 0.18838 0.08295
vt 0.20125 0.07977
vt 0.18917 0.07914
vt 0.20194 0.07603
vt 0.17518 0.08097
vt 0.17657 0.074
vt 0.19143 0.06929
vt 0.17658 0.06794
vt 0.18924 0.06332
vt 0.17584 0.06118
vt 0.18721 0.05676
vt 0.1658 0.06354
vt 0.16485 0.05602
vt 0.17382 0.05346
vt 0.15615 0.05668
vt 0.15507 0.04849
vt 0.16286 0.04761
vt 0.147 0.04814
vt 0.14658 0.03925
vt 0.13954 0.03864
vt 0.14067 0.02966
vt 0.14662 0.03019
vt 0.14243 0.02247
vt 0.1479 0.02368
vt 0.14418 0.01714
vt 0.14987 0.01891
vt 0.14584 0.01243
vt 0.15192 0.01446
vt 0.13976 0.01052
vt 0.31928 0.03794
vt 0.31939 0.04274
vt 0.31302 0.0427
vt 0.31285 0.03785
vt 0.30639 0.04292
vt 0.30607 0.03811
vt 0.29879 0.04352
vt 0.29821 0.03869
vt 0.30035 0.0481
vt 0.2919 0.05004
vt 0.28884 0.04516
vt 0.28183 0.05434
vt 0.27769 0.04856
vt 0.27275 0.05967
vt 0.26705 0.05304
vt 0.27943 0.06565
vt 0.27329 0.07179
vt 0.26487 0.06514
vt 0.28695 0.07061
vt 0.28231 0.07759
vt 0.29279 0.08158
vt 0.29059 0.0884
vt 0.27882 0.08379
vt 0.3028 0.09157
vt 0.28899 0.09401
vt 0.2879 0.09878
vt 0.27354 0.09376
vt 0.27614 0.08919
vt 0.28526 0.10629
vt 0.27322 0.10192
vt 0.29645 0.11128
vt 0.29584 0.11521
vt 0.30614 0.11153
vt 0.30507 0.11441
vt 0.31516 0.11187
vt 0.32528 0.11161
vt 0.32522 0.10564
vt 0.33639 0.11026
vt 0.33642 0.11375
vt 0.33741 0.11903
vt 0.3455 0.11102
vt 0.34601 0.11536
vt 0.34556 0.10813
vt 0.35082 0.11001
vt 0.35115 0.11329
vt 0.35019 0.10671
vt 0.35303 0.12527
vt 0.34712 0.12634
vt 0.35369 0.1296
vt 0.3472 0.13078
vt 0.35378 0.13639
vt 0.34795 0.13686
vt 0.36191 0.1348
vt 0.36316 0.14167
vt 0.35386 0.14344
vt 0.36848 0.13288
vt 0.37009 0.13994
vt 0.37272 0.13114
vt 0.37482 0.13876
vt 0.38026 0.13057
vt 0.38202 0.13797
vt 0.37724 0.12435
vt 0.38779 0.12131
vt 0.39069 0.12805
vt 0.38608 0.11738
vt 0.39301 0.1357
vt 0.40053 0.13402
vt 0.40119 0.14259
vt 0.39491 0.14376
vt 0.4067 0.14184
vt 0.40765 0.15126
vt 0.40177 0.15201
vt 0.41674 0.13948
vt 0.41857 0.1492
vt 0.42467 0.13777
vt 0.42668 0.14788
vt 0.4291 0.13719
vt 0.43027 0.14767
vt 0.43707 0.13714
vt 0.43907 0.14742
vt 0.02542 0.07557
vt 0.03557 0.08247
vt 0.0332 0.09271
vt 0.02314 0.08683
vt 0.02845 0.06493
vt 0.03767 0.07301
vt 0.04464 0.0782
vt 0.04176 0.0867
vt 0.04722 0.09054
vt 0.04451 0.09963
vt 0.03849 0.09594
vt 0.05731 0.09623
vt 0.05486 0.1051
vt 0.06434 0.09991
vt 0.06175 0.10865
vt 0.06934 0.10284
vt 0.06673 0.1115
vt 0.07894 0.10823
vt 0.07658 0.11659
vt 0.08806 0.11258
vt 0.08536 0.12054
vt 0.09036 0.10541
vt 0.09456 0.10721
vt 0.09159 0.1142
vt 0.09792 0.10074
vt 0.10467 0.10292
vt 0.10188 0.10998
vt 0.10772 0.09682
vt 0.11278 0.10538
vt 0.11111 0.11209
vt 0.11797 0.10627
vt 0.11659 0.1134
vt 0.12263 0.10688
vt 0.12156 0.11453
vt 0.1314 0.10957
vt 0.13045 0.11702
vt 0.13175 0.10325
vt 0.14206 0.1116
vt 0.14102 0.11869
vt 0.14618 0.11928
vt 0.14383 0.12675
vt 0.13969 0.12612
vt 0.15178 0.1275
vt 0.14981 0.1358
vt 0.14149 0.13487
vt 0.16222 0.12736
vt 0.16071 0.13618
vt 0.16798 0.1274
vt 0.16655 0.1365
vt 0.17453 0.12783
vt 0.17293 0.13691
vt 0.18516 0.12853
vt 0.18347 0.13771
vt 0.19338 0.12903
vt 0.19136 0.13837
vt 0.19532 0.12036
vt 0.19908 0.12072
vt 0.19643 0.12942
vt 0.20199 0.11211
vt 0.20868 0.11214
vt 0.20666 0.12126
vt 0.20464 0.10339
vt 0.21114 0.10363
vt 0.20584 0.09846
vt 0.20841 0.08293
vt 0.20964 0.07817
vt 0.20964 0.07365
vt 0.21785 0.0732
vt 0.21641 0.11324
vt 0.21508 0.1218
vt 0.22096 0.11375
vt 0.21997 0.12261
vt 0.22583 0.1158
vt 0.22463 0.12413
vt 0.23365 0.11869
vt 0.23307 0.12744
vt 0.23439 0.11171
vt 0.2448 0.1158
vt 0.24328 0.12299
vt 0.24518 0.11149
vt 0.25211 0.11406
vt 0.25065 0.11831
vt 0.24808 0.10127
vt 0.2562 0.10252
vt 0.2504 0.0956
vt 0.25838 0.09825
vt 0.2528 0.09252
vt 0.26024 0.09565
vt 0.24234 0.08667
vt 0.23207 0.07965
vt 0.24786 0.08015
vt 0.26014 0.08639
vt 0.23719 0.07274
vt 0.22281 0.07253
vt 0.23017 0.06118
vt 0.24287 0.06768
vt 0.25272 0.07532
vt 0.23688 0.0561
vt 0.20367 0.05762
vt 0.2083 0.06435
vt 0.24377 0.0524
vt 0.24933 0.06301
vt 0.19903 0.05135
vt 0.25289 0.04873
vt 0.25755 0.05789
vt 0.18346 0.04896
vt 0.19302 0.04368
vt 0.17821 0.04115
vt 0.18558 0.03566
vt 0.17056 0.04494
vt 0.17123 0.03288
vt 0.1766 0.02829
vt 0.16287 0.02541
vt 0.16688 0.02175
vt 0.15576 0.0212
vt 0.15859 0.01727
vt 0.28798 0.03973
vt 0.27557 0.04195
vt 0.26362 0.04505
vt 0.25814 0.07053
vt 0.26818 0.07722
vt 0.26382 0.0817
vt 0.26465 0.09792
vt 0.25723 0.12036
vt 0.25516 0.12741
vt 0.24858 0.12476
vt 0.26299 0.12916
vt 0.26241 0.13639
vt 0.25336 0.13466
vt 0.26889 0.13101
vt 0.26814 0.13757
vt 0.2739 0.13161
vt 0.27363 0.13888
vt 0.28314 0.13469
vt 0.28296 0.14141
vt 0.28306 0.12833
vt 0.29338 0.12985
vt 0.29346 0.13644
vt 0.29412 0.1254
vt 0.3035 0.12349
vt 0.3012 0.13093
vt 0.29929 0.13648
vt 0.30694 0.13681
vt 0.30563 0.14355
vt 0.29771 0.14329
vt 0.31404 0.14282
vt 0.31405 0.15066
vt 0.30444 0.15107
vt 0.31899 0.14276
vt 0.31934 0.1507
vt 0.3235 0.1428
vt 0.32373 0.15088
vt 0.33134 0.1439
vt 0.33261 0.15138
vt 0.3298 0.13703
vt 0.34086 0.13747
vt 0.34178 0.14416
vt 0.32898 0.13189
vt 0.33973 0.13149
vt 0.33885 0.12762
vt 0.34821 0.14385
vt 0.3482 0.15115
vt 0.34295 0.15138
vt 0.35409 0.15086
vt 0.35457 0.15884
vt 0.34797 0.15922
vt 0.36433 0.14904
vt 0.36555 0.15718
vt 0.37166 0.14746
vt 0.37286 0.1559
vt 0.37589 0.14672
vt 0.37668 0.15547
vt 0.3841 0.14568
vt 0.38559 0.15443
vt 0.39637 0.15282
vt 0.39698 0.16226
vt 0.38635 0.16355
vt 0.40234 0.16163
vt 0.40258 0.17152
vt 0.39667 0.17223
vt 0.40894 0.1609
vt 0.41031 0.17117
vt 0.42011 0.15923
vt 0.42158 0.16943
vt 0.42751 0.15844
vt 0.42839 0.16893
vt 0.43156 0.1582
vt 0.43286 0.16874
vt 0.44031 0.15783
vt 0.44124 0.16878
vt 0.02057 0.09762
vt 0.03057 0.10282
vt 0.02741 0.11311
vt 0.01805 0.10838
vt 0.03566 0.10563
vt 0.03273 0.11599
vt 0.04242 0.10938
vt 0.04059 0.11976
vt 0.05307 0.11473
vt 0.05112 0.12445
vt 0.05931 0.11791
vt 0.05704 0.12763
vt 0.06429 0.1205
vt 0.06176 0.12993
vt 0.07383 0.1251
vt 0.07061 0.13426
vt 0.08274 0.12894
vt 0.07984 0.13801
vt 0.08639 0.13041
vt 0.08405 0.14001
vt 0.08864 0.12199
vt 0.0969 0.12498
vt 0.09498 0.13346
vt 0.09924 0.11709
vt 0.10939 0.11953
vt 0.10752 0.12771
vt 0.11491 0.12081
vt 0.11315 0.12914
vt 0.11984 0.12206
vt 0.11805 0.13041
vt 0.1297 0.12449
vt 0.12812 0.13265
vt 0.13784 0.1343
vt 0.1357 0.14272
vt 0.12617 0.14104
vt 0.1396 0.14339
vt 0.13778 0.15246
vt 0.13301 0.15191
vt 0.14827 0.1445
vt 0.14691 0.15375
vt 0.15938 0.1452
vt 0.15817 0.15466
vt 0.1651 0.14565
vt 0.16435 0.15521
vt 0.17121 0.14614
vt 0.16957 0.15556
vt 0.1813 0.14701
vt 0.17848 0.15661
vt 0.18924 0.1478
vt 0.18698 0.15772
vt 0.19239 0.14825
vt 0.19081 0.15823
vt 0.1942 0.13878
vt 0.20262 0.13969
vt 0.20123 0.14934
vt 0.20444 0.13017
vt 0.21361 0.13091
vt 0.21228 0.14065
vt 0.21846 0.13164
vt 0.2172 0.14153
vt 0.22344 0.13309
vt 0.22226 0.14278
vt 0.23247 0.13612
vt 0.23146 0.14539
vt 0.24136 0.13902
vt 0.24 0.14779
vt 0.24227 0.13102
vt 0.24665 0.13245
vt 0.24491 0.14024
vt 0.25174 0.14227
vt 0.25084 0.15065
vt 0.24321 0.14873
vt 0.26167 0.14411
vt 0.26113 0.15247
vt 0.26754 0.14513
vt 0.26687 0.15357
vt 0.27301 0.14644
vt 0.27244 0.15481
vt 0.28303 0.14873
vt 0.28274 0.15684
vt 0.29248 0.15014
vt 0.29162 0.1581
vt 0.29301 0.14297
vt 0.29616 0.15061
vt 0.29493 0.1585
vt 0.3036 0.15915
vt 0.30335 0.16739
vt 0.29431 0.16675
vt 0.31403 0.15901
vt 0.31411 0.16748
vt 0.31948 0.159
vt 0.31958 0.16753
vt 0.32386 0.15925
vt 0.32408 0.16768
vt 0.33333 0.15952
vt 0.33349 0.16786
vt 0.34352 0.15936
vt 0.34357 0.16773
vt 0.34809 0.16758
vt 0.34803 0.17631
vt 0.34282 0.17628
vt 0.35532 0.16719
vt 0.35645 0.17577
vt 0.36661 0.16576
vt 0.36735 0.17464
vt 0.37347 0.16489
vt 0.37384 0.17376
vt 0.37749 0.16448
vt 0.37821 0.1737
vt 0.38677 0.17292
vt 0.38731 0.18113
vt 0.37913 0.18176
vt 0.39581 0.18024
vt 0.39587 0.19151
vt 0.38723 0.1921
vt 0.40354 0.17969
vt 0.40341 0.19083
vt 0.41144 0.17885
vt 0.41151 0.19061
vt 0.42234 0.17791
vt 0.42279 0.18977
vt 0.42964 0.17827
vt 0.43216 0.19008
vt 0.43498 0.17772
vt 0.43647 0.18972
vt 0.44187 0.17747
vt 0.44373 0.18977
vt 0.01598 0.11665
vt 0.02471 0.12082
vt 0.02144 0.13221
vt 0.01227 0.1281
vt 0.03093 0.12418
vt 0.02831 0.13525
vt 0.03959 0.12767
vt 0.03669 0.13925
vt 0.04977 0.13286
vt 0.04687 0.14382
vt 0.05561 0.13575
vt 0.05484 0.14761
vt 0.06037 0.13808
vt 0.05869 0.14921
vt 0.06854 0.14131
vt 0.066 0.15201
vt 0.07734 0.14508
vt 0.07426 0.15513
vt 0.08342 0.14694
vt 0.08135 0.15716
vt 0.09267 0.14971
vt 0.08979 0.16011
vt 0.09336 0.14254
vt 0.10411 0.1455
vt 0.10236 0.15251
vt 0.10579 0.13638
vt 0.11134 0.13777
vt 0.10973 0.14667
vt 0.11632 0.13892
vt 0.11452 0.14809
vt 0.1237 0.14983
vt 0.12211 0.15714
vt 0.11359 0.15514
vt 0.13063 0.15854
vt 0.1284 0.16863
vt 0.11967 0.16715
vt 0.13769 0.15985
vt 0.13559 0.16977
vt 0.14605 0.16055
vt 0.14412 0.1712
vt 0.15677 0.16179
vt 0.1547 0.17232
vt 0.16344 0.16306
vt 0.16222 0.1737
vt 0.16887 0.16342
vt 0.16696 0.17411
vt 0.17627 0.16436
vt 0.17417 0.17519
vt 0.18495 0.16526
vt 0.18263 0.1762
vt 0.19044 0.16619
vt 0.189 0.17699
vt 0.19981 0.16699
vt 0.19777 0.1784
vt 0.20037 0.15924
vt 0.21027 0.16033
vt 0.20939 0.16885
vt 0.21113 0.15055
vt 0.21595 0.15132
vt 0.21489 0.1611
vt 0.22091 0.15245
vt 0.21951 0.16225
vt 0.23006 0.15467
vt 0.22824 0.16415
vt 0.23862 0.15679
vt 0.23699 0.16602
vt 0.24212 0.15766
vt 0.24126 0.1669
vt 0.2502 0.1595
vt 0.24995 0.16858
vt 0.2608 0.16127
vt 0.26048 0.17019
vt 0.26645 0.1623
vt 0.26602 0.17094
vt 0.27183 0.16336
vt 0.27106 0.17196
vt 0.28189 0.16514
vt 0.28041 0.17353
vt 0.29086 0.16633
vt 0.28965 0.17487
vt 0.29393 0.17524
vt 0.29493 0.18304
vt 0.28809 0.18221
vt 0.30375 0.17582
vt 0.30369 0.18314
vt 0.31443 0.17583
vt 0.31435 0.18366
vt 0.31952 0.17595
vt 0.31951 0.18396
vt 0.32416 0.1761
vt 0.32484 0.18424
vt 0.33306 0.17641
vt 0.33249 0.18407
vt 0.34221 0.18407
vt 0.34131 0.19458
vt 0.33249 0.1945
vt 0.34832 0.18373
vt 0.34834 0.19406
vt 0.35777 0.18319
vt 0.35712 0.19397
vt 0.36761 0.18253
vt 0.36756 0.19325
vt 0.37485 0.18207
vt 0.37639 0.19294
vt 0.38014 0.19243
vt 0.38023 0.20248
vt 0.37487 0.20328
vt 0.38712 0.20323
vt 0.38751 0.2104
vt 0.38021 0.21079
vt 0.39549 0.203
vt 0.39553 0.21008
vt 0.40284 0.20203
vt 0.40194 0.20967
vt 0.41104 0.20246
vt 0.40976 0.20971
vt 0.42094 0.20255
vt 0.41895 0.2097
vt 0.43056 0.20172
vt 0.4285 0.20998
vt 0.43623 0.20168
vt 0.43538 0.21015
vt 0.44352 0.20291
vt 0.44407 0.21094
vt 0.00986 0.14039
vt 0.01813 0.14452
vt 0.017 0.15107
vt 0.00937 0.14835
vt 0.02568 0.14667
vt 0.024 0.15392
vt 0.03316 0.15151
vt 0.03086 0.1575
vt 0.04255 0.15603
vt 0.03988 0.16188
vt 0.051 0.15875
vt 0.04792 0.16552
vt 0.05643 0.1608
vt 0.055 0.16813
vt 0.06327 0.16385
vt 0.06243 0.17064
vt 0.07147 0.16687
vt 0.07027 0.17312
vt 0.07856 0.1688
vt 0.07693 0.17503
vt 0.08665 0.17218
vt 0.08441 0.17735
vt 0.09626 0.17411
vt 0.09354 0.17997
vt 0.10003 0.16256
vt 0.10821 0.16483
vt 0.10479 0.1757
vt 0.10941 0.15418
vt 0.11235 0.16545
vt 0.11045 0.17655
vt 0.11779 0.17843
vt 0.11738 0.18477
vt 0.10945 0.1833
vt 0.12603 0.17988
vt 0.12516 0.18623
vt 0.13347 0.18092
vt 0.13209 0.18729
vt 0.14147 0.18257
vt 0.13934 0.18878
vt 0.15115 0.18397
vt 0.14866 0.19029
vt 0.15956 0.18444
vt 0.15735 0.1917
vt 0.16522 0.18493
vt 0.164 0.19248
vt 0.1725 0.1864
vt 0.17219 0.19353
vt 0.18028 0.1878
vt 0.17921 0.19448
vt 0.18747 0.18803
vt 0.18634 0.19541
vt 0.19522 0.18976
vt 0.19311 0.19664
vt 0.20452 0.19091
vt 0.20228 0.19814
vt 0.20733 0.17975
vt 0.21444 0.18124
vt 0.21224 0.19193
vt 0.21426 0.16958
vt 0.21883 0.17058
vt 0.21832 0.18183
vt 0.22709 0.17205
vt 0.22568 0.18304
vt 0.23529 0.17393
vt 0.23365 0.18452
vt 0.24155 0.17481
vt 0.24062 0.18544
vt 0.2502 0.17641
vt 0.24886 0.18725
vt 0.2599 0.17789
vt 0.25893 0.18852
vt 0.26629 0.17942
vt 0.26686 0.19018
vt 0.27125 0.17994
vt 0.27102 0.19044
vt 0.27943 0.18137
vt 0.27836 0.1916
vt 0.28719 0.19224
vt 0.28625 0.20187
vt 0.27804 0.2004
vt 0.29404 0.19292
vt 0.29361 0.20165
vt 0.30316 0.19372
vt 0.30179 0.20305
vt 0.31372 0.19397
vt 0.31168 0.2035
vt 0.32102 0.19468
vt 0.31999 0.20327
vt 0.32522 0.19454
vt 0.32527 0.20337
vt 0.33221 0.20386
vt 0.33254 0.21205
vt 0.32489 0.21198
vt 0.34069 0.20441
vt 0.34039 0.212
vt 0.34793 0.20346
vt 0.34725 0.21179
vt 0.35624 0.20403
vt 0.35485 0.2118
vt 0.36623 0.2036
vt 0.36451 0.21162
vt 0.37304 0.21156
vt 0.37102 0.2241
vt 0.36213 0.22474
vt 0.37834 0.22421
vt 0.37816 0.23157
vt 0.3693 0.23235
vt 0.38735 0.22385
vt 0.38688 0.23104
vt 0.39384 0.22373
vt 0.39328 0.23094
vt 0.39982 0.22353
vt 0.39815 0.2309
vt 0.40701 0.22397
vt 0.4058 0.23151
vt 0.41667 0.22387
vt 0.41495 0.23177
vt 0.42414 0.22369
vt 0.42261 0.23235
vt 0.43251 0.22423
vt 0.43097 0.23239
vt 0.43998 0.22521
vt 0.43904 0.23273
vt 0.00939 0.16276
vt 0.01592 0.16547
vt 0.01398 0.17246
vt 0.00862 0.16932
vt 0.02028 0.16769
vt 0.01807 0.17482
vt 0.02741 0.17186
vt 0.0246 0.17935
vt 0.03561 0.17576
vt 0.03321 0.18399
vt 0.0436 0.17886
vt 0.04086 0.18811
vt 0.05144 0.18167
vt 0.05009 0.19023
vt 0.06014 0.18464
vt 0.05914 0.19247
vt 0.06727 0.18661
vt 0.06566 0.19431
vt 0.07304 0.18842
vt 0.07078 0.19562
vt 0.08043 0.19063
vt 0.07901 0.19816
vt 0.09021 0.19292
vt 0.08854 0.20053
vt 0.09868 0.19435
vt 0.09655 0.20273
vt 0.10213 0.18222
vt 0.10665 0.19634
vt 0.10588 0.2041
vt 0.11589 0.19799
vt 0.11495 0.20537
vt 0.12252 0.19933
vt 0.12147 0.20649
vt 0.12834 0.20019
vt 0.12654 0.20725
vt 0.13616 0.20203
vt 0.13466 0.20921
vt 0.14575 0.20338
vt 0.14391 0.21085
vt 0.15321 0.2043
vt 0.1517 0.21254
vt 0.16209 0.20562
vt 0.16088 0.21327
vt 0.17007 0.20683
vt 0.16968 0.21409
vt 0.17751 0.20792
vt 0.17599 0.21508
vt 0.18248 0.20872
vt 0.18092 0.21565
vt 0.19054 0.21016
vt 0.18889 0.21735
vt 0.19908 0.21125
vt 0.19789 0.21864
vt 0.20738 0.21208
vt 0.20556 0.2204
vt 0.20986 0.19961
vt 0.21701 0.20041
vt 0.21485 0.21337
vt 0.21758 0.19214
vt 0.2244 0.19413
vt 0.22422 0.20122
vt 0.23243 0.19538
vt 0.23198 0.20253
vt 0.23938 0.19633
vt 0.23832 0.20344
vt 0.24742 0.19788
vt 0.2458 0.20483
vt 0.2568 0.19912
vt 0.25453 0.20631
vt 0.26526 0.19947
vt 0.26333 0.20768
vt 0.27063 0.19995
vt 0.26998 0.2083
vt 0.2781 0.2091
vt 0.27771 0.22125
vt 0.269 0.22066
vt 0.28565 0.20965
vt 0.28463 0.22216
vt 0.29297 0.21029
vt 0.29017 0.22256
vt 0.30002 0.21096
vt 0.29823 0.22361
vt 0.30973 0.21171
vt 0.3076 0.22393
vt 0.31816 0.21207
vt 0.31553 0.22437
vt 0.32389 0.22452
vt 0.32347 0.2315
vt 0.31447 0.23171
vt 0.33219 0.22476
vt 0.33234 0.23123
vt 0.33981 0.22458
vt 0.33892 0.23136
vt 0.34521 0.2248
vt 0.34392 0.23134
vt 0.3529 0.22491
vt 0.35191 0.23186
vt 0.36138 0.23177
vt 0.35984 0.2391
vt 0.35075 0.23873
vt 0.36842 0.23988
vt 0.36749 0.24779
vt 0.35858 0.24669
vt 0.37797 0.23916
vt 0.37741 0.24704
vt 0.38634 0.23862
vt 0.38555 0.24647
vt 0.39215 0.23855
vt 0.3912 0.24639
vt 0.39734 0.23857
vt 0.39634 0.24642
vt 0.40445 0.23881
vt 0.4034 0.24667
vt 0.4132 0.2394
vt 0.41163 0.24731
vt 0.42125 0.24042
vt 0.42006 0.24869
vt 0.43031 0.24025
vt 0.4294 0.24838
vt 0.43806 0.24043
vt 0.43696 0.24835
vt 0.00688 0.1751
vt 0.01077 0.1787
vt 0.00554 0.18386
vt 0.00195 0.17943
vt 0.01485 0.18181
vt 0.00991 0.18768
vt 0.02119 0.18612
vt 0.01692 0.19271
vt 0.02991 0.19145
vt 0.02622 0.19862
vt 0.03881 0.1963
vt 0.0374 0.20573
vt 0.04919 0.19863
vt 0.04833 0.20754
vt 0.05809 0.20051
vt 0.05715 0.20895
vt 0.06426 0.20202
vt 0.06326 0.21025
vt 0.06978 0.20339
vt 0.06879 0.21149
vt 0.07744 0.20536
vt 0.07643 0.21331
vt 0.08675 0.20786
vt 0.08526 0.21563
vt 0.09538 0.21037
vt 0.09441 0.21855
vt 0.10535 0.2117
vt 0.10458 0.21972
vt 0.11413 0.21277
vt 0.11319 0.22067
vt 0.12028 0.21384
vt 0.11936 0.22162
vt 0.12568 0.21477
vt 0.12478 0.2225
vt 0.13322 0.21618
vt 0.13228 0.22384
vt 0.14221 0.21804
vt 0.14076 0.22565
vt 0.15058 0.2201
vt 0.14958 0.22803
vt 0.16047 0.2208
vt 0.15979 0.2287
vt 0.16894 0.22156
vt 0.16809 0.2293
vt 0.17482 0.22235
vt 0.17386 0.23001
vt 0.1801 0.22311
vt 0.17914 0.23074
vt 0.18747 0.22431
vt 0.18649 0.23189
vt 0.19632 0.22593
vt 0.19495 0.23349
vt 0.20464 0.22785
vt 0.2038 0.23572
vt 0.21432 0.22841
vt 0.21386 0.23624
vt 0.21443 0.22084
vt 0.22322 0.2218
vt 0.2227 0.22912
vt 0.22354 0.21485
vt 0.23008 0.21562
vt 0.2295 0.2226
vt 0.2361 0.21654
vt 0.23439 0.22326
vt 0.24311 0.21788
vt 0.24239 0.22484
vt 0.25271 0.21898
vt 0.25167 0.22606
vt 0.26052 0.21951
vt 0.25948 0.22714
vt 0.26857 0.22758
vt 0.26857 0.23491
vt 0.25876 0.2346
vt 0.27751 0.22801
vt 0.27714 0.2352
vt 0.28404 0.22857
vt 0.28314 0.23569
vt 0.28898 0.22895
vt 0.28847 0.23614
vt 0.29726 0.23024
vt 0.29598 0.23686
vt 0.30659 0.23076
vt 0.30514 0.23778
vt 0.3137 0.23903
vt 0.31294 0.24659
vt 0.30391 0.24509
vt 0.32345 0.23869
vt 0.32308 0.24623
vt 0.33203 0.23845
vt 0.33145 0.24591
vt 0.33804 0.23849
vt 0.33726 0.24593
vt 0.34336 0.23858
vt 0.34263 0.24599
vt 0.34998 0.2462
vt 0.34924 0.25472
vt 0.34205 0.2545
vt 0.35736 0.25534
vt 0.35634 0.2645
vt 0.3486 0.2639
vt 0.36655 0.25629
vt 0.36567 0.26529
vt 0.37657 0.25572
vt 0.37549 0.26501
vt 0.38466 0.25522
vt 0.38364 0.26487
vt 0.39033 0.25529
vt 0.38967 0.26487
vt 0.39557 0.25533
vt 0.395 0.26492
vt 0.40246 0.25556
vt 0.40164 0.26512
vt 0.41017 0.25632
vt 0.40907 0.26578
vt 0.41886 0.25748
vt 0.41793 0.26676
vt 0.42831 0.25726
vt 0.42725 0.26674
vt 0.43581 0.25718
vt 0.43496 0.26692
vt 0.44111 0.25761
vt 0.44067 0.26718
vt 0.44199 0.24879
vt 0.44604 0.25793
vt 0.44577 0.26743
vt 0.44668 0.24909
vt 0.45257 0.25846
vt 0.45217 0.26784
vt 0.45325 0.24964
vt 0.45997 0.25949
vt 0.4594 0.26864
vt 0.46103 0.25071
vt 0.46852 0.26088
vt 0.46815 0.26958
vt 0.4691 0.2526
vt 0.03854 0.21717
vt 0.04859 0.21777
vt 0.04854 0.22857
vt 0.03905 0.22829
vt 0.05693 0.21869
vt 0.05669 0.22942
vt 0.06289 0.21986
vt 0.06293 0.23032
vt 0.06844 0.22093
vt 0.06843 0.23121
vt 0.0758 0.2225
vt 0.0754 0.2325
vt 0.08407 0.22469
vt 0.08329 0.23438
vt 0.09352 0.22734
vt 0.09282 0.23673
vt 0.10368 0.22853
vt 0.1026 0.23796
vt 0.11227 0.22954
vt 0.11137 0.23915
vt 0.11865 0.2305
vt 0.11832 0.24018
vt 0.12428 0.23137
vt 0.12401 0.24099
vt 0.13159 0.23258
vt 0.13099 0.24204
vt 0.13955 0.23435
vt 0.13856 0.24363
vt 0.14859 0.23656
vt 0.14772 0.24562
vt 0.15891 0.23736
vt 0.15782 0.2466
vt 0.16719 0.23795
vt 0.16621 0.24749
vt 0.17303 0.23875
vt 0.17251 0.24823
vt 0.17847 0.23946
vt 0.17802 0.24889
vt 0.18566 0.24053
vt 0.18495 0.24984
vt 0.19371 0.24213
vt 0.19276 0.25128
vt 0.20294 0.24416
vt 0.20217 0.25311
vt 0.21316 0.24478
vt 0.21221 0.25388
vt 0.2214 0.24523
vt 0.22057 0.2546
vt 0.22208 0.23674
vt 0.22786 0.23734
vt 0.22723 0.24592
vt 0.22858 0.22984
vt 0.23387 0.23053
vt 0.23315 0.23798
vt 0.24127 0.23163
vt 0.24052 0.23899
vt 0.25035 0.23305
vt 0.24911 0.24039
vt 0.25805 0.2423
vt 0.25736 0.25057
vt 0.24802 0.24883
vt 0.26825 0.24251
vt 0.26762 0.25086
vt 0.27661 0.24268
vt 0.27594 0.251
vt 0.28242 0.24306
vt 0.28184 0.25147
vt 0.28782 0.24345
vt 0.28731 0.25184
vt 0.29527 0.24413
vt 0.29459 0.25245
vt 0.3028 0.25346
vt 0.30192 0.26236
vt 0.29405 0.26145
vt 0.31215 0.25477
vt 0.31142 0.26348
vt 0.32243 0.25455
vt 0.32149 0.26349
vt 0.33076 0.25427
vt 0.3299 0.26353
vt 0.33662 0.25441
vt 0.33614 0.26361
vt 0.34167 0.26369
vt 0.34144 0.27327
vt 0.3362 0.27318
vt 0.3482 0.27345
vt 0.34785 0.28325
vt 0.34108 0.28299
vt 0.35575 0.27396
vt 0.35547 0.28368
vt 0.36474 0.27462
vt 0.36385 0.28419
vt 0.37404 0.27459
vt 0.37173 0.28423
vt 0.38258 0.27467
vt 0.38108 0.28454
vt 0.38962 0.27476
vt 0.38863 0.28471
vt 0.39468 0.27482
vt 0.39429 0.28481
vt 0.40119 0.27501
vt 0.40086 0.28505
vt 0.40843 0.27556
vt 0.40821 0.28553
vt 0.41706 0.27633
vt 0.41632 0.28611
vt 0.42595 0.2765
vt 0.42394 0.28626
vt 0.43415 0.2768
vt 0.43301 0.2867
vt 0.44093 0.27706
vt 0.44038 0.28697
vt 0.44585 0.27724
vt 0.44595 0.28712
vt 0.45222 0.27753
vt 0.45245 0.28736
vt 0.4594 0.27807
vt 0.4598 0.28772
vt 0.46809 0.27861
vt 0.46798 0.28798
vt 0.03876 0.23896
vt 0.04779 0.23942
vt 0.04592 0.25012
vt 0.0382 0.24967
vt 0.05629 0.2403
vt 0.0552 0.25112
vt 0.06339 0.24119
vt 0.06279 0.25198
vt 0.0686 0.2419
vt 0.06855 0.25269
vt 0.07535 0.24298
vt 0.0753 0.25368
vt 0.08296 0.24454
vt 0.08293 0.25504
vt 0.09211 0.2465
vt 0.09142 0.25659
vt 0.10124 0.24775
vt 0.09908 0.25757
vt 0.11026 0.24906
vt 0.1087 0.25904
vt 0.11779 0.25012
vt 0.11688 0.26017
vt 0.12366 0.25092
vt 0.12323 0.26105
vt 0.13051 0.25193
vt 0.13005 0.26205
vt 0.13792 0.25333
vt 0.1376 0.26333
vt 0.14682 0.25504
vt 0.14596 0.26474
vt 0.15637 0.25613
vt 0.15403 0.26565
vt 0.16519 0.2572
vt 0.16367 0.26695
vt 0.17246 0.25806
vt 0.17149 0.2679
vt 0.17776 0.25867
vt 0.17738 0.26857
vt 0.18456 0.25954
vt 0.18424 0.26945
vt 0.19219 0.2608
vt 0.19196 0.27059
vt 0.20134 0.26235
vt 0.20051 0.27187
vt 0.21086 0.26325
vt 0.20858 0.27262
vt 0.21965 0.26415
vt 0.2182 0.27373
vt 0.22693 0.26486
vt 0.22602 0.27451
vt 0.22679 0.25519
vt 0.23237 0.25576
vt 0.23221 0.26535
vt 0.23265 0.24651
vt 0.23988 0.24743
vt 0.23935 0.25655
vt 0.24721 0.25776
vt 0.24669 0.26712
vt 0.23904 0.26604
vt 0.25662 0.25931
vt 0.2559 0.2684
vt 0.26676 0.25979
vt 0.26545 0.269
vt 0.27519 0.26022
vt 0.27429 0.2696
vt 0.28145 0.26059
vt 0.28159 0.27006
vt 0.28705 0.26093
vt 0.28688 0.27036
vt 0.29374 0.27082
vt 0.29348 0.28047
vt 0.28661 0.27998
vt 0.30142 0.2716
vt 0.30122 0.28115
vt 0.31061 0.27254
vt 0.30978 0.28188
vt 0.32014 0.27276
vt 0.31786 0.28211
vt 0.32893 0.27301
vt 0.32745 0.28258
vt 0.33523 0.28283
vt 0.3343 0.29255
vt 0.32536 0.29217
vt 0.34067 0.29276
vt 0.34023 0.30257
vt 0.33341 0.30229
vt 0.34747 0.29305
vt 0.34718 0.30287
vt 0.35495 0.29345
vt 0.35409 0.30323
vt 0.36297 0.2939
vt 0.36209 0.30364
vt 0.36768 0.29389
vt 0.36318 0.30367
vt 0.37902 0.29437
vt 0.3765 0.3042
vt 0.38774 0.29465
vt 0.38692 0.30458
vt 0.39393 0.29483
vt 0.39359 0.30481
vt 0.40054 0.29509
vt 0.40039 0.30508
vt 0.40781 0.29549
vt 0.40712 0.30543
vt 0.41564 0.29598
vt 0.41498 0.30584
vt 0.4202 0.296
vt 0.41605 0.30587
vt 0.43131 0.29656
vt 0.42915 0.30641
vt 0.43991 0.29687
vt 0.43948 0.30676
vt 0.44605 0.29703
vt 0.44612 0.30692
vt 0.45265 0.29721
vt 0.45294 0.30707
vt 0.45997 0.29744
vt 0.45974 0.30722
vt 0.46789 0.29756
vt 0.4677 0.30728
vt 0.03748 0.26036
vt 0.04209 0.26059
vt 0.03773 0.27112
vt 0.03665 0.27103
vt 0.05337 0.26179
vt 0.05098 0.27237
vt 0.06213 0.26274
vt 0.06142 0.27345
vt 0.0684 0.26347
vt 0.06814 0.27419
vt 0.07514 0.26437
vt 0.07504 0.27504
vt 0.08262 0.26553
vt 0.08193 0.27599
vt 0.09072 0.26684
vt 0.08998 0.27714
vt 0.09516 0.26732
vt 0.09109 0.27728
vt 0.1067 0.26904
vt 0.10433 0.27907
vt 0.11605 0.27033
vt 0.11525 0.28051
vt 0.12284 0.27124
vt 0.12232 0.28143
vt 0.12991 0.27223
vt 0.12925 0.28236
vt 0.13685 0.2733
vt 0.13617 0.28335
vt 0.14512 0.27459
vt 0.14426 0.2845
vt 0.1499 0.27506
vt 0.14538 0.28464
vt 0.16157 0.27666
vt 0.159 0.28638
vt 0.17059 0.27777
vt 0.16972 0.28767
vt 0.17701 0.27852
vt 0.17662 0.28848
vt 0.18388 0.27937
vt 0.18363 0.28932
vt 0.19147 0.2804
vt 0.19062 0.29021
vt 0.19967 0.28152
vt 0.19882 0.29123
vt 0.20448 0.2819
vt 0.19993 0.29135
vt 0.21614 0.28329
vt 0.21359 0.29285
vt 0.22516 0.28422
vt 0.22432 0.29395
vt 0.23159 0.28483
vt 0.23121 0.29461
vt 0.23193 0.27504
vt 0.2388 0.27576
vt 0.23849 0.28552
vt 0.24654 0.27671
vt 0.24609 0.28636
vt 0.2551 0.27775
vt 0.25429 0.28726
vt 0.26321 0.27828
vt 0.25913 0.28753
vt 0.27287 0.27909
vt 0.27081 0.28858
vt 0.2807 0.27962
vt 0.27983 0.28923
vt 0.28626 0.28965
vt 0.28587 0.29937
vt 0.27899 0.2989
vt 0.29315 0.29014
vt 0.29291 0.29986
vt 0.30075 0.29075
vt 0.29991 0.30038
vt 0.30894 0.2914
vt 0.30807 0.30097
vt 0.31376 0.29149
vt 0.30918 0.30103
vt 0.32278 0.30177
vt 0.32114 0.31142
vt 0.30836 0.31067
vt 0.33256 0.31203
vt 0.33172 0.32179
vt 0.31993 0.32112
vt 0.3396 0.31235
vt 0.33885 0.32214
vt 0.34646 0.31267
vt 0.34573 0.32247
vt 0.3534 0.31303
vt 0.35269 0.32282
vt 0.36128 0.31342
vt 0.36048 0.32321
vt 0.36237 0.31346
vt 0.36157 0.32326
vt 0.37493 0.31401
vt 0.37379 0.32383
vt 0.38614 0.31449
vt 0.38541 0.32437
vt 0.39308 0.31475
vt 0.39246 0.32465
vt 0.39981 0.31502
vt 0.39926 0.32493
vt 0.4066 0.31534
vt 0.40609 0.32523
vt 0.41438 0.31571
vt 0.41378 0.32557
vt 0.41546 0.31575
vt 0.41486 0.32561
vt 0.42787 0.31625
vt 0.42698 0.3261
vt 0.43903 0.31663
vt 0.43856 0.32651
vt 0.44595 0.3168
vt 0.4456 0.32667
vt 0.45272 0.31693
vt 0.45242 0.3268
vt 0.45959 0.31705
vt 0.45933 0.32692
vt 0.46744 0.3171
vt 0.46708 0.32699
vt 0.03586 0.28171
vt 0.03695 0.28179
vt 0.0362 0.29244
vt 0.03511 0.29236
vt 0.04947 0.28295
vt 0.04836 0.29353
vt 0.0607 0.28409
vt 0.05998 0.29468
vt 0.06765 0.28482
vt 0.06702 0.29538
vt 0.07445 0.28559
vt 0.07384 0.2961
vt 0.08137 0.28646
vt 0.08079 0.2969
vt 0.08929 0.28748
vt 0.08858 0.29783
vt 0.09039 0.28761
vt 0.08969 0.29796
vt 0.1029 0.28922
vt 0.10188 0.29945
vt 0.11449 0.29073
vt 0.11375 0.30094
vt 0.12167 0.29162
vt 0.12095 0.30179
vt 0.12852 0.29249
vt 0.12783 0.30262
vt 0.1355 0.29342
vt 0.13483 0.3035
vt 0.14348 0.29447
vt 0.14272 0.30448
vt 0.1446 0.2946
vt 0.14383 0.30461
vt 0.1574 0.29621
vt 0.15624 0.30612
vt 0.1689 0.2976
vt 0.16811 0.30754
vt 0.17603 0.29841
vt 0.17532 0.30834
vt 0.18293 0.29921
vt 0.18224 0.30911
vt 0.18995 0.30005
vt 0.18927 0.30991
vt 0.19802 0.301
vt 0.19723 0.3108
vt 0.19914 0.30111
vt 0.19834 0.31091
vt 0.21199 0.30251
vt 0.21083 0.31225
vt 0.2235 0.3037
vt 0.2227 0.31348
vt 0.23063 0.30438
vt 0.22992 0.31415
vt 0.2376 0.30504
vt 0.23692 0.3148
vt 0.23827 0.29529
vt 0.24529 0.29602
vt 0.24465 0.30573
vt 0.25348 0.29685
vt 0.25266 0.3065
vt 0.2546 0.29696
vt 0.25378 0.30659
vt 0.26826 0.2981
vt 0.26665 0.30769
vt 0.27816 0.30858
vt 0.27734 0.31829
vt 0.26545 0.31734
vt 0.28527 0.30908
vt 0.28453 0.31879
vt 0.2922 0.30956
vt 0.29148 0.31927
vt 0.29923 0.31006
vt 0.29853 0.31976
vt 0.30725 0.31061
vt 0.30644 0.32029
vt 0.30755 0.32035
vt 0.30675 0.33007
vt 0.30564 0.33
vt 0.31901 0.33084
vt 0.31827 0.34059
vt 0.30597 0.3398
vt 0.33092 0.33156
vt 0.33014 0.34132
vt 0.33806 0.33191
vt 0.33723 0.34168
vt 0.34493 0.33225
vt 0.34409 0.34202
vt 0.35194 0.33261
vt 0.35117 0.3424
vt 0.35972 0.33301
vt 0.35898 0.34281
vt 0.36082 0.33306
vt 0.36007 0.34287
vt 0.37292 0.33366
vt 0.37225 0.34349
vt 0.38469 0.33423
vt 0.38399 0.34407
vt 0.39178 0.33452
vt 0.39108 0.34436
vt 0.39863 0.3348
vt 0.39795 0.34464
vt 0.40553 0.3351
vt 0.4049 0.34495
vt 0.41319 0.33543
vt 0.41259 0.34528
vt 0.41428 0.33547
vt 0.41368 0.34532
vt 0.42631 0.33595
vt 0.4258 0.34582
vt 0.43806 0.33638
vt 0.43752 0.34624
vt 0.44513 0.33654
vt 0.44458 0.34641
vt 0.45199 0.33667
vt 0.45145 0.34655
vt 0.45895 0.33681
vt 0.45845 0.34671
vt 0.46664 0.33691
vt 0.46617 0.34686
vt 0.03437 0.30298
vt 0.03546 0.30306
vt 0.03477 0.31365
vt 0.03368 0.31357
vt 0.04751 0.3041
vt 0.04687 0.31466
vt 0.05927 0.30523
vt 0.05858 0.31573
vt 0.06632 0.30589
vt 0.06559 0.31635
vt 0.07314 0.30656
vt 0.07239 0.31698
vt 0.08014 0.30732
vt 0.07945 0.31771
vt 0.0879 0.30818
vt 0.08724 0.31854
vt 0.089 0.3083
vt 0.08833 0.31865
vt 0.1011 0.30972
vt 0.1005 0.32
vt 0.11304 0.31115
vt 0.11235 0.32135
vt 0.12021 0.31196
vt 0.11944 0.32211
vt 0.12708 0.31274
vt 0.12629 0.32285
vt 0.13413 0.31358
vt 0.1334 0.32367
vt 0.14199 0.31451
vt 0.14129 0.32457
vt 0.1431 0.31464
vt 0.1424 0.3247
vt 0.15537 0.31609
vt 0.15471 0.3261
vt 0.16735 0.31749
vt 0.16662 0.32744
vt 0.17456 0.31826
vt 0.17377 0.32818
vt 0.18147 0.319
vt 0.18067 0.32889
vt 0.18856 0.31977
vt 0.18781 0.32965
vt 0.19647 0.32063
vt 0.19573 0.33049
vt 0.19758 0.32074
vt 0.19685 0.3306
vt 0.20996 0.32204
vt 0.20932 0.33188
vt 0.22192 0.32326
vt 0.22116 0.33306
vt 0.22916 0.32392
vt 0.22836 0.3337
vt 0.23619 0.32455
vt 0.23541 0.33431
vt 0.24326 0.3252
vt 0.24248 0.33495
vt 0.24398 0.31546
vt 0.25188 0.31618
vt 0.2511 0.3259
vt 0.25299 0.31627
vt 0.25221 0.32599
vt 0.26454 0.32704
vt 0.26382 0.33678
vt 0.25145 0.33574
vt 0.27655 0.32801
vt 0.27577 0.33774
vt 0.28374 0.32851
vt 0.28291 0.33823
vt 0.29067 0.32898
vt 0.28982 0.33869
vt 0.29778 0.32947
vt 0.29698 0.33919
vt 0.30487 0.33973
vt 0.30412 0.34948
vt 0.29616 0.34893
vt 0.30522 0.34955
vt 0.30449 0.35931
vt 0.3034 0.35924
vt 0.31769 0.35035
vt 0.31715 0.36012
vt 0.32938 0.35108
vt 0.32864 0.36084
vt 0.33636 0.35144
vt 0.33543 0.3612
vt 0.34324 0.35179
vt 0.34236 0.36156
vt 0.35037 0.35219
vt 0.34958 0.36198
vt 0.35827 0.35262
vt 0.35757 0.36242
vt 0.35936 0.35267
vt 0.35866 0.36248
vt 0.37171 0.35331
vt 0.37122 0.36313
vt 0.3833 0.3539
vt 0.38262 0.36372
vt 0.39033 0.35419
vt 0.38947 0.364
vt 0.39723 0.35447
vt 0.39644 0.36429
vt 0.4042 0.35479
vt 0.40345 0.36463
vt 0.41199 0.35514
vt 0.41139 0.36498
vt 0.41308 0.35518
vt 0.41247 0.36503
vt 0.42539 0.35567
vt 0.42499 0.36553
vt 0.43695 0.3561
vt 0.43636 0.36596
vt 0.44393 0.35628
vt 0.44315 0.36615
vt 0.45083 0.35644
vt 0.45012 0.36633
vt 0.45787 0.35663
vt 0.45721 0.36655
vt 0.46564 0.35681
vt 0.4651 0.36677
vt 0.03299 0.32413
vt 0.03408 0.32421
vt 0.03344 0.33474
vt 0.03236 0.33466
vt 0.04636 0.32518
vt 0.04591 0.33568
vt 0.05791 0.32619
vt 0.05725 0.33662
vt 0.06481 0.32677
vt 0.06397 0.33716
vt 0.07163 0.32737
vt 0.07084 0.33774
vt 0.07873 0.32807
vt 0.07801 0.33842
vt 0.08659 0.32887
vt 0.08597 0.3392
vt 0.08768 0.32898
vt 0.08706 0.3393
vt 0.10003 0.33028
vt 0.09959 0.34055
vt 0.11168 0.33155
vt 0.11102 0.34175
vt 0.11863 0.33226
vt 0.11776 0.3424
vt 0.1255 0.33297
vt 0.12468 0.3431
vt 0.13265 0.33377
vt 0.1319 0.34387
vt 0.14062 0.33465
vt 0.13998 0.34473
vt 0.14172 0.33476
vt 0.14107 0.34484
vt 0.15418 0.33613
vt 0.15371 0.34617
vt 0.16591 0.33741
vt 0.16522 0.34738
vt 0.17293 0.33811
vt 0.17204 0.34804
vt 0.17986 0.3388
vt 0.17902 0.34872
vt 0.18705 0.33955
vt 0.18629 0.34946
vt 0.19503 0.34037
vt 0.19435 0.35027
vt 0.19613 0.34048
vt 0.19545 0.35037
vt 0.20878 0.34174
vt 0.20824 0.3516
vt 0.22042 0.34287
vt 0.2197 0.35268
vt 0.22752 0.34348
vt 0.22656 0.35326
vt 0.23458 0.34408
vt 0.23367 0.35386
vt 0.24164 0.34472
vt 0.24077 0.3545
vt 0.24961 0.34542
vt 0.2489 0.3552
vt 0.25034 0.33565
vt 0.25072 0.34551
vt 0.25 0.35529
vt 0.26324 0.34654
vt 0.26271 0.35632
vt 0.275 0.34747
vt 0.27426 0.35722
vt 0.28203 0.34796
vt 0.28109 0.35769
vt 0.28896 0.34842
vt 0.28807 0.35816
vt 0.29535 0.35868
vt 0.29473 0.36845
vt 0.28685 0.36789
vt 0.30269 0.369
vt 0.30201 0.37877
vt 0.29386 0.37821
vt 0.30379 0.36907
vt 0.3031 0.37884
vt 0.31667 0.3699
vt 0.316 0.37967
vt 0.32792 0.3706
vt 0.32723 0.38035
vt 0.3344 0.37095
vt 0.33326 0.3807
vt 0.34115 0.37133
vt 0.34009 0.3811
vt 0.34898 0.37178
vt 0.34813 0.38156
vt 0.35689 0.37222
vt 0.35623 0.38202
vt 0.35798 0.37228
vt 0.35732 0.38208
vt 0.37076 0.37295
vt 0.37012 0.38275
vt 0.38196 0.37352
vt 0.3813 0.38332
vt 0.38836 0.3738
vt 0.38732 0.3836
vt 0.39556 0.37412
vt 0.3942 0.38393
vt 0.40269 0.37446
vt 0.40205 0.3843
vt 0.41078 0.37483
vt 0.41016 0.38467
vt 0.41186 0.37487
vt 0.41124 0.38471
vt 0.42461 0.37539
vt 0.42401 0.38524
vt 0.43576 0.37582
vt 0.43513 0.38567
vt 0.44211 0.37601
vt 0.44114 0.38587
vt 0.44931 0.37623
vt 0.44801 0.38612
vt 0.45651 0.37647
vt 0.4559 0.3864
vt 0.46451 0.37673
vt 0.4639 0.38668
vt 0.03172 0.34516
vt 0.0328 0.34523
vt 0.03224 0.3557
vt 0.03116 0.35564
vt 0.04551 0.34614
vt 0.04494 0.35656
vt 0.05663 0.34702
vt 0.05602 0.35739
vt 0.06303 0.34752
vt 0.06198 0.35784
vt 0.06971 0.34807
vt 0.06874 0.35839
vt 0.07749 0.34877
vt 0.07672 0.35908
vt 0.08536 0.3495
vt 0.08478 0.35979
vt 0.08644 0.3496
vt 0.08587 0.35989
vt 0.09919 0.35081
vt 0.0986 0.36105
vt 0.1104 0.35193
vt 0.10978 0.3621
vt 0.11681 0.35254
vt 0.11572 0.36266
vt 0.12351 0.3532
vt 0.12251 0.36331
vt 0.13134 0.35399
vt 0.13054 0.3641
vt 0.13935 0.35482
vt 0.13875 0.36491
vt 0.14044 0.35492
vt 0.13983 0.36501
vt 0.15329 0.35622
vt 0.15268 0.36626
vt 0.16457 0.35736
vt 0.16392 0.36735
vt 0.17106 0.35798
vt 0.16995 0.36791
vt 0.17786 0.35863
vt 0.17685 0.36857
vt 0.18573 0.3594
vt 0.18492 0.36934
vt 0.19369 0.36018
vt 0.19306 0.3701
vt 0.19479 0.36028
vt 0.19416 0.3702
vt 0.20769 0.36148
vt 0.20672 0.37133
vt 0.21901 0.36251
vt 0.21668 0.37223
vt 0.22541 0.36305
vt 0.22396 0.37283
vt 0.23251 0.36366
vt 0.2312 0.37345
vt 0.23991 0.3643
vt 0.23919 0.37412
vt 0.24821 0.365
vt 0.24753 0.3748
vt 0.2493 0.36508
vt 0.24863 0.37489
vt 0.26224 0.36611
vt 0.26157 0.3759
vt 0.27355 0.36698
vt 0.27285 0.37673
vt 0.28006 0.36742
vt 0.27891 0.37716
vt 0.28577 0.37765
vt 0.28466 0.3874
vt 0.27739 0.38689
vt 0.29295 0.38798
vt 0.29206 0.39774
vt 0.28357 0.39716
vt 0.30136 0.38854
vt 0.30072 0.39831
vt 0.30245 0.38861
vt 0.30181 0.39838
vt 0.31497 0.38942
vt 0.31413 0.39918
vt 0.3248 0.39004
vt 0.32343 0.39976
vt 0.33174 0.39045
vt 0.33042 0.40019
vt 0.33898 0.39087
vt 0.33789 0.40063
vt 0.34722 0.39134
vt 0.34634 0.40112
vt 0.35559 0.39181
vt 0.35496 0.40161
vt 0.35668 0.39187
vt 0.35604 0.40166
vt 0.36907 0.39253
vt 0.3682 0.40232
vt 0.37884 0.39306
vt 0.37747 0.40281
vt 0.3858 0.39339
vt 0.38439 0.40317
vt 0.39303 0.39374
vt 0.39187 0.40355
vt 0.40116 0.39412
vt 0.40027 0.40394
vt 0.40955 0.3945
vt 0.40893 0.40434
vt 0.41063 0.39455
vt 0.41001 0.40439
vt 0.42303 0.39508
vt 0.42222 0.40492
vt 0.43277 0.39549
vt 0.43143 0.4053
vt 0.43967 0.39574
vt 0.43836 0.40559
vt 0.44688 0.396
vt 0.44578 0.40588
vt 0.45502 0.3963
vt 0.45413 0.4062
vt 0.46326 0.39661
vt 0.46264 0.40653
vt 0.03061 0.36607
vt 0.03169 0.36614
vt 0.03118 0.37653
vt 0.03011 0.37647
vt 0.04402 0.36693
vt 0.0433 0.37728
vt 0.05372 0.36764
vt 0.05246 0.37791
vt 0.06057 0.36814
vt 0.05934 0.37841
vt 0.06772 0.36869
vt 0.06672 0.37897
vt 0.0759 0.36936
vt 0.0751 0.37962
vt 0.08423 0.37006
vt 0.0837 0.38032
vt 0.08531 0.37015
vt 0.08478 0.3804
vt 0.09762 0.37123
vt 0.09685 0.38143
vt 0.10734 0.37214
vt 0.10604 0.38224
vt 0.11424 0.37276
vt 0.11289 0.38286
vt 0.12145 0.37343
vt 0.12038 0.38355
vt 0.12968 0.3742
vt 0.12884 0.38431
vt 0.13817 0.375
vt 0.1376 0.3851
vt 0.13925 0.3751
vt 0.13869 0.3852
vt 0.1517 0.37627
vt 0.15089 0.38631
vt 0.16145 0.37721
vt 0.16015 0.38716
vt 0.16845 0.37784
vt 0.16711 0.38779
vt 0.17577 0.37851
vt 0.17467 0.38848
vt 0.18405 0.37927
vt 0.1832 0.38922
vt 0.19244 0.38003
vt 0.19183 0.38998
vt 0.19353 0.38013
vt 0.19292 0.39007
vt 0.20579 0.38121
vt 0.20502 0.39111
vt 0.21523 0.38203
vt 0.21423 0.39189
vt 0.22247 0.38264
vt 0.22126 0.39247
vt 0.22998 0.38326
vt 0.22891 0.39309
vt 0.2383 0.38394
vt 0.23746 0.39376
vt 0.24689 0.38462
vt 0.24626 0.39444
vt 0.24799 0.3847
vt 0.24736 0.39452
vt 0.26054 0.38566
vt 0.25971 0.39545
vt 0.27041 0.38641
vt 0.26904 0.39614
vt 0.27606 0.39664
vt 0.27513 0.40641
vt 0.26821 0.40593
vt 0.28271 0.40693
vt 0.28214 0.41672
vt 0.27455 0.41622
vt 0.29125 0.4075
vt 0.29058 0.41727
vt 0.30009 0.40808
vt 0.29946 0.41784
vt 0.30118 0.40815
vt 0.30055 0.41791
vt 0.31345 0.40895
vt 0.31287 0.41873
vt 0.32259 0.40953
vt 0.32193 0.41932
vt 0.32949 0.40996
vt 0.3289 0.41975
vt 0.33704 0.41041
vt 0.33646 0.4202
vt 0.34553 0.4109
vt 0.34487 0.42068
vt 0.35433 0.41139
vt 0.35371 0.42118
vt 0.35542 0.41145
vt 0.35479 0.42124
vt 0.36741 0.41212
vt 0.36667 0.42193
vt 0.37645 0.41262
vt 0.37567 0.42244
vt 0.38324 0.41298
vt 0.38233 0.42281
vt 0.39086 0.41336
vt 0.39 0.42319
vt 0.39941 0.41376
vt 0.39866 0.42359
vt 0.40831 0.41417
vt 0.40767 0.424
vt 0.40939 0.41421
vt 0.40875 0.42405
vt 0.42153 0.41476
vt 0.42094 0.42462
vt 0.43059 0.41516
vt 0.42991 0.42503
vt 0.43742 0.41545
vt 0.43681 0.42533
vt 0.4449 0.41576
vt 0.44428 0.42563
vt 0.4533 0.41609
vt 0.4526 0.42597
vt 0.46199 0.41643
vt 0.46134 0.42632
vt 0.02959 0.38682
vt 0.03066 0.38688
vt 0.03016 0.39719
vt 0.02909 0.39714
vt 0.04272 0.38761
vt 0.04223 0.39791
vt 0.05173 0.38821
vt 0.05122 0.39851
vt 0.05851 0.38869
vt 0.05803 0.39897
vt 0.06595 0.38923
vt 0.06545 0.39949
vt 0.07437 0.38986
vt 0.07378 0.40009
vt 0.08317 0.39055
vt 0.08265 0.40076
vt 0.08425 0.39063
vt 0.08372 0.40085
vt 0.09614 0.39162
vt 0.0955 0.40182
vt 0.10516 0.39241
vt 0.10446 0.40259
vt 0.11183 0.393
vt 0.11104 0.40316
vt 0.11945 0.39367
vt 0.11866 0.40381
vt 0.12805 0.39442
vt 0.12736 0.40454
vt 0.13705 0.3952
vt 0.1365 0.4053
vt 0.13813 0.39529
vt 0.13758 0.4054
vt 0.15014 0.39637
vt 0.14947 0.40644
vt 0.15921 0.39718
vt 0.15848 0.40724
vt 0.16607 0.39779
vt 0.1652 0.40783
vt 0.17378 0.39846
vt 0.17296 0.40847
vt 0.18242 0.39919
vt 0.18168 0.40918
vt 0.19124 0.39993
vt 0.19064 0.4099
vt 0.19232 0.40002
vt 0.19173 0.40999
vt 0.20431 0.40103
vt 0.20363 0.41097
vt 0.21339 0.40179
vt 0.21269 0.41171
vt 0.22025 0.40234
vt 0.21945 0.41224
vt 0.22803 0.40295
vt 0.22725 0.41282
vt 0.23669 0.4036
vt 0.23601 0.41346
vt 0.24564 0.40427
vt 0.24502 0.4141
vt 0.24674 0.40435
vt 0.24611 0.41418
vt 0.25903 0.40526
vt 0.25846 0.41509
vt 0.26755 0.41574
vt 0.2672 0.42556
vt 0.25789 0.4249
vt 0.27436 0.42604
vt 0.27443 0.43586
vt 0.2674 0.43541
vt 0.28183 0.42652
vt 0.2817 0.43632
vt 0.29007 0.42704
vt 0.28967 0.43681
vt 0.29883 0.42759
vt 0.29821 0.43734
vt 0.29992 0.42767
vt 0.2993 0.43742
vt 0.3123 0.4285
vt 0.31205 0.43828
vt 0.32157 0.42911
vt 0.32176 0.43892
vt 0.32871 0.42956
vt 0.32878 0.43937
vt 0.33615 0.43
vt 0.33601 0.43981
vt 0.34435 0.43048
vt 0.34394 0.44028
vt 0.35309 0.43098
vt 0.35247 0.44078
vt 0.35417 0.43104
vt 0.35355 0.44085
vt 0.36596 0.43175
vt 0.36525 0.44158
vt 0.37483 0.43227
vt 0.37403 0.44212
vt 0.38154 0.43265
vt 0.38076 0.4425
vt 0.3893 0.43303
vt 0.38869 0.44291
vt 0.39797 0.43343
vt 0.39732 0.4433
vt 0.40702 0.43384
vt 0.40636 0.44369
vt 0.4081 0.43389
vt 0.40744 0.44374
vt 0.42034 0.43447
vt 0.42005 0.44434
vt 0.42951 0.43489
vt 0.42965 0.44477
vt 0.43656 0.4352
vt 0.43655 0.44508
vt 0.44391 0.4355
vt 0.44369 0.44537
vt 0.45203 0.43584
vt 0.45155 0.4457
vt 0.46066 0.4362
vt 0.45999 0.44606
vt 0.02859 0.40741
vt 0.02966 0.40747
vt 0.02917 0.41771
vt 0.0281 0.41765
vt 0.04181 0.40818
vt 0.04169 0.41843
vt 0.05094 0.40877
vt 0.05124 0.41903
vt 0.05794 0.40924
vt 0.05811 0.41949
vt 0.06522 0.40973
vt 0.06519 0.41996
vt 0.07337 0.41031
vt 0.07309 0.42052
vt 0.08213 0.41096
vt 0.08162 0.42115
vt 0.0832 0.41105
vt 0.08269 0.42123
vt 0.09492 0.41201
vt 0.09435 0.4222
vt 0.10379 0.41277
vt 0.1031 0.42295
vt 0.1104 0.41334
vt 0.10978 0.42353
vt 0.11808 0.41397
vt 0.11758 0.42416
vt 0.12677 0.41467
vt 0.12625 0.42483
vt 0.13594 0.41542
vt 0.13539 0.42555
vt 0.13702 0.41551
vt 0.13647 0.42564
vt 0.14883 0.41653
vt 0.14818 0.42663
vt 0.15771 0.4173
vt 0.15694 0.42738
vt 0.16447 0.41788
vt 0.1638 0.42795
vt 0.17233 0.41852
vt 0.17178 0.42858
vt 0.18106 0.41919
vt 0.18046 0.42923
vt 0.19005 0.41989
vt 0.18947 0.42989
vt 0.19114 0.41997
vt 0.19055 0.42997
vt 0.20297 0.42093
vt 0.20231 0.4309
vt 0.21193 0.42164
vt 0.21116 0.43159
vt 0.21872 0.42216
vt 0.21806 0.4321
vt 0.22662 0.42273
vt 0.22606 0.43266
vt 0.23538 0.42333
vt 0.23475 0.43322
vt 0.2444 0.42394
vt 0.24377 0.43379
vt 0.24549 0.42402
vt 0.24486 0.43386
vt 0.25765 0.43475
vt 0.25738 0.44456
vt 0.24425 0.4437
vt 0.2684 0.44528
vt 0.26781 0.455
vt 0.2567 0.45431
vt 0.27467 0.44569
vt 0.27443 0.45543
vt 0.28149 0.4461
vt 0.28116 0.45584
vt 0.28929 0.44657
vt 0.28888 0.4563
vt 0.2976 0.44708
vt 0.29701 0.4568
vt 0.29869 0.44716
vt 0.29809 0.45687
vt 0.31179 0.44804
vt 0.3111 0.45775
vt 0.32277 0.44878
vt 0.32218 0.4585
vt 0.32903 0.44919
vt 0.32879 0.45894
vt 0.33577 0.4496
vt 0.33539 0.45936
vt 0.34355 0.45007
vt 0.3431 0.45985
vt 0.35187 0.45058
vt 0.35128 0.46037
vt 0.35295 0.45065
vt 0.35235 0.46044
vt 0.36453 0.45142
vt 0.36382 0.46125
vt 0.37327 0.45199
vt 0.37261 0.46187
vt 0.3801 0.4524
vt 0.37952 0.46232
vt 0.38807 0.4528
vt 0.38743 0.46271
vt 0.39667 0.45317
vt 0.39605 0.46303
vt 0.40571 0.45353
vt 0.40507 0.46336
vt 0.40678 0.45358
vt 0.40614 0.4634
vt 0.41974 0.45418
vt 0.41901 0.46397
vt 0.4306 0.45468
vt 0.42996 0.46446
vt 0.43674 0.45495
vt 0.43644 0.46476
vt 0.4434 0.45522
vt 0.44297 0.46503
vt 0.4511 0.45554
vt 0.45062 0.46535
vt 0.45933 0.4559
vt 0.45868 0.46571
vt 0.0276 0.42785
vt 0.02866 0.4279
vt 0.0282 0.43805
vt 0.02714 0.438
vt 0.04154 0.42863
vt 0.04097 0.43874
vt 0.05237 0.42931
vt 0.05188 0.43941
vt 0.05848 0.42972
vt 0.05835 0.43984
vt 0.0651 0.43016
vt 0.0649 0.44028
vt 0.07289 0.43069
vt 0.07262 0.44081
vt 0.08112 0.4313
vt 0.08062 0.44141
vt 0.08219 0.43139
vt 0.08169 0.44149
vt 0.09378 0.43236
vt 0.09317 0.44249
vt 0.10249 0.43313
vt 0.1019 0.44329
vt 0.10922 0.43372
vt 0.10874 0.44392
vt 0.11708 0.43435
vt 0.11654 0.44452
vt 0.12574 0.43499
vt 0.12522 0.44511
vt 0.13484 0.43567
vt 0.1343 0.44573
vt 0.13592 0.43575
vt 0.13537 0.44581
vt 0.14752 0.43672
vt 0.14687 0.44678
vt 0.15626 0.43747
vt 0.15569 0.44755
vt 0.16323 0.43805
vt 0.16274 0.44815
vt 0.17123 0.43866
vt 0.17064 0.44871
vt 0.17988 0.43926
vt 0.17929 0.44926
vt 0.18889 0.43989
vt 0.18832 0.44984
vt 0.18997 0.43997
vt 0.1894 0.44992
vt 0.20164 0.44088
vt 0.20094 0.45082
vt 0.21049 0.44156
vt 0.20989 0.45153
vt 0.21746 0.44207
vt 0.21696 0.45205
vt 0.2255 0.4426
vt 0.22487 0.45252
vt 0.23413 0.44311
vt 0.23352 0.45296
vt 0.24316 0.44363
vt 0.24256 0.45344
vt 0.24365 0.4535
vt 0.24308 0.46324
vt 0.24199 0.46318
vt 0.25603 0.46402
vt 0.25518 0.47365
vt 0.24252 0.47289
vt 0.26724 0.46469
vt 0.26668 0.47434
vt 0.27409 0.46513
vt 0.27355 0.47477
vt 0.28079 0.46554
vt 0.28052 0.47521
vt 0.2884 0.466
vt 0.28772 0.47565
vt 0.29643 0.46649
vt 0.29587 0.47616
vt 0.29752 0.46657
vt 0.29695 0.47623
vt 0.31037 0.46743
vt 0.30957 0.47708
vt 0.3216 0.46819
vt 0.32104 0.47785
vt 0.32844 0.46865
vt 0.32792 0.47832
vt 0.33493 0.46908
vt 0.33438 0.47875
vt 0.3426 0.46958
vt 0.34211 0.47926
vt 0.35069 0.47012
vt 0.35011 0.47981
vt 0.35177 0.47019
vt 0.35119 0.47989
vt 0.36316 0.47105
vt 0.36258 0.48075
vt 0.37209 0.47173
vt 0.37159 0.48144
vt 0.37896 0.47229
vt 0.37836 0.48203
vt 0.38675 0.47256
vt 0.38607 0.48226
vt 0.39546 0.47283
vt 0.39489 0.48252
vt 0.40445 0.47313
vt 0.40386 0.48283
vt 0.40552 0.47317
vt 0.40493 0.48288
vt 0.41823 0.47373
vt 0.4174 0.48343
vt 0.42933 0.47421
vt 0.42872 0.48393
vt 0.43604 0.47452
vt 0.4355 0.48424
vt 0.44249 0.4748
vt 0.44194 0.48453
vt 0.45007 0.47513
vt 0.44954 0.48487
vt 0.458 0.47549
vt 0.45736 0.48523
vt 0.02668 0.44808
vt 0.02774 0.44813
vt 0.0273 0.45815
vt 0.02624 0.4581
vt 0.04036 0.44879
vt 0.03967 0.45879
vt 0.05141 0.44945
vt 0.05093 0.45944
vt 0.05811 0.44989
vt 0.05766 0.45987
vt 0.06467 0.45034
vt 0.06453 0.46033
vt 0.07225 0.45087
vt 0.07164 0.46082
vt 0.08012 0.45144
vt 0.07962 0.4614
vt 0.08118 0.45153
vt 0.08069 0.46148
vt 0.09262 0.45254
vt 0.09206 0.46246
vt 0.10144 0.45338
vt 0.10099 0.46329
vt 0.10827 0.45409
vt 0.10774 0.46406
vt 0.11594 0.45458
vt 0.11531 0.46442
vt 0.12468 0.4551
vt 0.12406 0.46492
vt 0.13376 0.45569
vt 0.13324 0.46551
vt 0.13484 0.45577
vt 0.13432 0.46559
vt 0.14626 0.45674
vt 0.14577 0.46654
vt 0.15526 0.45755
vt 0.15479 0.46734
vt 0.16223 0.45823
vt 0.16164 0.46807
vt 0.16999 0.45867
vt 0.16935 0.4684
vt 0.17871 0.45915
vt 0.17817 0.46887
vt 0.18777 0.4597
vt 0.18723 0.46942
vt 0.18885 0.45978
vt 0.18831 0.46949
vt 0.20032 0.46067
vt 0.19984 0.47039
vt 0.20941 0.46142
vt 0.20892 0.47113
vt 0.21642 0.462
vt 0.21577 0.47175
vt 0.22421 0.46235
vt 0.22353 0.47201
vt 0.23293 0.46274
vt 0.23238 0.47239
vt 0.24144 0.47283
vt 0.2409 0.4824
vt 0.23185 0.48193
vt 0.24198 0.48246
vt 0.24145 0.49199
vt 0.24037 0.49192
vt 0.25432 0.48322
vt 0.25367 0.49276
vt 0.26613 0.48394
vt 0.2656 0.49351
vt 0.27302 0.48438
vt 0.27248 0.49396
vt 0.28003 0.48483
vt 0.27951 0.49441
vt 0.28723 0.48528
vt 0.28674 0.49488
vt 0.29532 0.4858
vt 0.29479 0.49542
vt 0.2964 0.48587
vt 0.29586 0.49549
vt 0.30872 0.48669
vt 0.30806 0.49629
vt 0.32049 0.48747
vt 0.31996 0.49707
vt 0.32735 0.48794
vt 0.32676 0.49752
vt 0.33385 0.48839
vt 0.33332 0.49797
vt 0.34164 0.4889
vt 0.34117 0.4985
vt 0.34955 0.48944
vt 0.349 0.49902
vt 0.35062 0.48952
vt 0.35008 0.4991
vt 0.36216 0.49036
vt 0.36169 0.49989
vt 0.37099 0.491
vt 0.37037 0.50046
vt 0.37771 0.49159
vt 0.37702 0.50096
vt 0.38544 0.49188
vt 0.38483 0.50119
vt 0.39433 0.49213
vt 0.39378 0.50165
vt 0.40328 0.49247
vt 0.40272 0.50208
vt 0.40435 0.49252
vt 0.40379 0.50213
vt 0.41652 0.49308
vt 0.41583 0.50271
vt 0.42813 0.49361
vt 0.42757 0.50326
vt 0.43491 0.49393
vt 0.43432 0.50359
vt 0.44138 0.49424
vt 0.44084 0.5039
vt 0.44901 0.49458
vt 0.44851 0.50427
vt 0.45673 0.49493
vt 0.45614 0.50462
vt 0.02578 0.46807
vt 0.02683 0.46811
vt 0.02636 0.47803
vt 0.02531 0.47798
vt 0.0389 0.46872
vt 0.03829 0.47862
vt 0.05045 0.46937
vt 0.04996 0.47925
vt 0.05721 0.46979
vt 0.05671 0.47964
vt 0.0641 0.47023
vt 0.06362 0.48006
vt 0.07117 0.47071
vt 0.0707 0.48051
vt 0.07912 0.47126
vt 0.07862 0.48104
vt 0.08018 0.47134
vt 0.07968 0.48112
vt 0.09168 0.47225
vt 0.09122 0.48193
vt 0.10041 0.47298
vt 0.09983 0.48256
vt 0.1071 0.47371
vt 0.10647 0.4831
vt 0.11469 0.47413
vt 0.11414 0.48348
vt 0.12352 0.47458
vt 0.12301 0.48409
vt 0.13273 0.47517
vt 0.13223 0.48472
vt 0.1338 0.47525
vt 0.1333 0.4848
vt 0.14539 0.47616
vt 0.14493 0.48565
vt 0.15424 0.47689
vt 0.15363 0.48629
vt 0.16097 0.47757
vt 0.16031 0.48682
vt 0.16872 0.47798
vt 0.16815 0.4872
vt 0.17767 0.47841
vt 0.17717 0.48782
vt 0.1867 0.47898
vt 0.18619 0.48843
vt 0.18778 0.47905
vt 0.18727 0.48851
vt 0.19945 0.47994
vt 0.19898 0.48936
vt 0.20832 0.48062
vt 0.20771 0.48999
vt 0.21509 0.48125
vt 0.21442 0.49051
vt 0.22289 0.48158
vt 0.22229 0.49081
vt 0.23133 0.49137
vt 0.2308 0.50081
vt 0.22176 0.50011
vt 0.23985 0.50143
vt 0.24093 0.50149
vt 0.25308 0.50228
vt 0.26508 0.50306
vt 0.27194 0.50351
vt 0.27901 0.50397
vt 0.28623 0.50446
vt 0.29426 0.50503
vt 0.29533 0.50509
vt 0.30745 0.50588
vt 0.31943 0.50666
vt 0.32613 0.50708
vt 0.33279 0.50752
vt 0.34066 0.50805
vt 0.34847 0.50858
vt 0.34954 0.50865
vt 0.36116 0.50938
vt 0.36976 0.5099
vt 0.37638 0.51029
vt 0.38428 0.5106
vt 0.39323 0.51118
vt 0.40217 0.51168
vt 0.40324 0.51173
vt 0.41521 0.51233
vt 0.42702 0.51291
vt 0.43374 0.51323
vt 0.44035 0.51355
vt 0.44798 0.51394
vt 0.45559 0.5143
vt 0.02481 0.48786
vt 0.02586 0.4879
vt 0.0377 0.48849
vt 0.04945 0.4891
vt 0.05619 0.48946
vt 0.06313 0.48985
vt 0.0702 0.49027
vt 0.0781 0.49078
vt 0.07917 0.49084
vt 0.0907 0.49155
vt 0.09926 0.49209
vt 0.10584 0.49251
vt 0.11362 0.49289
vt 0.12244 0.49356
vt 0.13172 0.49421
vt 0.13279 0.49428
vt 0.14442 0.49506
vt 0.15305 0.49564
vt 0.1597 0.49608
vt 0.16763 0.49649
vt 0.17665 0.49719
vt 0.18568 0.49784
vt 0.18676 0.49791
vt 0.19846 0.49871
vt 0.20712 0.4993
vt 0.2138 0.49973
vt 0.10844 0.06303
vt 0.11351 0.06588
vt 0.3852 0.08882
vt 0.39151 0.08555
vt 0.3438 0.10399
vt 0.34894 0.10275
vt 0.20004 0.0711
vt 0.20694 0.06868
vt 0.26199 0.09095
vt 0.26674 0.0941
g Group46590
f 1/1 24/2 25/3 26/4
f 1/1 26/4 27/5 28/6
f 1/1 28/6 29/7 24/2
f 2/8 30/9 31/10 32/11
f 2/8 33/12 34/13 35/14
f 2/8 35/14 36/15 30/9
f 2/8 32/11 37/16 33/12
f 3/17 38/18 39/19 40/20
f 3/17 40/20 41/21 42/22
f 3/17 42/22 43/23 44/24
f 4/25 45/26 46/27 47/28
f 4/25 48/29 5/30 45/26
f 4/25 47/28 49/31 48/29
f 5/30 50/32 51/33 52/34
f 5/30 52/34 53/35 45/26
f 5/30 48/29 54/36 55/37
f 5/30 55/37 56/38 50/32
f 6/39 57/40 58/41 59/42
f 6/39 59/42 60/43 61/44
f 6/39 61/44 62/45 57/40
f 7/46 62/45 63/47 64/48
f 7/46 64/48 65/49 66/50
f 7/46 67/51 57/40 62/45
f 8/52 68/53 69/54 70/55
f 8/52 70/55 71/56 72/57
f 9/58 8/52 72/57 73/59
f 9/58 74/60 75/61 76/62
f 10/63 77/64 78/65 79/66
f 10/63 79/66 80/67 81/68
f 11/69 10/63 81/68 82/70
f 11/69 83/71 84/72 85/73
f 12/74 86/75 87/76 88/77
f 12/74 89/78 13/79 86/75
f 12/74 88/77 90/80 89/78
f 13/79 91/81 92/82 93/83
f 13/79 89/78 94/84 95/85
f 13/79 95/85 96/86 91/81
f 14/87 97/88 98/89 99/90
f 14/87 100/91 15/92 97/88
f 14/87 99/90 101/93 100/91
f 15/92 100/91 102/94 103/95
f 15/92 103/95 104/96 105/97
f 15/92 105/97 106/98 107/99
f 15/92 107/99 108/100 97/88
f 16/101 109/102 110/103 111/104
f 16/101 112/105 17/106 109/102
f 16/101 111/104 113/107 112/105
f 17/106 114/108 115/109 109/102
f 17/106 116/110 117/111 114/108
f 18/112 118/113 119/114 120/115
f 18/112 121/116 19/117 118/113
f 18/112 120/115 122/118 121/116
f 19/117 121/116 123/119 124/120
f 19/117 124/120 125/121 126/122
f 19/117 126/122 127/123 128/124
f 19/117 128/124 129/125 118/113
f 20/126 130/127 131/128 132/129
f 20/126 132/129 133/130 134/131
f 20/126 134/131 135/132 130/127
f 21/133 136/134 137/135 138/136
f 21/133 138/136 139/137 140/138
f 21/133 140/138 141/139 136/134
f 22/140 142/141 143/142 144/143
f 22/140 144/143 145/144 146/145
f 22/140 146/145 147/146 142/141
f 23/147 148/148 149/149 150/150
f 23/147 150/150 151/151 152/152
f 23/147 152/152 153/153 148/148
f 3/17 44/24 154/154 38/18
f 154/154 155/155 156/156 38/18
f 154/154 44/24 157/157 158/158
f 154/154 158/158 159/159 155/155
f 159/159 160/160 161/161 155/155
f 159/159 158/158 162/162 163/163
f 159/159 163/163 164/164 160/160
f 164/164 165/165 166/166 160/160
f 164/164 163/163 167/167 168/168
f 164/164 168/168 169/169 165/165
f 169/169 170/170 171/171 165/165
f 169/169 168/168 172/172 173/173
f 169/169 173/173 143/174 170/170
f 173/173 172/172 174/175 175/176
f 173/173 175/176 144/177 143/174
f 175/176 174/175 176/178 177/179
f 175/176 177/179 145/180 144/177
f 177/179 176/178 178/181 179/182
f 177/179 179/182 180/183 145/180
f 180/184 181/185 146/145 145/144
f 180/183 179/182 182/186 183/187
f 180/184 183/188 184/189 181/185
f 184/189 185/190 186/191 187/192
f 184/189 187/192 188/193 181/185
f 184/189 183/188 189/194 185/190
f 189/195 183/187 182/186 190/196
f 189/195 190/196 191/197 192/198
f 189/194 192/199 193/200 185/190
f 193/200 140/138 139/137 194/201
f 193/200 194/201 186/191 185/190
f 193/200 192/199 141/139 140/138
f 194/201 139/137 195/202 196/203
f 194/201 196/203 197/204 186/191
f 197/204 196/203 198/205 199/206
f 197/204 199/206 200/207 201/208
f 197/204 201/208 187/192 186/191
f 201/208 200/207 202/209 203/210
f 201/208 203/210 188/193 187/192
f 203/210 202/209 204/211 205/212
f 203/210 205/212 147/146 188/193
f 205/212 204/211 206/213 207/214
f 205/212 207/214 142/141 147/146
f 207/214 206/213 171/215 170/216
f 207/214 170/216 143/142 142/141
f 206/213 204/211 208/217 209/218
f 206/213 209/218 210/219 171/215
f 210/219 209/218 34/13 211/220
f 210/221 211/222 212/223 166/166
f 210/221 166/166 165/165 171/171
f 209/218 208/217 35/14 34/13
f 208/217 213/224 36/15 35/14
f 208/217 204/211 202/209 213/224
f 213/224 214/225 215/226 36/15
f 213/224 202/209 200/207 214/225
f 215/226 216/227 217/228 218/229
f 215/226 218/229 30/9 36/15
f 215/226 214/225 219/230 216/227
f 219/230 220/231 221/232 216/227
f 219/230 214/225 200/207 199/206
f 219/230 199/206 198/205 220/231
f 221/232 222/233 223/234 224/235
f 221/232 224/235 217/228 216/227
f 221/232 220/231 225/236 222/233
f 225/236 226/237 227/238 222/233
f 225/236 220/231 198/205 228/239
f 225/236 228/239 229/240 226/237
f 229/240 230/241 231/242 226/237
f 229/240 228/239 195/202 232/243
f 229/240 232/243 233/244 230/241
f 233/244 234/245 235/246 230/241
f 233/244 232/243 138/136 137/135
f 233/244 137/135 236/247 234/245
f 236/247 237/248 238/249 234/245
f 236/247 137/135 136/134 239/250
f 236/247 239/250 240/251 237/248
f 240/251 241/252 242/253 237/248
f 240/251 239/250 243/254 244/255
f 240/251 244/255 245/256 241/252
f 245/257 244/258 246/259 247/260
f 245/257 247/260 248/261 249/262
f 245/256 249/263 250/264 241/252
f 250/265 132/129 131/128 251/266
f 250/264 251/267 242/253 241/252
f 250/265 249/262 133/130 132/129
f 251/266 131/128 252/268 253/269
f 251/267 253/270 254/271 242/253
f 254/271 253/270 255/272 256/273
f 254/271 256/273 257/274 238/249
f 254/271 238/249 237/248 242/253
f 257/274 256/273 258/275 259/276
f 257/274 259/276 260/277 235/246
f 257/274 235/246 234/245 238/249
f 260/277 259/276 261/278 262/279
f 260/277 262/279 263/280 231/242
f 260/277 231/242 230/241 235/246
f 263/280 262/279 264/281 265/282
f 263/280 265/282 266/283 227/238
f 263/280 227/238 226/237 231/242
f 266/283 265/282 267/284 268/285
f 266/283 268/285 269/286 223/234
f 266/283 223/234 222/233 227/238
f 268/285 267/284 75/61 74/60
f 268/285 74/60 270/287 269/286
f 270/287 74/60 9/58 271/288
f 270/287 271/288 272/289 273/290
f 270/287 273/290 274/291 269/286
f 273/290 272/289 275/292 276/293
f 273/290 276/293 277/294 274/291
f 276/293 275/292 85/73 84/72
f 276/293 84/72 278/295 277/294
f 275/292 272/289 279/296 280/297
f 275/292 280/297 77/64 85/73
f 280/297 279/296 281/298 282/299
f 280/297 282/299 78/65 77/64
f 282/299 281/298 283/300 284/301
f 282/299 284/301 285/302 78/65
f 285/302 284/301 286/303 287/304
f 285/302 287/304 288/305 289/306
f 285/302 289/306 79/66 78/65
f 289/306 288/305 290/307 291/308
f 289/306 291/308 80/67 79/66
f 291/308 290/307 292/309 293/310
f 291/308 293/310 294/311 80/67
f 294/311 293/310 295/312 296/313
f 294/311 296/313 297/314 82/70
f 294/311 82/70 81/68 80/67
f 297/314 296/313 298/315 299/316
f 297/314 299/316 300/317 301/318
f 297/314 301/318 11/69 82/70
f 301/318 300/317 302/319 303/320
f 301/318 303/320 83/71 11/69
f 303/320 302/319 31/10 304/321
f 303/320 304/321 305/322 83/71
f 305/322 278/295 84/72 83/71
f 305/322 304/321 218/229 217/228
f 305/322 217/228 224/235 278/295
f 304/321 31/10 30/9 218/229
f 302/319 300/317 93/83 92/82
f 302/319 92/82 32/11 31/10
f 300/317 299/316 306/323 93/83
f 306/323 299/316 298/315 307/324
f 306/323 307/324 87/76 86/75
f 306/323 86/75 13/79 93/83
f 307/324 298/315 308/325 309/326
f 307/324 309/326 310/327 87/76
f 310/327 309/326 311/328 312/329
f 310/327 312/329 313/330 314/331
f 310/327 314/331 88/77 87/76
f 314/331 313/330 315/332 316/333
f 314/331 316/333 90/80 88/77
f 316/333 315/332 317/334 318/335
f 316/333 318/335 319/336 90/80
f 319/336 318/335 320/337 321/338
f 319/336 321/338 322/339 94/84
f 319/336 94/84 89/78 90/80
f 322/340 321/341 323/342 324/343
f 322/340 324/343 325/344 326/345
f 322/339 326/346 95/85 94/84
f 326/345 325/344 327/347 328/348
f 326/346 328/349 96/86 95/85
f 328/348 327/347 329/350 330/351
f 328/349 330/352 331/353 96/86
f 331/353 37/16 91/81 96/86
f 331/353 330/352 332/354 333/355
f 331/353 333/355 33/12 37/16
f 330/351 329/350 334/356 332/357
f 329/350 327/347 106/98 335/358
f 329/350 335/358 336/359 334/356
f 335/358 106/98 105/97 337/360
f 335/358 337/360 338/361 336/359
f 338/361 337/360 339/362 156/156
f 338/361 156/156 155/155 161/161
f 338/361 161/161 212/223 336/359
f 339/362 337/360 105/97 104/96
f 339/362 104/96 340/363 39/19
f 339/362 39/19 38/18 156/156
f 340/363 104/96 103/95 341/364
f 340/363 341/364 342/365 343/366
f 340/363 343/366 40/20 39/19
f 343/366 342/365 114/108 117/111
f 343/366 117/111 41/21 40/20
f 342/365 341/364 344/367 345/368
f 342/365 345/368 115/109 114/108
f 345/368 344/367 346/369 347/370
f 345/368 347/370 348/371 115/109
f 348/371 347/370 349/372 350/373
f 348/371 350/373 351/374 110/103
f 348/371 110/103 109/102 115/109
f 351/374 350/373 352/375 353/376
f 351/374 353/376 354/377 355/378
f 351/374 355/378 111/104 110/103
f 355/378 354/377 356/379 357/380
f 355/378 357/380 113/107 111/104
f 357/380 356/379 358/381 359/382
f 357/380 359/382 360/383 113/107
f 360/383 359/382 361/384 362/385
f 360/383 362/385 363/386 364/387
f 360/383 364/387 112/105 113/107
f 364/387 363/386 365/388 366/389
f 364/387 366/389 17/106 112/105
f 366/389 365/388 367/390 368/391
f 366/389 368/391 116/110 17/106
f 368/391 367/390 369/392 370/393
f 368/391 370/393 371/394 116/110
f 371/394 41/21 117/111 116/110
f 371/394 370/393 372/395 373/396
f 371/394 373/396 42/22 41/21
f 373/396 372/395 374/397 375/398
f 373/396 375/398 43/23 42/22
f 375/398 374/397 376/399 377/400
f 375/398 377/400 378/401 43/23
f 378/401 157/157 44/24 43/23
f 378/401 377/400 379/402 380/403
f 378/401 380/403 381/404 157/157
f 381/404 162/162 158/158 157/157
f 381/404 380/403 382/405 383/406
f 381/404 383/406 384/407 162/162
f 384/407 167/167 163/163 162/162
f 384/407 383/406 149/149 385/408
f 384/407 385/408 386/409 167/167
f 386/409 172/172 168/168 167/167
f 386/409 385/408 387/410 388/411
f 386/409 388/411 174/175 172/172
f 388/411 387/410 389/412 390/413
f 388/411 390/413 176/178 174/175
f 390/413 389/412 391/414 392/415
f 390/413 392/415 178/181 176/178
f 392/415 391/414 393/416 394/417
f 392/415 394/417 395/418 178/181
f 395/418 182/186 179/182 178/181
f 395/418 394/417 396/419 397/420
f 395/418 397/420 190/196 182/186
f 397/420 396/419 247/260 246/259
f 397/420 246/259 191/197 190/196
f 396/419 394/417 393/416 398/421
f 396/419 398/421 248/261 247/260
f 398/421 393/416 399/422 400/423
f 398/421 400/423 401/424 248/261
f 401/424 400/423 402/425 403/426
f 401/424 403/426 134/131 133/130
f 401/424 133/130 249/262 248/261
f 403/426 402/425 404/427 405/428
f 403/426 405/428 135/132 134/131
f 405/428 404/427 406/429 407/430
f 405/428 407/430 408/431 135/132
f 408/431 407/430 409/432 410/433
f 408/431 410/433 411/434 412/435
f 408/431 412/435 130/127 135/132
f 412/435 411/434 413/436 252/268
f 412/435 252/268 131/128 130/127
f 413/436 411/434 414/437 415/438
f 413/436 415/438 416/439 255/440
f 413/436 255/440 253/269 252/268
f 416/439 415/438 417/441 29/442
f 416/443 29/7 28/6 258/275
f 416/443 258/275 256/273 255/272
f 417/441 418/444 419/445 420/446
f 417/441 420/446 24/447 29/442
f 417/441 415/438 414/437 418/444
f 420/446 419/445 421/448 422/449
f 420/446 422/449 25/450 24/447
f 422/449 421/448 50/32 56/38
f 422/449 56/38 423/451 25/450
f 423/451 56/38 55/37 424/452
f 423/451 424/452 425/453 426/454
f 423/451 426/454 26/4 25/3
f 426/454 425/453 66/50 427/455
f 426/454 427/455 27/5 26/4
f 427/455 66/50 65/49 428/456
f 427/455 428/456 429/457 27/5
f 429/457 428/456 430/458 264/281
f 429/457 264/281 262/279 261/278
f 429/457 261/278 28/6 27/5
f 428/456 65/49 431/459 430/458
f 431/459 65/49 64/48 432/460
f 431/459 432/460 433/461 434/462
f 431/459 434/462 435/463 430/458
f 434/462 433/461 436/464 437/465
f 434/462 437/465 438/466 435/463
f 437/465 436/464 76/62 75/61
f 437/465 75/61 267/284 438/466
f 436/464 433/461 439/467 440/468
f 436/464 440/468 68/53 76/62
f 440/468 439/467 441/469 442/470
f 440/468 442/470 69/54 68/53
f 442/470 441/469 443/471 444/472
f 442/470 444/472 445/473 69/54
f 445/473 444/472 446/474 447/475
f 445/473 447/475 448/476 449/477
f 445/473 449/477 70/55 69/54
f 449/477 448/476 450/478 451/479
f 449/477 451/479 71/56 70/55
f 451/479 450/478 452/480 453/481
f 451/479 453/481 454/482 71/56
f 454/482 453/481 455/483 456/484
f 454/482 456/484 457/485 73/59
f 454/482 73/59 72/57 71/56
f 457/485 456/484 281/298 279/296
f 457/485 279/296 272/289 271/288
f 457/485 271/288 9/58 73/59
f 456/484 455/483 283/300 281/298
f 455/483 453/481 452/480 458/486
f 455/483 458/486 459/487 283/300
f 459/487 458/486 460/488 461/489
f 459/487 461/489 462/490 286/303
f 459/487 286/303 284/301 283/300
f 462/490 461/489 463/491 464/492
f 462/490 464/492 465/493 466/494
f 462/490 466/494 287/304 286/303
f 466/494 465/493 467/495 468/496
f 466/494 468/496 288/305 287/304
f 468/496 467/495 469/497 470/498
f 468/496 470/498 290/307 288/305
f 470/498 469/497 471/499 472/500
f 470/498 472/500 292/309 290/307
f 472/500 471/499 473/501 474/502
f 472/500 474/502 475/503 292/309
f 475/503 474/502 476/504 477/505
f 475/503 477/505 308/325 295/312
f 475/503 295/312 293/310 292/309
f 477/505 476/504 478/506 311/328
f 477/505 311/328 309/326 308/325
f 478/506 476/504 479/507 480/508
f 478/506 480/508 481/509 482/510
f 478/506 482/510 312/329 311/328
f 482/510 481/509 483/511 484/512
f 482/510 484/512 313/330 312/329
f 484/512 483/511 485/513 486/514
f 484/512 486/514 315/332 313/330
f 486/514 485/513 487/515 488/516
f 486/514 488/516 317/334 315/332
f 488/516 487/515 489/517 490/518
f 488/516 490/518 491/519 317/334
f 491/520 490/521 492/522 493/523
f 491/520 493/523 494/524 320/525
f 491/519 320/337 318/335 317/334
f 494/524 493/523 495/526 496/527
f 494/524 496/527 497/528 323/342
f 494/524 323/342 321/341 320/525
f 497/528 496/527 498/529 98/89
f 497/528 98/89 97/88 108/100
f 497/528 108/100 324/343 323/342
f 498/529 496/527 495/526 499/530
f 498/529 499/530 500/531 501/532
f 498/529 501/532 99/90 98/89
f 501/532 500/531 502/533 503/534
f 501/532 503/534 101/93 99/90
f 503/534 502/533 504/535 505/536
f 503/534 505/536 506/537 101/93
f 506/537 505/536 507/538 346/369
f 506/537 346/369 344/367 102/94
f 506/537 102/94 100/91 101/93
f 507/538 505/536 504/535 508/539
f 507/538 508/539 509/540 349/372
f 507/538 349/372 347/370 346/369
f 509/540 508/539 510/541 511/542
f 509/540 511/542 512/543 352/375
f 509/540 352/375 350/373 349/372
f 512/543 511/542 513/544 514/545
f 512/543 514/545 515/546 516/547
f 512/543 516/547 353/376 352/375
f 516/547 515/546 517/548 518/549
f 516/547 518/549 354/377 353/376
f 518/549 517/548 519/550 520/551
f 518/549 520/551 356/379 354/377
f 520/551 519/550 521/552 522/553
f 520/551 522/553 358/381 356/379
f 522/553 521/552 523/554 524/555
f 522/553 524/555 525/556 358/381
f 525/556 524/555 526/557 527/558
f 525/556 527/558 528/559 361/384
f 525/556 361/384 359/382 358/381
f 528/559 527/558 529/560 530/561
f 528/559 530/561 531/562 532/563
f 528/559 532/563 362/385 361/384
f 532/563 531/562 129/125 533/564
f 532/563 533/564 363/386 362/385
f 533/564 129/125 128/124 534/565
f 533/564 534/565 365/388 363/386
f 534/565 128/124 127/123 535/566
f 534/565 535/566 367/390 365/388
f 535/566 127/123 536/567 537/568
f 535/566 537/568 369/392 367/390
f 531/562 530/561 538/569 119/114
f 531/562 119/114 118/113 129/125
f 538/569 530/561 529/560 539/570
f 538/569 539/570 540/571 541/572
f 538/569 541/572 120/115 119/114
f 541/572 540/571 542/573 543/574
f 541/572 543/574 122/118 120/115
f 543/574 542/573 544/575 545/576
f 543/574 545/576 546/577 122/118
f 546/577 545/576 547/578 548/579
f 546/577 548/579 549/580 123/119
f 546/577 123/119 121/116 122/118
f 549/580 548/579 550/581 551/582
f 549/580 551/582 552/583 553/584
f 549/580 553/584 124/120 123/119
f 553/584 552/583 554/585 555/586
f 553/584 555/586 125/121 124/120
f 555/586 554/585 556/587 557/588
f 555/586 557/588 558/589 125/121
f 558/589 559/590 126/122 125/121
f 558/589 557/588 560/591 561/592
f 558/589 561/592 562/593 559/590
f 562/593 563/594 536/567 559/590
f 562/593 561/592 564/595 565/596
f 562/593 565/596 566/597 563/594
f 566/597 374/397 372/395 563/594
f 566/597 565/596 567/598 568/599
f 566/597 568/599 376/399 374/397
f 568/599 567/598 569/600 570/601
f 568/599 570/601 571/602 376/399
f 571/602 379/402 377/400 376/399
f 571/602 570/601 572/603 573/604
f 571/602 573/604 574/605 379/402
f 574/605 382/405 380/403 379/402
f 574/605 573/604 575/606 151/151
f 574/605 151/151 150/150 382/405
f 575/606 573/604 572/603 576/607
f 575/606 576/607 577/608 578/609
f 575/606 578/609 152/152 151/151
f 578/609 577/608 399/422 579/610
f 578/609 579/610 153/153 152/152
f 579/610 391/414 389/412 153/153
f 579/610 399/422 393/416 391/414
f 577/608 576/607 404/427 402/425
f 577/608 402/425 400/423 399/422
f 576/607 572/603 406/429 404/427
f 572/603 570/601 569/600 406/429
f 569/600 567/598 580/611 409/432
f 569/600 409/432 407/430 406/429
f 580/611 567/598 565/596 564/595
f 580/611 564/595 581/612 582/613
f 580/611 582/613 410/433 409/432
f 582/613 581/612 418/444 414/437
f 582/613 414/437 411/434 410/433
f 581/612 564/595 561/592 560/591
f 581/612 560/591 419/445 418/444
f 559/590 536/567 127/123 126/122
f 554/585 552/583 52/34 51/33
f 554/585 51/33 583/614 556/587
f 552/583 551/582 53/35 52/34
f 551/582 550/581 584/615 53/35
f 584/615 550/581 585/616 586/617
f 584/615 586/617 587/618 46/27
f 584/615 46/27 45/26 53/35
f 587/618 586/617 588/619 589/620
f 587/618 589/620 590/621 591/622
f 587/618 591/622 47/28 46/27
f 591/622 590/621 592/623 593/624
f 591/622 593/624 49/31 47/28
f 593/624 592/623 594/625 595/626
f 593/624 595/626 596/627 49/31
f 596/627 595/626 597/628 598/629
f 596/627 598/629 599/630 54/36
f 596/627 54/36 48/29 49/31
f 599/630 598/629 600/631 601/632
f 599/630 601/632 425/453 424/452
f 599/630 424/452 55/37 54/36
f 601/632 600/631 67/51 7/46
f 601/632 7/46 66/50 425/453
f 600/631 598/629 597/628 602/633
f 600/631 602/633 603/634 67/51
f 603/634 602/633 604/635 605/636
f 603/634 605/636 606/637 58/41
f 603/634 58/41 57/40 67/51
f 606/637 605/636 607/638 608/639
f 606/637 608/639 609/640 610/641
f 606/637 610/641 59/42 58/41
f 610/641 609/640 611/642 612/643
f 610/641 612/643 60/43 59/42
f 612/643 611/642 613/644 614/645
f 612/643 614/645 615/646 60/43
f 615/646 614/645 616/647 617/648
f 615/646 617/648 618/649 619/650
f 615/646 619/650 61/44 60/43
f 619/650 618/649 620/651 63/47
f 619/650 63/47 62/45 61/44
f 620/651 618/649 441/469 439/467
f 620/651 439/467 433/461 432/460
f 620/651 432/460 64/48 63/47
f 618/649 617/648 443/471 441/469
f 617/648 616/647 621/652 443/471
f 621/652 616/647 622/653 623/654
f 621/652 623/654 624/655 446/474
f 621/652 446/474 444/472 443/471
f 624/655 623/654 625/656 626/657
f 624/655 626/657 627/658 628/659
f 624/655 628/659 447/475 446/474
f 628/659 627/658 629/660 630/661
f 628/659 630/661 448/476 447/475
f 630/661 629/660 631/662 632/663
f 630/661 632/663 450/478 448/476
f 632/663 631/662 633/664 634/665
f 632/663 634/665 452/480 450/478
f 634/665 633/664 635/666 460/488
f 634/665 460/488 458/486 452/480
f 635/666 633/664 636/667 637/668
f 635/666 637/668 638/669 463/491
f 635/666 463/491 461/489 460/488
f 638/669 637/668 639/670 640/671
f 638/669 640/671 641/672 642/673
f 638/669 642/673 464/492 463/491
f 642/673 641/672 643/674 644/675
f 642/673 644/675 465/493 464/492
f 644/675 643/674 645/676 646/677
f 644/675 646/677 467/495 465/493
f 646/677 645/676 647/678 648/679
f 646/677 648/679 469/497 467/495
f 648/679 647/678 649/680 650/681
f 648/679 650/681 471/499 469/497
f 650/681 649/680 651/682 652/683
f 650/681 652/683 473/501 471/499
f 652/683 651/682 653/684 654/685
f 652/683 654/685 479/507 473/501
f 654/685 653/684 655/686 656/687
f 654/685 656/687 480/508 479/507
f 656/687 655/686 657/688 658/689
f 656/687 658/689 481/509 480/508
f 658/689 657/688 659/690 660/691
f 658/689 660/691 483/511 481/509
f 660/691 659/690 661/692 662/693
f 660/691 662/693 485/513 483/511
f 662/693 661/692 663/694 664/695
f 662/693 664/695 487/515 485/513
f 664/695 663/694 665/696 666/697
f 664/695 666/697 489/517 487/515
f 666/698 665/699 667/700 668/701
f 666/698 668/701 669/702 489/703
f 669/702 668/701 670/704 671/705
f 669/702 671/705 672/706 492/522
f 669/702 492/522 490/521 489/703
f 672/706 671/705 673/707 674/708
f 672/706 674/708 499/530 495/526
f 672/706 495/526 493/523 492/522
f 674/708 673/707 675/709 676/710
f 674/708 676/710 500/531 499/530
f 676/710 675/709 677/711 678/712
f 676/710 678/712 502/533 500/531
f 678/712 677/711 679/713 680/714
f 678/712 680/714 504/535 502/533
f 680/714 679/713 681/715 510/541
f 680/714 510/541 508/539 504/535
f 681/715 679/713 682/716 683/717
f 681/715 683/717 684/718 513/544
f 681/715 513/544 511/542 510/541
f 684/718 683/717 685/719 686/720
f 684/718 686/720 687/721 688/722
f 684/718 688/722 514/545 513/544
f 688/722 687/721 689/723 690/724
f 688/722 690/724 515/546 514/545
f 690/724 689/723 691/725 692/726
f 690/724 692/726 517/548 515/546
f 692/726 691/725 693/727 694/728
f 692/726 694/728 519/550 517/548
f 694/728 693/727 695/729 696/730
f 694/728 696/730 521/552 519/550
f 696/730 695/729 697/731 698/732
f 696/730 698/732 523/554 521/552
f 698/732 697/731 699/733 700/734
f 698/732 700/734 701/735 523/554
f 701/735 700/734 702/736 703/737
f 701/735 703/737 704/738 526/557
f 701/735 526/557 524/555 523/554
f 704/738 703/737 705/739 706/740
f 704/738 706/740 539/570 529/560
f 704/738 529/560 527/558 526/557
f 706/740 705/739 707/741 708/742
f 706/740 708/742 540/571 539/570
f 708/742 707/741 709/743 710/744
f 708/742 710/744 542/573 540/571
f 710/744 709/743 711/745 712/746
f 710/744 712/746 544/575 542/573
f 712/746 711/745 713/747 714/748
f 712/746 714/748 715/749 544/575
f 715/749 714/748 716/750 717/751
f 715/749 717/751 585/616 547/578
f 715/749 547/578 545/576 544/575
f 717/751 716/750 718/752 588/619
f 717/751 588/619 586/617 585/616
f 718/752 716/750 719/753 720/754
f 718/752 720/754 721/755 722/756
f 718/752 722/756 589/620 588/619
f 722/756 721/755 723/757 724/758
f 722/756 724/758 590/621 589/620
f 724/758 723/757 725/759 726/760
f 724/758 726/760 592/623 590/621
f 726/760 725/759 727/761 728/762
f 726/760 728/762 594/625 592/623
f 728/762 727/761 729/763 730/764
f 728/762 730/764 731/765 594/625
f 731/765 730/764 732/766 604/635
f 731/765 604/635 602/633 597/628
f 731/765 597/628 595/626 594/625
f 732/766 730/764 729/763 733/767
f 732/766 733/767 734/768 607/638
f 732/766 607/638 605/636 604/635
f 734/768 733/767 735/769 736/770
f 734/768 736/770 737/771 738/772
f 734/768 738/772 608/639 607/638
f 738/772 737/771 739/773 740/774
f 738/772 740/774 609/640 608/639
f 740/774 739/773 741/775 742/776
f 740/774 742/776 611/642 609/640
f 742/776 741/775 743/777 744/778
f 742/776 744/778 613/644 611/642
f 744/778 743/777 745/779 746/780
f 744/778 746/780 622/653 613/644
f 746/780 745/779 747/781 625/656
f 746/780 625/656 623/654 622/653
f 747/781 745/779 748/782 749/783
f 747/781 749/783 750/784 751/785
f 747/781 751/785 626/657 625/656
f 751/785 750/784 752/786 753/787
f 751/785 753/787 627/658 626/657
f 753/787 752/786 754/788 755/789
f 753/787 755/789 629/660 627/658
f 755/789 754/788 756/790 757/791
f 755/789 757/791 631/662 629/660
f 757/791 756/790 758/792 636/667
f 757/791 636/667 633/664 631/662
f 758/792 756/790 759/793 760/794
f 758/792 760/794 761/795 639/670
f 758/792 639/670 637/668 636/667
f 761/795 760/794 762/796 763/797
f 761/795 763/797 764/798 765/799
f 761/795 765/799 640/671 639/670
f 765/799 764/798 766/800 767/801
f 765/799 767/801 641/672 640/671
f 767/801 766/800 768/802 769/803
f 767/801 769/803 643/674 641/672
f 769/803 768/802 770/804 771/805
f 769/803 771/805 645/676 643/674
f 771/805 770/804 772/806 773/807
f 771/805 773/807 647/678 645/676
f 773/807 772/806 774/808 775/809
f 773/807 775/809 649/680 647/678
f 775/809 774/808 776/810 777/811
f 775/809 777/811 651/682 649/680
f 777/811 776/810 778/812 779/813
f 777/811 779/813 653/684 651/682
f 779/813 778/812 780/814 781/815
f 779/813 781/815 655/686 653/684
f 781/815 780/814 782/816 783/817
f 781/815 783/817 657/688 655/686
f 783/817 782/816 784/818 785/819
f 783/817 785/819 659/690 657/688
f 785/819 784/818 786/820 787/821
f 785/819 787/821 661/692 659/690
f 787/821 786/820 788/822 789/823
f 787/821 789/823 663/694 661/692
f 789/823 788/822 790/824 791/825
f 789/823 791/825 665/696 663/694
f 791/826 790/827 792/828 793/829
f 791/826 793/829 667/700 665/699
f 793/829 792/828 794/830 795/831
f 793/829 795/831 796/832 667/700
f 796/832 795/831 797/833 798/834
f 796/832 798/834 799/835 670/704
f 796/832 670/704 668/701 667/700
f 799/835 798/834 800/836 801/837
f 799/835 801/837 675/709 673/707
f 799/835 673/707 671/705 670/704
f 801/837 800/836 802/838 803/839
f 801/837 803/839 677/711 675/709
f 803/839 802/838 804/840 682/716
f 803/839 682/716 679/713 677/711
f 804/840 802/838 805/841 806/842
f 804/840 806/842 807/843 685/719
f 804/840 685/719 683/717 682/716
f 807/843 806/842 808/844 809/845
f 807/843 809/845 810/846 811/847
f 807/843 811/847 686/720 685/719
f 811/847 810/846 812/848 813/849
f 811/847 813/849 687/721 686/720
f 813/849 812/848 814/850 815/851
f 813/849 815/851 689/723 687/721
f 815/851 814/850 816/852 817/853
f 815/851 817/853 691/725 689/723
f 817/853 816/852 818/854 819/855
f 817/853 819/855 693/727 691/725
f 819/855 818/854 820/856 821/857
f 819/855 821/857 695/729 693/727
f 821/857 820/856 822/858 823/859
f 821/857 823/859 697/731 695/729
f 823/859 822/858 824/860 825/861
f 823/859 825/861 699/733 697/731
f 825/861 824/860 826/862 827/863
f 825/861 827/863 828/864 699/733
f 828/864 827/863 829/865 830/866
f 828/864 830/866 831/867 702/736
f 828/864 702/736 700/734 699/733
f 831/867 830/866 832/868 833/869
f 831/867 833/869 707/741 705/739
f 831/867 705/739 703/737 702/736
f 833/869 832/868 834/870 835/871
f 833/869 835/871 709/743 707/741
f 835/871 834/870 836/872 837/873
f 835/871 837/873 711/745 709/743
f 837/873 836/872 838/874 839/875
f 837/873 839/875 713/747 711/745
f 839/875 838/874 840/876 841/877
f 839/875 841/877 719/753 713/747
f 841/877 840/876 842/878 843/879
f 841/877 843/879 720/754 719/753
f 843/879 842/878 844/880 845/881
f 843/879 845/881 721/755 720/754
f 845/881 844/880 846/882 847/883
f 845/881 847/883 723/757 721/755
f 847/883 846/882 848/884 849/885
f 847/883 849/885 725/759 723/757
f 849/885 848/884 850/886 851/887
f 849/885 851/887 727/761 725/759
f 851/887 850/886 852/888 853/889
f 851/887 853/889 729/763 727/761
f 853/889 852/888 854/890 735/769
f 853/889 735/769 733/767 729/763
f 854/890 852/888 855/891 856/892
f 854/890 856/892 857/893 858/894
f 854/890 858/894 736/770 735/769
f 858/894 857/893 859/895 860/896
f 858/894 860/896 737/771 736/770
f 860/896 859/895 861/897 862/898
f 860/896 862/898 739/773 737/771
f 862/898 861/897 863/899 864/900
f 862/898 864/900 741/775 739/773
f 864/900 863/899 865/901 866/902
f 864/900 866/902 743/777 741/775
f 866/902 865/901 867/903 748/782
f 866/902 748/782 745/779 743/777
f 867/903 865/901 868/904 869/905
f 867/903 869/905 870/906 871/907
f 867/903 871/907 749/783 748/782
f 871/907 870/906 872/908 873/909
f 871/907 873/909 750/784 749/783
f 873/909 872/908 874/910 875/911
f 873/909 875/911 752/786 750/784
f 875/911 874/910 876/912 877/913
f 875/911 877/913 754/788 752/786
f 877/913 876/912 878/914 759/793
f 877/913 759/793 756/790 754/788
f 878/914 876/912 879/915 880/916
f 878/914 880/916 881/917 762/796
f 878/914 762/796 760/794 759/793
f 881/917 880/916 882/918 883/919
f 881/917 883/919 884/920 885/921
f 881/917 885/921 763/797 762/796
f 885/921 884/920 886/922 887/923
f 885/921 887/923 764/798 763/797
f 887/923 886/922 888/924 889/925
f 887/923 889/925 766/800 764/798
f 889/925 888/924 890/926 891/927
f 889/925 891/927 768/802 766/800
f 891/927 890/926 892/928 893/929
f 891/927 893/929 770/804 768/802
f 893/929 892/928 894/930 895/931
f 893/929 895/931 772/806 770/804
f 895/931 894/930 896/932 897/933
f 895/931 897/933 774/808 772/806
f 897/933 896/932 898/934 899/935
f 897/933 899/935 776/810 774/808
f 899/935 898/934 900/936 901/937
f 899/935 901/937 778/812 776/810
f 901/937 900/936 902/938 903/939
f 901/937 903/939 780/814 778/812
f 903/939 902/938 904/940 905/941
f 903/939 905/941 782/816 780/814
f 905/941 904/940 906/942 907/943
f 905/941 907/943 784/818 782/816
f 907/943 906/942 908/944 909/945
f 907/943 909/945 786/820 784/818
f 909/945 908/944 910/946 911/947
f 909/945 911/947 788/822 786/820
f 911/947 910/946 912/948 913/949
f 911/947 913/949 790/824 788/822
f 913/950 912/951 914/952 915/953
f 913/950 915/953 792/828 790/827
f 915/953 914/952 916/954 917/955
f 915/953 917/955 794/830 792/828
f 917/955 916/954 918/956 919/957
f 917/955 919/957 920/958 794/830
f 920/958 919/957 921/959 922/960
f 920/958 922/960 923/961 797/833
f 920/958 797/833 795/831 794/830
f 923/961 922/960 924/962 805/841
f 923/961 805/841 802/838 800/836
f 923/961 800/836 798/834 797/833
f 924/962 922/960 921/959 925/963
f 924/962 925/963 926/964 808/844
f 924/962 808/844 806/842 805/841
f 926/964 925/963 927/965 928/966
f 926/964 928/966 929/967 930/968
f 926/964 930/968 809/845 808/844
f 930/968 929/967 931/969 932/970
f 930/968 932/970 810/846 809/845
f 932/970 931/969 933/971 934/972
f 932/970 934/972 812/848 810/846
f 934/972 933/971 935/973 936/974
f 934/972 936/974 814/850 812/848
f 936/974 935/973 937/975 938/976
f 936/974 938/976 816/852 814/850
f 938/976 937/975 939/977 940/978
f 938/976 940/978 818/854 816/852
f 940/978 939/977 941/979 942/980
f 940/978 942/980 820/856 818/854
f 942/980 941/979 943/981 944/982
f 942/980 944/982 822/858 820/856
f 944/982 943/981 945/983 946/984
f 944/982 946/984 824/860 822/858
f 946/984 945/983 947/985 948/986
f 946/984 948/986 826/862 824/860
f 948/986 947/985 949/987 950/988
f 948/986 950/988 951/989 826/862
f 951/989 950/988 952/990 953/991
f 951/989 953/991 954/992 829/865
f 951/989 829/865 827/863 826/862
f 954/992 953/991 955/993 956/994
f 954/992 956/994 834/870 832/868
f 954/992 832/868 830/866 829/865
f 956/994 955/993 957/995 958/996
f 956/994 958/996 836/872 834/870
f 958/996 957/995 959/997 960/998
f 958/996 960/998 838/874 836/872
f 960/998 959/997 961/999 962/1000
f 960/998 962/1000 840/876 838/874
f 962/1000 961/999 963/1001 964/1002
f 962/1000 964/1002 842/878 840/876
f 964/1002 963/1001 965/1003 966/1004
f 964/1002 966/1004 844/880 842/878
f 966/1004 965/1003 967/1005 968/1006
f 966/1004 968/1006 846/882 844/880
f 968/1006 967/1005 969/1007 970/1008
f 968/1006 970/1008 848/884 846/882
f 970/1008 969/1007 971/1009 972/1010
f 970/1008 972/1010 850/886 848/884
f 972/1010 971/1009 973/1011 855/891
f 972/1010 855/891 852/888 850/886
f 973/1011 971/1009 974/1012 975/1013
f 973/1011 975/1013 976/1014 977/1015
f 973/1011 977/1015 856/892 855/891
f 977/1015 976/1014 978/1016 979/1017
f 977/1015 979/1017 857/893 856/892
f 979/1017 978/1016 980/1018 981/1019
f 979/1017 981/1019 859/895 857/893
f 981/1019 980/1018 982/1020 983/1021
f 981/1019 983/1021 861/897 859/895
f 983/1021 982/1020 984/1022 985/1023
f 983/1021 985/1023 863/899 861/897
f 985/1023 984/1022 986/1024 868/904
f 985/1023 868/904 865/901 863/899
f 986/1024 984/1022 987/1025 988/1026
f 986/1024 988/1026 989/1027 990/1028
f 986/1024 990/1028 869/905 868/904
f 990/1028 989/1027 991/1029 992/1030
f 990/1028 992/1030 870/906 869/905
f 992/1030 991/1029 993/1031 994/1032
f 992/1030 994/1032 872/908 870/906
f 994/1032 993/1031 995/1033 996/1034
f 994/1032 996/1034 874/910 872/908
f 996/1034 995/1033 997/1035 879/915
f 996/1034 879/915 876/912 874/910
f 997/1035 995/1033 998/1036 999/1037
f 997/1035 999/1037 1000/1038 882/918
f 997/1035 882/918 880/916 879/915
f 1000/1038 999/1037 1001/1039 1002/1040
f 1000/1038 1002/1040 1003/1041 1004/1042
f 1000/1038 1004/1042 883/919 882/918
f 1004/1042 1003/1041 1005/1043 1006/1044
f 1004/1042 1006/1044 884/920 883/919
f 1006/1044 1005/1043 1007/1045 1008/1046
f 1006/1044 1008/1046 886/922 884/920
f 1008/1046 1007/1045 1009/1047 1010/1048
f 1008/1046 1010/1048 888/924 886/922
f 1010/1048 1009/1047 1011/1049 1012/1050
f 1010/1048 1012/1050 890/926 888/924
f 1012/1050 1011/1049 1013/1051 1014/1052
f 1012/1050 1014/1052 892/928 890/926
f 1014/1052 1013/1051 1015/1053 1016/1054
f 1014/1052 1016/1054 894/930 892/928
f 1016/1054 1015/1053 1017/1055 1018/1056
f 1016/1054 1018/1056 896/932 894/930
f 1018/1056 1017/1055 1019/1057 1020/1058
f 1018/1056 1020/1058 898/934 896/932
f 1020/1058 1019/1057 1021/1059 1022/1060
f 1020/1058 1022/1060 900/936 898/934
f 1022/1060 1021/1059 1023/1061 1024/1062
f 1022/1060 1024/1062 902/938 900/936
f 1024/1062 1023/1061 1025/1063 1026/1064
f 1024/1062 1026/1064 904/940 902/938
f 1026/1064 1025/1063 1027/1065 1028/1066
f 1026/1064 1028/1066 906/942 904/940
f 1028/1066 1027/1065 1029/1067 1030/1068
f 1028/1066 1030/1068 908/944 906/942
f 1030/1068 1029/1067 1031/1069 1032/1070
f 1030/1068 1032/1070 910/946 908/944
f 1032/1070 1031/1069 1033/1071 1034/1072
f 1032/1070 1034/1072 912/948 910/946
f 1034/1073 1033/1074 1035/1075 1036/1076
f 1034/1073 1036/1076 914/952 912/951
f 1036/1076 1035/1075 1037/1077 1038/1078
f 1036/1076 1038/1078 916/954 914/952
f 1038/1078 1037/1077 1039/1079 1040/1080
f 1038/1078 1040/1080 918/956 916/954
f 1040/1080 1039/1079 1041/1081 1042/1082
f 1040/1080 1042/1082 1043/1083 918/956
f 1043/1083 1042/1082 1044/1084 927/965
f 1043/1083 927/965 925/963 921/959
f 1043/1083 921/959 919/957 918/956
f 1044/1084 1042/1082 1041/1081 1045/1085
f 1044/1084 1045/1085 1046/1086 1047/1087
f 1044/1084 1047/1087 928/966 927/965
f 1047/1087 1046/1086 1048/1088 1049/1089
f 1047/1087 1049/1089 929/967 928/966
f 1049/1089 1048/1088 1050/1090 1051/1091
f 1049/1089 1051/1091 931/969 929/967
f 1051/1091 1050/1090 1052/1092 1053/1093
f 1051/1091 1053/1093 933/971 931/969
f 1053/1093 1052/1092 1054/1094 1055/1095
f 1053/1093 1055/1095 935/973 933/971
f 1055/1095 1054/1094 1056/1096 1057/1097
f 1055/1095 1057/1097 937/975 935/973
f 1057/1097 1056/1096 1058/1098 1059/1099
f 1057/1097 1059/1099 939/977 937/975
f 1059/1099 1058/1098 1060/1100 1061/1101
f 1059/1099 1061/1101 941/979 939/977
f 1061/1101 1060/1100 1062/1102 1063/1103
f 1061/1101 1063/1103 943/981 941/979
f 1063/1103 1062/1102 1064/1104 1065/1105
f 1063/1103 1065/1105 945/983 943/981
f 1065/1105 1064/1104 1066/1106 1067/1107
f 1065/1105 1067/1107 947/985 945/983
f 1067/1107 1066/1106 1068/1108 1069/1109
f 1067/1107 1069/1109 949/987 947/985
f 1069/1109 1068/1108 1070/1110 1071/1111
f 1069/1109 1071/1111 1072/1112 949/987
f 1072/1112 1071/1111 1073/1113 1074/1114
f 1072/1112 1074/1114 1075/1115 952/990
f 1072/1112 952/990 950/988 949/987
f 1075/1115 1074/1114 1076/1116 1077/1117
f 1075/1115 1077/1117 957/995 955/993
f 1075/1115 955/993 953/991 952/990
f 1077/1117 1076/1116 1078/1118 1079/1119
f 1077/1117 1079/1119 959/997 957/995
f 1079/1119 1078/1118 1080/1120 1081/1121
f 1079/1119 1081/1121 961/999 959/997
f 1081/1121 1080/1120 1082/1122 1083/1123
f 1081/1121 1083/1123 963/1001 961/999
f 1083/1123 1082/1122 1084/1124 1085/1125
f 1083/1123 1085/1125 965/1003 963/1001
f 1085/1125 1084/1124 1086/1126 1087/1127
f 1085/1125 1087/1127 967/1005 965/1003
f 1087/1127 1086/1126 1088/1128 1089/1129
f 1087/1127 1089/1129 969/1007 967/1005
f 1089/1129 1088/1128 1090/1130 974/1012
f 1089/1129 974/1012 971/1009 969/1007
f 1090/1130 1088/1128 1091/1131 1092/1132
f 1090/1130 1092/1132 1093/1133 1094/1134
f 1090/1130 1094/1134 975/1013 974/1012
f 1094/1134 1093/1133 1095/1135 1096/1136
f 1094/1134 1096/1136 976/1014 975/1013
f 1096/1136 1095/1135 1097/1137 1098/1138
f 1096/1136 1098/1138 978/1016 976/1014
f 1098/1138 1097/1137 1099/1139 1100/1140
f 1098/1138 1100/1140 980/1018 978/1016
f 1100/1140 1099/1139 1101/1141 1102/1142
f 1100/1140 1102/1142 982/1020 980/1018
f 1102/1142 1101/1141 1103/1143 987/1025
f 1102/1142 987/1025 984/1022 982/1020
f 1103/1143 1101/1141 1104/1144 1105/1145
f 1103/1143 1105/1145 1106/1146 1107/1147
f 1103/1143 1107/1147 988/1026 987/1025
f 1107/1147 1106/1146 1108/1148 1109/1149
f 1107/1147 1109/1149 989/1027 988/1026
f 1109/1149 1108/1148 1110/1150 1111/1151
f 1109/1149 1111/1151 991/1029 989/1027
f 1111/1151 1110/1150 1112/1152 1113/1153
f 1111/1151 1113/1153 993/1031 991/1029
f 1113/1153 1112/1152 1114/1154 998/1036
f 1113/1153 998/1036 995/1033 993/1031
f 1114/1154 1112/1152 1115/1155 1116/1156
f 1114/1154 1116/1156 1117/1157 1001/1039
f 1114/1154 1001/1039 999/1037 998/1036
f 1117/1157 1116/1156 1118/1158 1119/1159
f 1117/1157 1119/1159 1120/1160 1121/1161
f 1117/1157 1121/1161 1002/1040 1001/1039
f 1121/1161 1120/1160 1122/1162 1123/1163
f 1121/1161 1123/1163 1003/1041 1002/1040
f 1123/1163 1122/1162 1124/1164 1125/1165
f 1123/1163 1125/1165 1005/1043 1003/1041
f 1125/1165 1124/1164 1126/1166 1127/1167
f 1125/1165 1127/1167 1007/1045 1005/1043
f 1127/1167 1126/1166 1128/1168 1129/1169
f 1127/1167 1129/1169 1009/1047 1007/1045
f 1129/1169 1128/1168 1130/1170 1131/1171
f 1129/1169 1131/1171 1011/1049 1009/1047
f 1131/1171 1130/1170 1132/1172 1133/1173
f 1131/1171 1133/1173 1013/1051 1011/1049
f 1133/1173 1132/1172 1134/1174 1135/1175
f 1133/1173 1135/1175 1015/1053 1013/1051
f 1135/1175 1134/1174 1136/1176 1137/1177
f 1135/1175 1137/1177 1017/1055 1015/1053
f 1137/1177 1136/1176 1138/1178 1139/1179
f 1137/1177 1139/1179 1019/1057 1017/1055
f 1139/1179 1138/1178 1140/1180 1141/1181
f 1139/1179 1141/1181 1021/1059 1019/1057
f 1141/1181 1140/1180 1142/1182 1143/1183
f 1141/1181 1143/1183 1023/1061 1021/1059
f 1143/1183 1142/1182 1144/1184 1145/1185
f 1143/1183 1145/1185 1025/1063 1023/1061
f 1145/1185 1144/1184 1146/1186 1147/1187
f 1145/1185 1147/1187 1027/1065 1025/1063
f 1147/1187 1146/1186 1148/1188 1149/1189
f 1147/1187 1149/1189 1029/1067 1027/1065
f 1149/1189 1148/1188 1150/1190 1151/1191
f 1149/1189 1151/1191 1031/1069 1029/1067
f 1151/1191 1150/1190 1152/1192 1153/1193
f 1151/1191 1153/1193 1033/1071 1031/1069
f 1153/1194 1152/1195 1154/1196 1155/1197
f 1153/1194 1155/1197 1035/1075 1033/1074
f 1155/1197 1154/1196 1156/1198 1157/1199
f 1155/1197 1157/1199 1037/1077 1035/1075
f 1157/1199 1156/1198 1158/1200 1159/1201
f 1157/1199 1159/1201 1039/1079 1037/1077
f 1159/1201 1158/1200 1160/1202 1161/1203
f 1159/1201 1161/1203 1041/1081 1039/1079
f 1161/1203 1160/1202 1162/1204 1163/1205
f 1161/1203 1163/1205 1045/1085 1041/1081
f 1163/1205 1162/1204 1164/1206 1165/1207
f 1163/1205 1165/1207 1046/1086 1045/1085
f 1165/1207 1164/1206 1166/1208 1167/1209
f 1165/1207 1167/1209 1048/1088 1046/1086
f 1167/1209 1166/1208 1168/1210 1169/1211
f 1167/1209 1169/1211 1050/1090 1048/1088
f 1169/1211 1168/1210 1170/1212 1171/1213
f 1169/1211 1171/1213 1052/1092 1050/1090
f 1171/1213 1170/1212 1172/1214 1173/1215
f 1171/1213 1173/1215 1054/1094 1052/1092
f 1173/1215 1172/1214 1174/1216 1175/1217
f 1173/1215 1175/1217 1056/1096 1054/1094
f 1175/1217 1174/1216 1176/1218 1177/1219
f 1175/1217 1177/1219 1058/1098 1056/1096
f 1177/1219 1176/1218 1178/1220 1179/1221
f 1177/1219 1179/1221 1060/1100 1058/1098
f 1179/1221 1178/1220 1180/1222 1181/1223
f 1179/1221 1181/1223 1062/1102 1060/1100
f 1181/1223 1180/1222 1182/1224 1183/1225
f 1181/1223 1183/1225 1064/1104 1062/1102
f 1183/1225 1182/1224 1184/1226 1185/1227
f 1183/1225 1185/1227 1066/1106 1064/1104
f 1185/1227 1184/1226 1186/1228 1187/1229
f 1185/1227 1187/1229 1068/1108 1066/1106
f 1187/1229 1186/1228 1188/1230 1189/1231
f 1187/1229 1189/1231 1070/1110 1068/1108
f 1189/1231 1188/1230 1190/1232 1191/1233
f 1189/1231 1191/1233 1192/1234 1070/1110
f 1192/1234 1191/1233 1193/1235 1194/1236
f 1192/1234 1194/1236 1195/1237 1073/1113
f 1192/1234 1073/1113 1071/1111 1070/1110
f 1195/1237 1194/1236 1196/1238 1197/1239
f 1195/1237 1197/1239 1078/1118 1076/1116
f 1195/1237 1076/1116 1074/1114 1073/1113
f 1197/1239 1196/1238 1198/1240 1199/1241
f 1197/1239 1199/1241 1080/1120 1078/1118
f 1199/1241 1198/1240 1200/1242 1201/1243
f 1199/1241 1201/1243 1082/1122 1080/1120
f 1201/1243 1200/1242 1202/1244 1203/1245
f 1201/1243 1203/1245 1084/1124 1082/1122
f 1203/1245 1202/1244 1204/1246 1205/1247
f 1203/1245 1205/1247 1086/1126 1084/1124
f 1205/1247 1204/1246 1206/1248 1091/1131
f 1205/1247 1091/1131 1088/1128 1086/1126
f 1206/1248 1204/1246 1207/1249 1208/1250
f 1206/1248 1208/1250 1209/1251 1210/1252
f 1206/1248 1210/1252 1092/1132 1091/1131
f 1210/1252 1209/1251 1211/1253 1212/1254
f 1210/1252 1212/1254 1093/1133 1092/1132
f 1212/1254 1211/1253 1213/1255 1214/1256
f 1212/1254 1214/1256 1095/1135 1093/1133
f 1214/1256 1213/1255 1215/1257 1216/1258
f 1214/1256 1216/1258 1097/1137 1095/1135
f 1216/1258 1215/1257 1217/1259 1218/1260
f 1216/1258 1218/1260 1099/1139 1097/1137
f 1218/1260 1217/1259 1219/1261 1104/1144
f 1218/1260 1104/1144 1101/1141 1099/1139
f 1219/1261 1217/1259 1220/1262 1221/1263
f 1219/1261 1221/1263 1222/1264 1223/1265
f 1219/1261 1223/1265 1105/1145 1104/1144
f 1223/1265 1222/1264 1224/1266 1225/1267
f 1223/1265 1225/1267 1106/1146 1105/1145
f 1225/1267 1224/1266 1226/1268 1227/1269
f 1225/1267 1227/1269 1108/1148 1106/1146
f 1227/1269 1226/1268 1228/1270 1229/1271
f 1227/1269 1229/1271 1110/1150 1108/1148
f 1229/1271 1228/1270 1230/1272 1115/1155
f 1229/1271 1115/1155 1112/1152 1110/1150
f 1230/1272 1228/1270 1231/1273 1232/1274
f 1230/1272 1232/1274 1233/1275 1118/1158
f 1230/1272 1118/1158 1116/1156 1115/1155
f 1233/1275 1232/1274 1234/1276 1235/1277
f 1233/1275 1235/1277 1236/1278 1237/1279
f 1233/1275 1237/1279 1119/1159 1118/1158
f 1237/1279 1236/1278 1238/1280 1239/1281
f 1237/1279 1239/1281 1120/1160 1119/1159
f 1239/1281 1238/1280 1240/1282 1241/1283
f 1239/1281 1241/1283 1122/1162 1120/1160
f 1241/1283 1240/1282 1242/1284 1243/1285
f 1241/1283 1243/1285 1124/1164 1122/1162
f 1243/1285 1242/1284 1244/1286 1245/1287
f 1243/1285 1245/1287 1126/1166 1124/1164
f 1245/1287 1244/1286 1246/1288 1247/1289
f 1245/1287 1247/1289 1128/1168 1126/1166
f 1247/1289 1246/1288 1248/1290 1249/1291
f 1247/1289 1249/1291 1130/1170 1128/1168
f 1249/1291 1248/1290 1250/1292 1251/1293
f 1249/1291 1251/1293 1132/1172 1130/1170
f 1251/1293 1250/1292 1252/1294 1253/1295
f 1251/1293 1253/1295 1134/1174 1132/1172
f 1253/1295 1252/1294 1254/1296 1255/1297
f 1253/1295 1255/1297 1136/1176 1134/1174
f 1255/1297 1254/1296 1256/1298 1257/1299
f 1255/1297 1257/1299 1138/1178 1136/1176
f 1257/1299 1256/1298 1258/1300 1259/1301
f 1257/1299 1259/1301 1140/1180 1138/1178
f 1259/1301 1258/1300 1260/1302 1261/1303
f 1259/1301 1261/1303 1142/1182 1140/1180
f 1261/1303 1260/1302 1262/1304 1263/1305
f 1261/1303 1263/1305 1144/1184 1142/1182
f 1263/1305 1262/1304 1264/1306 1265/1307
f 1263/1305 1265/1307 1146/1186 1144/1184
f 1265/1307 1264/1306 1266/1308 1267/1309
f 1265/1307 1267/1309 1148/1188 1146/1186
f 1267/1310 1266/1311 1268/1312 1269/1313
f 1267/1310 1269/1313 1150/1314 1148/1315
f 1269/1313 1268/1312 1270/1316 1271/1317
f 1269/1313 1271/1317 1152/1195 1150/1314
f 1271/1317 1270/1316 1272/1318 1273/1319
f 1271/1317 1273/1319 1154/1196 1152/1195
f 1273/1319 1272/1318 1274/1320 1275/1321
f 1273/1319 1275/1321 1156/1198 1154/1196
f 1275/1321 1274/1320 1276/1322 1277/1323
f 1275/1321 1277/1323 1158/1200 1156/1198
f 1277/1323 1276/1322 1278/1324 1279/1325
f 1277/1323 1279/1325 1160/1202 1158/1200
f 1279/1325 1278/1324 1280/1326 1281/1327
f 1279/1325 1281/1327 1162/1204 1160/1202
f 1281/1327 1280/1326 1282/1328 1283/1329
f 1281/1327 1283/1329 1164/1206 1162/1204
f 1283/1329 1282/1328 1284/1330 1285/1331
f 1283/1329 1285/1331 1166/1208 1164/1206
f 1285/1331 1284/1330 1286/1332 1287/1333
f 1285/1331 1287/1333 1168/1210 1166/1208
f 1287/1333 1286/1332 1288/1334 1289/1335
f 1287/1333 1289/1335 1170/1212 1168/1210
f 1289/1335 1288/1334 1290/1336 1291/1337
f 1289/1335 1291/1337 1172/1214 1170/1212
f 1291/1337 1290/1336 1292/1338 1293/1339
f 1291/1337 1293/1339 1174/1216 1172/1214
f 1293/1339 1292/1338 1294/1340 1295/1341
f 1293/1339 1295/1341 1176/1218 1174/1216
f 1295/1341 1294/1340 1296/1342 1297/1343
f 1295/1341 1297/1343 1178/1220 1176/1218
f 1297/1343 1296/1342 1298/1344 1299/1345
f 1297/1343 1299/1345 1180/1222 1178/1220
f 1299/1345 1298/1344 1300/1346 1301/1347
f 1299/1345 1301/1347 1182/1224 1180/1222
f 1301/1347 1300/1346 1302/1348 1303/1349
f 1301/1347 1303/1349 1184/1226 1182/1224
f 1303/1349 1302/1348 1304/1350 1305/1351
f 1303/1349 1305/1351 1186/1228 1184/1226
f 1305/1351 1304/1350 1306/1352 1307/1353
f 1305/1351 1307/1353 1188/1230 1186/1228
f 1307/1353 1306/1352 1308/1354 1309/1355
f 1307/1353 1309/1355 1190/1232 1188/1230
f 1309/1355 1308/1354 1310/1356 1311/1357
f 1309/1355 1311/1357 1312/1358 1190/1232
f 1312/1358 1311/1357 1313/1359 1314/1360
f 1312/1358 1314/1360 1315/1361 1193/1235
f 1312/1358 1193/1235 1191/1233 1190/1232
f 1315/1361 1314/1360 1316/1362 1317/1363
f 1315/1361 1317/1363 1198/1240 1196/1238
f 1315/1361 1196/1238 1194/1236 1193/1235
f 1317/1363 1316/1362 1318/1364 1319/1365
f 1317/1363 1319/1365 1200/1242 1198/1240
f 1319/1365 1318/1364 1320/1366 1321/1367
f 1319/1365 1321/1367 1202/1244 1200/1242
f 1321/1367 1320/1366 1322/1368 1207/1249
f 1321/1367 1207/1249 1204/1246 1202/1244
f 1322/1368 1320/1366 1323/1369 1324/1370
f 1322/1368 1324/1370 1325/1371 1326/1372
f 1322/1368 1326/1372 1208/1250 1207/1249
f 1326/1372 1325/1371 1327/1373 1328/1374
f 1326/1372 1328/1374 1209/1251 1208/1250
f 1328/1374 1327/1373 1329/1375 1330/1376
f 1328/1374 1330/1376 1211/1253 1209/1251
f 1330/1376 1329/1375 1331/1377 1332/1378
f 1330/1376 1332/1378 1213/1255 1211/1253
f 1332/1378 1331/1377 1333/1379 1334/1380
f 1332/1378 1334/1380 1215/1257 1213/1255
f 1334/1380 1333/1379 1335/1381 1220/1262
f 1334/1380 1220/1262 1217/1259 1215/1257
f 1335/1381 1333/1379 1336/1382 1337/1383
f 1335/1381 1337/1383 1338/1384 1339/1385
f 1335/1381 1339/1385 1221/1263 1220/1262
f 1339/1385 1338/1384 1340/1386 1341/1387
f 1339/1385 1341/1387 1222/1264 1221/1263
f 1341/1387 1340/1386 1342/1388 1343/1389
f 1341/1387 1343/1389 1224/1266 1222/1264
f 1343/1389 1342/1388 1344/1390 1345/1391
f 1343/1389 1345/1391 1226/1268 1224/1266
f 1345/1391 1344/1390 1346/1392 1231/1273
f 1345/1391 1231/1273 1228/1270 1226/1268
f 1346/1392 1344/1390 1347/1393 1348/1394
f 1346/1392 1348/1394 1349/1395 1234/1276
f 1346/1392 1234/1276 1232/1274 1231/1273
f 1349/1395 1348/1394 1350/1396 1351/1397
f 1349/1395 1351/1397 1352/1398 1353/1399
f 1349/1395 1353/1399 1235/1277 1234/1276
f 1353/1399 1352/1398 1354/1400 1355/1401
f 1353/1399 1355/1401 1236/1278 1235/1277
f 1355/1401 1354/1400 1356/1402 1357/1403
f 1355/1401 1357/1403 1238/1280 1236/1278
f 1357/1403 1356/1402 1358/1404 1359/1405
f 1357/1403 1359/1405 1240/1282 1238/1280
f 1359/1405 1358/1404 1360/1406 1361/1407
f 1359/1405 1361/1407 1242/1284 1240/1282
f 1361/1407 1360/1406 1362/1408 1363/1409
f 1361/1407 1363/1409 1244/1286 1242/1284
f 1363/1409 1362/1408 1364/1410 1365/1411
f 1363/1409 1365/1411 1246/1288 1244/1286
f 1365/1411 1364/1410 1366/1412 1367/1413
f 1365/1411 1367/1413 1248/1290 1246/1288
f 1367/1413 1366/1412 1368/1414 1369/1415
f 1367/1413 1369/1415 1250/1292 1248/1290
f 1369/1415 1368/1414 1370/1416 1371/1417
f 1369/1415 1371/1417 1252/1294 1250/1292
f 1371/1417 1370/1416 1372/1418 1373/1419
f 1371/1417 1373/1419 1254/1296 1252/1294
f 1373/1419 1372/1418 1374/1420 1375/1421
f 1373/1419 1375/1421 1256/1298 1254/1296
f 1375/1421 1374/1420 1376/1422 1377/1423
f 1375/1421 1377/1423 1258/1300 1256/1298
f 1377/1423 1376/1422 1378/1424 1379/1425
f 1377/1423 1379/1425 1260/1302 1258/1300
f 1379/1425 1378/1424 1380/1426 1381/1427
f 1379/1425 1381/1427 1262/1304 1260/1302
f 1381/1427 1380/1426 1382/1428 1383/1429
f 1381/1427 1383/1429 1264/1306 1262/1304
f 1383/1429 1382/1428 1384/1430 1385/1431
f 1383/1429 1385/1431 1266/1308 1264/1306
f 1385/1432 1384/1433 1386/1434 1387/1435
f 1385/1432 1387/1435 1268/1312 1266/1311
f 1387/1435 1386/1434 1388/1436 1389/1437
f 1387/1435 1389/1437 1270/1316 1268/1312
f 1389/1437 1388/1436 1390/1438 1391/1439
f 1389/1437 1391/1439 1272/1318 1270/1316
f 1391/1439 1390/1438 1392/1440 1393/1441
f 1391/1439 1393/1441 1274/1320 1272/1318
f 1393/1441 1392/1440 1394/1442 1395/1443
f 1393/1441 1395/1443 1276/1322 1274/1320
f 1395/1443 1394/1442 1396/1444 1397/1445
f 1395/1443 1397/1445 1278/1324 1276/1322
f 1397/1445 1396/1444 1398/1446 1399/1447
f 1397/1445 1399/1447 1280/1326 1278/1324
f 1399/1447 1398/1446 1400/1448 1401/1449
f 1399/1447 1401/1449 1282/1328 1280/1326
f 1401/1449 1400/1448 1402/1450 1403/1451
f 1401/1449 1403/1451 1284/1330 1282/1328
f 1403/1451 1402/1450 1404/1452 1405/1453
f 1403/1451 1405/1453 1286/1332 1284/1330
f 1405/1453 1404/1452 1406/1454 1407/1455
f 1405/1453 1407/1455 1288/1334 1286/1332
f 1407/1455 1406/1454 1408/1456 1409/1457
f 1407/1455 1409/1457 1290/1336 1288/1334
f 1409/1457 1408/1456 1410/1458 1411/1459
f 1409/1457 1411/1459 1292/1338 1290/1336
f 1411/1459 1410/1458 1412/1460 1413/1461
f 1411/1459 1413/1461 1294/1340 1292/1338
f 1413/1461 1412/1460 1414/1462 1415/1463
f 1413/1461 1415/1463 1296/1342 1294/1340
f 1415/1463 1414/1462 1416/1464 1417/1465
f 1415/1463 1417/1465 1298/1344 1296/1342
f 1417/1465 1416/1464 1418/1466 1419/1467
f 1417/1465 1419/1467 1300/1346 1298/1344
f 1419/1467 1418/1466 1420/1468 1421/1469
f 1419/1467 1421/1469 1302/1348 1300/1346
f 1421/1469 1420/1468 1422/1470 1423/1471
f 1421/1469 1423/1471 1304/1350 1302/1348
f 1423/1471 1422/1470 1424/1472 1425/1473
f 1423/1471 1425/1473 1306/1352 1304/1350
f 1425/1473 1424/1472 1426/1474 1427/1475
f 1425/1473 1427/1475 1308/1354 1306/1352
f 1427/1475 1426/1474 1428/1476 1429/1477
f 1427/1475 1429/1477 1310/1356 1308/1354
f 1429/1477 1428/1476 1430/1478 1431/1479
f 1429/1477 1431/1479 1432/1480 1310/1356
f 1432/1480 1431/1479 1433/1481 1434/1482
f 1432/1480 1434/1482 1435/1483 1313/1359
f 1432/1480 1313/1359 1311/1357 1310/1356
f 1435/1483 1434/1482 1436/1484 1437/1485
f 1435/1483 1437/1485 1318/1364 1316/1362
f 1435/1483 1316/1362 1314/1360 1313/1359
f 1437/1485 1436/1484 1438/1486 1323/1369
f 1437/1485 1323/1369 1320/1366 1318/1364
f 1438/1486 1436/1484 1439/1487 1440/1488
f 1438/1486 1440/1488 1441/1489 1442/1490
f 1438/1486 1442/1490 1324/1370 1323/1369
f 1442/1490 1441/1489 1443/1491 1444/1492
f 1442/1490 1444/1492 1325/1371 1324/1370
f 1444/1492 1443/1491 1445/1493 1446/1494
f 1444/1492 1446/1494 1327/1373 1325/1371
f 1446/1494 1445/1493 1447/1495 1448/1496
f 1446/1494 1448/1496 1329/1375 1327/1373
f 1448/1496 1447/1495 1449/1497 1450/1498
f 1448/1496 1450/1498 1331/1377 1329/1375
f 1450/1498 1449/1497 1451/1499 1336/1382
f 1450/1498 1336/1382 1333/1379 1331/1377
f 1451/1499 1449/1497 1452/1500 1453/1501
f 1451/1499 1453/1501 1454/1502 1455/1503
f 1451/1499 1455/1503 1337/1383 1336/1382
f 1455/1503 1454/1502 1456/1504 1457/1505
f 1455/1503 1457/1505 1338/1384 1337/1383
f 1457/1505 1456/1504 1458/1506 1459/1507
f 1457/1505 1459/1507 1340/1386 1338/1384
f 1459/1507 1458/1506 1460/1508 1461/1509
f 1459/1507 1461/1509 1342/1388 1340/1386
f 1461/1509 1460/1508 1462/1510 1347/1393
f 1461/1509 1347/1393 1344/1390 1342/1388
f 1462/1510 1460/1508 1463/1511 1464/1512
f 1462/1510 1464/1512 1465/1513 1350/1396
f 1462/1510 1350/1396 1348/1394 1347/1393
f 1465/1513 1464/1512 1466/1514 1467/1515
f 1465/1513 1467/1515 1468/1516 1469/1517
f 1465/1513 1469/1517 1351/1397 1350/1396
f 1469/1517 1468/1516 1470/1518 1471/1519
f 1469/1517 1471/1519 1352/1398 1351/1397
f 1471/1519 1470/1518 1472/1520 1473/1521
f 1471/1519 1473/1521 1354/1400 1352/1398
f 1473/1521 1472/1520 1474/1522 1475/1523
f 1473/1521 1475/1523 1356/1402 1354/1400
f 1475/1523 1474/1522 1476/1524 1477/1525
f 1475/1523 1477/1525 1358/1404 1356/1402
f 1477/1525 1476/1524 1478/1526 1479/1527
f 1477/1525 1479/1527 1360/1406 1358/1404
f 1479/1527 1478/1526 1480/1528 1481/1529
f 1479/1527 1481/1529 1362/1408 1360/1406
f 1481/1529 1480/1528 1482/1530 1483/1531
f 1481/1529 1483/1531 1364/1410 1362/1408
f 1483/1531 1482/1530 1484/1532 1485/1533
f 1483/1531 1485/1533 1366/1412 1364/1410
f 1485/1533 1484/1532 1486/1534 1487/1535
f 1485/1533 1487/1535 1368/1414 1366/1412
f 1487/1535 1486/1534 1488/1536 1489/1537
f 1487/1535 1489/1537 1370/1416 1368/1414
f 1489/1537 1488/1536 1490/1538 1491/1539
f 1489/1537 1491/1539 1372/1418 1370/1416
f 1491/1539 1490/1538 1492/1540 1493/1541
f 1491/1539 1493/1541 1374/1420 1372/1418
f 1493/1541 1492/1540 1494/1542 1495/1543
f 1493/1541 1495/1543 1376/1422 1374/1420
f 1495/1543 1494/1542 1496/1544 1497/1545
f 1495/1543 1497/1545 1378/1424 1376/1422
f 1497/1545 1496/1544 1498/1546 1499/1547
f 1497/1545 1499/1547 1380/1426 1378/1424
f 1499/1547 1498/1546 1500/1548 1501/1549
f 1499/1547 1501/1549 1382/1428 1380/1426
f 1501/1549 1500/1548 1502/1550 1503/1551
f 1501/1549 1503/1551 1384/1430 1382/1428
f 1503/1552 1502/1553 1504/1554 1505/1555
f 1503/1552 1505/1555 1386/1434 1384/1433
f 1505/1555 1504/1554 1506/1556 1507/1557
f 1505/1555 1507/1557 1388/1436 1386/1434
f 1507/1557 1506/1556 1508/1558 1509/1559
f 1507/1557 1509/1559 1390/1438 1388/1436
f 1509/1559 1508/1558 1510/1560 1511/1561
f 1509/1559 1511/1561 1392/1440 1390/1438
f 1511/1561 1510/1560 1512/1562 1513/1563
f 1511/1561 1513/1563 1394/1442 1392/1440
f 1513/1563 1512/1562 1514/1564 1515/1565
f 1513/1563 1515/1565 1396/1444 1394/1442
f 1515/1565 1514/1564 1516/1566 1517/1567
f 1515/1565 1517/1567 1398/1446 1396/1444
f 1517/1567 1516/1566 1518/1568 1519/1569
f 1517/1567 1519/1569 1400/1448 1398/1446
f 1519/1569 1518/1568 1520/1570 1521/1571
f 1519/1569 1521/1571 1402/1450 1400/1448
f 1521/1571 1520/1570 1522/1572 1523/1573
f 1521/1571 1523/1573 1404/1452 1402/1450
f 1523/1573 1522/1572 1524/1574 1525/1575
f 1523/1573 1525/1575 1406/1454 1404/1452
f 1525/1575 1524/1574 1526/1576 1527/1577
f 1525/1575 1527/1577 1408/1456 1406/1454
f 1527/1577 1526/1576 1528/1578 1529/1579
f 1527/1577 1529/1579 1410/1458 1408/1456
f 1529/1579 1528/1578 1530/1580 1531/1581
f 1529/1579 1531/1581 1412/1460 1410/1458
f 1531/1581 1530/1580 1532/1582 1533/1583
f 1531/1581 1533/1583 1414/1462 1412/1460
f 1533/1583 1532/1582 1534/1584 1535/1585
f 1533/1583 1535/1585 1416/1464 1414/1462
f 1535/1585 1534/1584 1536/1586 1537/1587
f 1535/1585 1537/1587 1418/1466 1416/1464
f 1537/1587 1536/1586 1538/1588 1539/1589
f 1537/1587 1539/1589 1420/1468 1418/1466
f 1539/1589 1538/1588 1540/1590 1541/1591
f 1539/1589 1541/1591 1422/1470 1420/1468
f 1541/1591 1540/1590 1542/1592 1543/1593
f 1541/1591 1543/1593 1424/1472 1422/1470
f 1543/1593 1542/1592 1544/1594 1545/1595
f 1543/1593 1545/1595 1426/1474 1424/1472
f 1545/1595 1544/1594 1546/1596 1547/1597
f 1545/1595 1547/1597 1428/1476 1426/1474
f 1547/1597 1546/1596 1548/1598 1549/1599
f 1547/1597 1549/1599 1430/1478 1428/1476
f 1549/1599 1548/1598 1550/1600 1551/1601
f 1549/1599 1551/1601 1552/1602 1430/1478
f 1552/1602 1551/1601 1553/1603 1554/1604
f 1552/1602 1554/1604 1439/1487 1433/1481
f 1552/1602 1433/1481 1431/1479 1430/1478
f 1554/1604 1553/1603 1555/1605 1556/1606
f 1554/1604 1556/1606 1440/1488 1439/1487
f 1556/1606 1555/1605 1557/1607 1558/1608
f 1556/1606 1558/1608 1441/1489 1440/1488
f 1558/1608 1557/1607 1559/1609 1560/1610
f 1558/1608 1560/1610 1443/1491 1441/1489
f 1560/1610 1559/1609 1561/1611 1562/1612
f 1560/1610 1562/1612 1445/1493 1443/1491
f 1562/1612 1561/1611 1563/1613 1564/1614
f 1562/1612 1564/1614 1447/1495 1445/1493
f 1564/1614 1563/1613 1565/1615 1452/1500
f 1564/1614 1452/1500 1449/1497 1447/1495
f 1565/1615 1563/1613 1566/1616 1567/1617
f 1565/1615 1567/1617 1568/1618 1569/1619
f 1565/1615 1569/1619 1453/1501 1452/1500
f 1569/1619 1568/1618 1570/1620 1571/1621
f 1569/1619 1571/1621 1454/1502 1453/1501
f 1571/1621 1570/1620 1572/1622 1573/1623
f 1571/1621 1573/1623 1456/1504 1454/1502
f 1573/1623 1572/1622 1574/1624 1575/1625
f 1573/1623 1575/1625 1458/1506 1456/1504
f 1575/1625 1574/1624 1576/1626 1463/1511
f 1575/1625 1463/1511 1460/1508 1458/1506
f 1576/1626 1574/1624 1577/1627 1578/1628
f 1576/1626 1578/1628 1579/1629 1466/1514
f 1576/1626 1466/1514 1464/1512 1463/1511
f 1579/1629 1578/1628 1580/1630 1581/1631
f 1579/1629 1581/1631 1582/1632 1583/1633
f 1579/1629 1583/1633 1467/1515 1466/1514
f 1583/1633 1582/1632 1584/1634 1585/1635
f 1583/1633 1585/1635 1468/1516 1467/1515
f 1585/1635 1584/1634 1586/1636 1587/1637
f 1585/1635 1587/1637 1470/1518 1468/1516
f 1587/1637 1586/1636 1588/1638 1589/1639
f 1587/1637 1589/1639 1472/1520 1470/1518
f 1589/1639 1588/1638 1590/1640 1591/1641
f 1589/1639 1591/1641 1474/1522 1472/1520
f 1591/1641 1590/1640 1592/1642 1593/1643
f 1591/1641 1593/1643 1476/1524 1474/1522
f 1593/1643 1592/1642 1594/1644 1595/1645
f 1593/1643 1595/1645 1478/1526 1476/1524
f 1595/1645 1594/1644 1596/1646 1597/1647
f 1595/1645 1597/1647 1480/1528 1478/1526
f 1597/1647 1596/1646 1598/1648 1599/1649
f 1597/1647 1599/1649 1482/1530 1480/1528
f 1599/1649 1598/1648 1600/1650 1601/1651
f 1599/1649 1601/1651 1484/1532 1482/1530
f 1601/1651 1600/1650 1602/1652 1603/1653
f 1601/1651 1603/1653 1486/1534 1484/1532
f 1603/1653 1602/1652 1604/1654 1605/1655
f 1603/1653 1605/1655 1488/1536 1486/1534
f 1605/1655 1604/1654 1606/1656 1607/1657
f 1605/1655 1607/1657 1490/1538 1488/1536
f 1607/1657 1606/1656 1608/1658 1609/1659
f 1607/1657 1609/1659 1492/1540 1490/1538
f 1609/1659 1608/1658 1610/1660 1611/1661
f 1609/1659 1611/1661 1494/1542 1492/1540
f 1611/1661 1610/1660 1612/1662 1613/1663
f 1611/1661 1613/1663 1496/1544 1494/1542
f 1613/1663 1612/1662 1614/1664 1615/1665
f 1613/1663 1615/1665 1498/1546 1496/1544
f 1615/1665 1614/1664 1616/1666 1617/1667
f 1615/1665 1617/1667 1500/1548 1498/1546
f 1617/1667 1616/1666 1618/1668 1619/1669
f 1617/1667 1619/1669 1502/1550 1500/1548
f 1619/1670 1618/1671 1620/1672 1621/1673
f 1619/1670 1621/1673 1504/1554 1502/1553
f 1621/1673 1620/1672 1622/1674 1623/1675
f 1621/1673 1623/1675 1506/1556 1504/1554
f 1623/1675 1622/1674 1624/1676 1625/1677
f 1623/1675 1625/1677 1508/1558 1506/1556
f 1625/1677 1624/1676 1626/1678 1627/1679
f 1625/1677 1627/1679 1510/1560 1508/1558
f 1627/1679 1626/1678 1628/1680 1629/1681
f 1627/1679 1629/1681 1512/1562 1510/1560
f 1629/1681 1628/1680 1630/1682 1631/1683
f 1629/1681 1631/1683 1514/1564 1512/1562
f 1631/1683 1630/1682 1632/1684 1633/1685
f 1631/1683 1633/1685 1516/1566 1514/1564
f 1633/1685 1632/1684 1634/1686 1635/1687
f 1633/1685 1635/1687 1518/1568 1516/1566
f 1635/1687 1634/1686 1636/1688 1637/1689
f 1635/1687 1637/1689 1520/1570 1518/1568
f 1637/1689 1636/1688 1638/1690 1639/1691
f 1637/1689 1639/1691 1522/1572 1520/1570
f 1639/1691 1638/1690 1640/1692 1641/1693
f 1639/1691 1641/1693 1524/1574 1522/1572
f 1641/1693 1640/1692 1642/1694 1643/1695
f 1641/1693 1643/1695 1526/1576 1524/1574
f 1643/1695 1642/1694 1644/1696 1645/1697
f 1643/1695 1645/1697 1528/1578 1526/1576
f 1645/1697 1644/1696 1646/1698 1647/1699
f 1645/1697 1647/1699 1530/1580 1528/1578
f 1647/1699 1646/1698 1648/1700 1649/1701
f 1647/1699 1649/1701 1532/1582 1530/1580
f 1649/1701 1648/1700 1650/1702 1651/1703
f 1649/1701 1651/1703 1534/1584 1532/1582
f 1651/1703 1650/1702 1652/1704 1653/1705
f 1651/1703 1653/1705 1536/1586 1534/1584
f 1653/1705 1652/1704 1654/1706 1655/1707
f 1653/1705 1655/1707 1538/1588 1536/1586
f 1655/1707 1654/1706 1656/1708 1657/1709
f 1655/1707 1657/1709 1540/1590 1538/1588
f 1657/1709 1656/1708 1658/1710 1659/1711
f 1657/1709 1659/1711 1542/1592 1540/1590
f 1659/1711 1658/1710 1660/1712 1661/1713
f 1659/1711 1661/1713 1544/1594 1542/1592
f 1661/1713 1660/1712 1662/1714 1663/1715
f 1661/1713 1663/1715 1546/1596 1544/1594
f 1663/1715 1662/1714 1664/1716 1665/1717
f 1663/1715 1665/1717 1548/1598 1546/1596
f 1665/1717 1664/1716 1666/1718 1667/1719
f 1665/1717 1667/1719 1550/1600 1548/1598
f 1667/1719 1666/1718 1668/1720 1669/1721
f 1667/1719 1669/1721 1670/1722 1550/1600
f 1670/1722 1669/1721 1671/1723 1672/1724
f 1670/1722 1672/1724 1555/1605 1553/1603
f 1670/1722 1553/1603 1551/1601 1550/1600
f 1672/1724 1671/1723 1673/1725 1674/1726
f 1672/1724 1674/1726 1557/1607 1555/1605
f 1674/1726 1673/1725 1675/1727 1676/1728
f 1674/1726 1676/1728 1559/1609 1557/1607
f 1676/1728 1675/1727 1677/1729 1678/1730
f 1676/1728 1678/1730 1561/1611 1559/1609
f 1678/1730 1677/1729 1679/1731 1566/1616
f 1678/1730 1566/1616 1563/1613 1561/1611
f 1679/1731 1677/1729 1680/1732 1681/1733
f 1679/1731 1681/1733 1682/1734 1683/1735
f 1679/1731 1683/1735 1567/1617 1566/1616
f 1683/1735 1682/1734 1684/1736 1685/1737
f 1683/1735 1685/1737 1568/1618 1567/1617
f 1685/1737 1684/1736 1686/1738 1687/1739
f 1685/1737 1687/1739 1570/1620 1568/1618
f 1687/1739 1686/1738 1688/1740 1689/1741
f 1687/1739 1689/1741 1572/1622 1570/1620
f 1689/1741 1688/1740 1690/1742 1577/1627
f 1689/1741 1577/1627 1574/1624 1572/1622
f 1690/1742 1688/1740 1691/1743 1692/1744
f 1690/1742 1692/1744 1693/1745 1580/1630
f 1690/1742 1580/1630 1578/1628 1577/1627
f 1693/1745 1692/1744 1694/1746 1695/1747
f 1693/1745 1695/1747 1696/1748 1697/1749
f 1693/1745 1697/1749 1581/1631 1580/1630
f 1697/1749 1696/1748 1698/1750 1699/1751
f 1697/1749 1699/1751 1582/1632 1581/1631
f 1699/1751 1698/1750 1700/1752 1701/1753
f 1699/1751 1701/1753 1584/1634 1582/1632
f 1701/1753 1700/1752 1702/1754 1703/1755
f 1701/1753 1703/1755 1586/1636 1584/1634
f 1703/1755 1702/1754 1704/1756 1705/1757
f 1703/1755 1705/1757 1588/1638 1586/1636
f 1705/1757 1704/1756 1706/1758 1707/1759
f 1705/1757 1707/1759 1590/1640 1588/1638
f 1707/1759 1706/1758 1708/1760 1709/1761
f 1707/1759 1709/1761 1592/1642 1590/1640
f 1709/1761 1708/1760 1710/1762 1711/1763
f 1709/1761 1711/1763 1594/1644 1592/1642
f 1711/1763 1710/1762 1712/1764 1713/1765
f 1711/1763 1713/1765 1596/1646 1594/1644
f 1713/1765 1712/1764 1714/1766 1715/1767
f 1713/1765 1715/1767 1598/1648 1596/1646
f 1715/1767 1714/1766 1716/1768 1717/1769
f 1715/1767 1717/1769 1600/1650 1598/1648
f 1717/1769 1716/1768 1718/1770 1719/1771
f 1717/1769 1719/1771 1602/1652 1600/1650
f 1719/1771 1718/1770 1720/1772 1721/1773
f 1719/1771 1721/1773 1604/1654 1602/1652
f 1721/1773 1720/1772 1722/1774 1723/1775
f 1721/1773 1723/1775 1606/1656 1604/1654
f 1723/1775 1722/1774 1724/1776 1725/1777
f 1723/1775 1725/1777 1608/1658 1606/1656
f 1725/1777 1724/1776 1726/1778 1727/1779
f 1725/1777 1727/1779 1610/1660 1608/1658
f 1727/1779 1726/1778 1728/1780 1729/1781
f 1727/1779 1729/1781 1612/1662 1610/1660
f 1729/1781 1728/1780 1730/1782 1731/1783
f 1729/1781 1731/1783 1614/1664 1612/1662
f 1731/1783 1730/1782 1732/1784 1733/1785
f 1731/1783 1733/1785 1616/1666 1614/1664
f 1733/1785 1732/1784 1734/1786 1735/1787
f 1733/1785 1735/1787 1618/1668 1616/1666
f 1735/1788 1734/1789 1736/1790 1737/1791
f 1735/1788 1737/1791 1620/1672 1618/1671
f 1737/1791 1736/1790 1738/1792 1739/1793
f 1737/1791 1739/1793 1622/1674 1620/1672
f 1739/1793 1738/1792 1740/1794 1741/1795
f 1739/1793 1741/1795 1624/1676 1622/1674
f 1741/1795 1740/1794 1742/1796 1743/1797
f 1741/1795 1743/1797 1626/1678 1624/1676
f 1743/1797 1742/1796 1744/1798 1745/1799
f 1743/1797 1745/1799 1628/1680 1626/1678
f 1745/1799 1744/1798 1746/1800 1747/1801
f 1745/1799 1747/1801 1630/1682 1628/1680
f 1747/1801 1746/1800 1748/1802 1749/1803
f 1747/1801 1749/1803 1632/1684 1630/1682
f 1749/1803 1748/1802 1750/1804 1751/1805
f 1749/1803 1751/1805 1634/1686 1632/1684
f 1751/1805 1750/1804 1752/1806 1753/1807
f 1751/1805 1753/1807 1636/1688 1634/1686
f 1753/1807 1752/1806 1754/1808 1755/1809
f 1753/1807 1755/1809 1638/1690 1636/1688
f 1755/1809 1754/1808 1756/1810 1757/1811
f 1755/1809 1757/1811 1640/1692 1638/1690
f 1757/1811 1756/1810 1758/1812 1759/1813
f 1757/1811 1759/1813 1642/1694 1640/1692
f 1759/1813 1758/1812 1760/1814 1761/1815
f 1759/1813 1761/1815 1644/1696 1642/1694
f 1761/1815 1760/1814 1762/1816 1763/1817
f 1761/1815 1763/1817 1646/1698 1644/1696
f 1763/1817 1762/1816 1764/1818 1765/1819
f 1763/1817 1765/1819 1648/1700 1646/1698
f 1765/1819 1764/1818 1766/1820 1767/1821
f 1765/1819 1767/1821 1650/1702 1648/1700
f 1767/1821 1766/1820 1768/1822 1769/1823
f 1767/1821 1769/1823 1652/1704 1650/1702
f 1769/1823 1768/1822 1770/1824 1771/1825
f 1769/1823 1771/1825 1654/1706 1652/1704
f 1771/1825 1770/1824 1772/1826 1773/1827
f 1771/1825 1773/1827 1656/1708 1654/1706
f 1773/1827 1772/1826 1774/1828 1775/1829
f 1773/1827 1775/1829 1658/1710 1656/1708
f 1775/1829 1774/1828 1776/1830 1777/1831
f 1775/1829 1777/1831 1660/1712 1658/1710
f 1777/1831 1776/1830 1778/1832 1779/1833
f 1777/1831 1779/1833 1662/1714 1660/1712
f 1779/1833 1778/1832 1780/1834 1781/1835
f 1779/1833 1781/1835 1664/1716 1662/1714
f 1781/1835 1780/1834 1782/1836 1783/1837
f 1781/1835 1783/1837 1666/1718 1664/1716
f 1783/1837 1782/1836 1784/1838 1785/1839
f 1783/1837 1785/1839 1668/1720 1666/1718
f 1785/1839 1784/1838 1786/1840 1787/1841
f 1785/1839 1787/1841 1788/1842 1668/1720
f 1788/1842 1787/1841 1789/1843 1790/1844
f 1788/1842 1790/1844 1673/1725 1671/1723
f 1788/1842 1671/1723 1669/1721 1668/1720
f 1790/1844 1789/1843 1791/1845 1792/1846
f 1790/1844 1792/1846 1675/1727 1673/1725
f 1792/1846 1791/1845 1793/1847 1680/1732
f 1792/1846 1680/1732 1677/1729 1675/1727
f 1793/1847 1791/1845 1794/1848 1795/1849
f 1793/1847 1795/1849 1796/1850 1797/1851
f 1793/1847 1797/1851 1681/1733 1680/1732
f 1797/1851 1796/1850 1798/1852 1799/1853
f 1797/1851 1799/1853 1682/1734 1681/1733
f 1799/1853 1798/1852 1800/1854 1801/1855
f 1799/1853 1801/1855 1684/1736 1682/1734
f 1801/1855 1800/1854 1802/1856 1803/1857
f 1801/1855 1803/1857 1686/1738 1684/1736
f 1803/1857 1802/1856 1804/1858 1691/1743
f 1803/1857 1691/1743 1688/1740 1686/1738
f 1804/1858 1802/1856 1805/1859 1806/1860
f 1804/1858 1806/1860 1807/1861 1694/1746
f 1804/1858 1694/1746 1692/1744 1691/1743
f 1807/1861 1806/1860 1808/1862 1809/1863
f 1807/1861 1809/1863 1810/1864 1811/1865
f 1807/1861 1811/1865 1695/1747 1694/1746
f 1811/1865 1810/1864 1812/1866 1813/1867
f 1811/1865 1813/1867 1696/1748 1695/1747
f 1813/1867 1812/1866 1814/1868 1815/1869
f 1813/1867 1815/1869 1698/1750 1696/1748
f 1815/1869 1814/1868 1816/1870 1817/1871
f 1815/1869 1817/1871 1700/1752 1698/1750
f 1817/1871 1816/1870 1818/1872 1819/1873
f 1817/1871 1819/1873 1702/1754 1700/1752
f 1819/1873 1818/1872 1820/1874 1821/1875
f 1819/1873 1821/1875 1704/1756 1702/1754
f 1821/1875 1820/1874 1822/1876 1823/1877
f 1821/1875 1823/1877 1706/1758 1704/1756
f 1823/1877 1822/1876 1824/1878 1825/1879
f 1823/1877 1825/1879 1708/1760 1706/1758
f 1825/1879 1824/1878 1826/1880 1827/1881
f 1825/1879 1827/1881 1710/1762 1708/1760
f 1827/1881 1826/1880 1828/1882 1829/1883
f 1827/1881 1829/1883 1712/1764 1710/1762
f 1829/1883 1828/1882 1830/1884 1831/1885
f 1829/1883 1831/1885 1714/1766 1712/1764
f 1831/1885 1830/1884 1832/1886 1833/1887
f 1831/1885 1833/1887 1716/1768 1714/1766
f 1833/1887 1832/1886 1834/1888 1835/1889
f 1833/1887 1835/1889 1718/1770 1716/1768
f 1835/1889 1834/1888 1836/1890 1837/1891
f 1835/1889 1837/1891 1720/1772 1718/1770
f 1837/1891 1836/1890 1838/1892 1839/1893
f 1837/1891 1839/1893 1722/1774 1720/1772
f 1839/1893 1838/1892 1840/1894 1841/1895
f 1839/1893 1841/1895 1724/1776 1722/1774
f 1841/1895 1840/1894 1842/1896 1843/1897
f 1841/1895 1843/1897 1726/1778 1724/1776
f 1843/1897 1842/1896 1844/1898 1845/1899
f 1843/1897 1845/1899 1728/1780 1726/1778
f 1845/1899 1844/1898 1846/1900 1847/1901
f 1845/1899 1847/1901 1730/1782 1728/1780
f 1847/1901 1846/1900 1848/1902 1849/1903
f 1847/1901 1849/1903 1732/1784 1730/1782
f 1849/1903 1848/1902 1850/1904 1851/1905
f 1849/1903 1851/1905 1734/1786 1732/1784
f 1851/1906 1850/1907 1852/1908 1853/1909
f 1851/1906 1853/1909 1736/1790 1734/1789
f 1853/1909 1852/1908 1854/1910 1855/1911
f 1853/1909 1855/1911 1738/1792 1736/1790
f 1855/1911 1854/1910 1856/1912 1857/1913
f 1855/1911 1857/1913 1740/1794 1738/1792
f 1857/1913 1856/1912 1858/1914 1859/1915
f 1857/1913 1859/1915 1742/1796 1740/1794
f 1859/1915 1858/1914 1860/1916 1861/1917
f 1859/1915 1861/1917 1744/1798 1742/1796
f 1861/1917 1860/1916 1862/1918 1863/1919
f 1861/1917 1863/1919 1746/1800 1744/1798
f 1863/1919 1862/1918 1864/1920 1865/1921
f 1863/1919 1865/1921 1748/1802 1746/1800
f 1865/1921 1864/1920 1866/1922 1867/1923
f 1865/1921 1867/1923 1750/1804 1748/1802
f 1867/1923 1866/1922 1868/1924 1869/1925
f 1867/1923 1869/1925 1752/1806 1750/1804
f 1869/1925 1868/1924 1870/1926 1871/1927
f 1869/1925 1871/1927 1754/1808 1752/1806
f 1871/1927 1870/1926 1872/1928 1873/1929
f 1871/1927 1873/1929 1756/1810 1754/1808
f 1873/1929 1872/1928 1874/1930 1875/1931
f 1873/1929 1875/1931 1758/1812 1756/1810
f 1875/1931 1874/1930 1876/1932 1877/1933
f 1875/1931 1877/1933 1760/1814 1758/1812
f 1877/1933 1876/1932 1878/1934 1879/1935
f 1877/1933 1879/1935 1762/1816 1760/1814
f 1879/1935 1878/1934 1880/1936 1881/1937
f 1879/1935 1881/1937 1764/1818 1762/1816
f 1881/1937 1880/1936 1882/1938 1883/1939
f 1881/1937 1883/1939 1766/1820 1764/1818
f 1883/1939 1882/1938 1884/1940 1885/1941
f 1883/1939 1885/1941 1768/1822 1766/1820
f 1885/1941 1884/1940 1886/1942 1887/1943
f 1885/1941 1887/1943 1770/1824 1768/1822
f 1887/1943 1886/1942 1888/1944 1889/1945
f 1887/1943 1889/1945 1772/1826 1770/1824
f 1889/1945 1888/1944 1890/1946 1891/1947
f 1889/1945 1891/1947 1774/1828 1772/1826
f 1891/1947 1890/1946 1892/1948 1893/1949
f 1891/1947 1893/1949 1776/1830 1774/1828
f 1893/1949 1892/1948 1894/1950 1895/1951
f 1893/1949 1895/1951 1778/1832 1776/1830
f 1895/1951 1894/1950 1896/1952 1897/1953
f 1895/1951 1897/1953 1780/1834 1778/1832
f 1897/1953 1896/1952 1898/1954 1899/1955
f 1897/1953 1899/1955 1782/1836 1780/1834
f 1899/1955 1898/1954 1900/1956 1901/1957
f 1899/1955 1901/1957 1784/1838 1782/1836
f 1901/1957 1900/1956 1902/1958 1903/1959
f 1901/1957 1903/1959 1786/1840 1784/1838
f 1903/1959 1902/1958 1904/1960 1905/1961
f 1903/1959 1905/1961 1906/1962 1786/1840
f 1906/1962 1905/1961 1907/1963 1794/1848
f 1906/1962 1794/1848 1791/1845 1789/1843
f 1906/1962 1789/1843 1787/1841 1786/1840
f 1907/1963 1905/1961 1904/1960 1908/1964
f 1907/1963 1908/1964 1909/1965 1910/1966
f 1907/1963 1910/1966 1795/1849 1794/1848
f 1910/1966 1909/1965 1911/1967 1912/1968
f 1910/1966 1912/1968 1796/1850 1795/1849
f 1912/1968 1911/1967 1913/1969 1914/1970
f 1912/1968 1914/1970 1798/1852 1796/1850
f 1914/1970 1913/1969 1915/1971 1916/1972
f 1914/1970 1916/1972 1800/1854 1798/1852
f 1916/1972 1915/1971 1917/1973 1805/1859
f 1916/1972 1805/1859 1802/1856 1800/1854
f 1917/1973 1915/1971 1918/1974 1919/1975
f 1917/1973 1919/1975 1920/1976 1808/1862
f 1917/1973 1808/1862 1806/1860 1805/1859
f 1920/1976 1919/1975 1921/1977 1922/1978
f 1920/1976 1922/1978 1923/1979 1924/1980
f 1920/1976 1924/1980 1809/1863 1808/1862
f 1924/1980 1923/1979 1925/1981 1926/1982
f 1924/1980 1926/1982 1810/1864 1809/1863
f 1926/1982 1925/1981 1927/1983 1928/1984
f 1926/1982 1928/1984 1812/1866 1810/1864
f 1928/1984 1927/1983 1929/1985 1930/1986
f 1928/1984 1930/1986 1814/1868 1812/1866
f 1930/1986 1929/1985 1931/1987 1932/1988
f 1930/1986 1932/1988 1816/1870 1814/1868
f 1932/1988 1931/1987 1933/1989 1934/1990
f 1932/1988 1934/1990 1818/1872 1816/1870
f 1934/1990 1933/1989 1935/1991 1936/1992
f 1934/1990 1936/1992 1820/1874 1818/1872
f 1936/1992 1935/1991 1937/1993 1938/1994
f 1936/1992 1938/1994 1822/1876 1820/1874
f 1938/1994 1937/1993 1939/1995 1940/1996
f 1938/1994 1940/1996 1824/1878 1822/1876
f 1940/1996 1939/1995 1941/1997 1942/1998
f 1940/1996 1942/1998 1826/1880 1824/1878
f 1942/1998 1941/1997 1943/1999 1944/2000
f 1942/1998 1944/2000 1828/1882 1826/1880
f 1944/2000 1943/1999 1945/2001 1946/2002
f 1944/2000 1946/2002 1830/1884 1828/1882
f 1946/2002 1945/2001 1947/2003 1948/2004
f 1946/2002 1948/2004 1832/1886 1830/1884
f 1948/2004 1947/2003 1949/2005 1950/2006
f 1948/2004 1950/2006 1834/1888 1832/1886
f 1950/2006 1949/2005 1951/2007 1952/2008
f 1950/2006 1952/2008 1836/1890 1834/1888
f 1952/2008 1951/2007 1953/2009 1954/2010
f 1952/2008 1954/2010 1838/1892 1836/1890
f 1954/2010 1953/2009 1955/2011 1956/2012
f 1954/2010 1956/2012 1840/1894 1838/1892
f 1956/2012 1955/2011 1957/2013 1958/2014
f 1956/2012 1958/2014 1842/1896 1840/1894
f 1958/2014 1957/2013 1959/2015 1960/2016
f 1958/2014 1960/2016 1844/1898 1842/1896
f 1960/2016 1959/2015 1961/2017 1962/2018
f 1960/2016 1962/2018 1846/1900 1844/1898
f 1962/2018 1961/2017 1963/2019 1964/2020
f 1962/2018 1964/2020 1848/1902 1846/1900
f 1964/2020 1963/2019 1965/2021 1966/2022
f 1964/2020 1966/2022 1850/1904 1848/1902
f 1966/2023 1965/2024 1967/2025 1968/2026
f 1966/2023 1968/2026 1852/1908 1850/1907
f 1968/2026 1967/2025 1969/2027 1970/2028
f 1968/2026 1970/2028 1854/1910 1852/1908
f 1970/2028 1969/2027 1971/2029 1972/2030
f 1970/2028 1972/2030 1856/1912 1854/1910
f 1972/2030 1971/2029 1973/2031 1974/2032
f 1972/2030 1974/2032 1858/1914 1856/1912
f 1974/2032 1973/2031 1975/2033 1976/2034
f 1974/2032 1976/2034 1860/1916 1858/1914
f 1976/2034 1975/2033 1977/2035 1978/2036
f 1976/2034 1978/2036 1862/1918 1860/1916
f 1978/2036 1977/2035 1979/2037 1980/2038
f 1978/2036 1980/2038 1864/1920 1862/1918
f 1980/2038 1979/2037 1981/2039 1982/2040
f 1980/2038 1982/2040 1866/1922 1864/1920
f 1982/2040 1981/2039 1983/2041 1984/2042
f 1982/2040 1984/2042 1868/1924 1866/1922
f 1984/2042 1983/2041 1985/2043 1986/2044
f 1984/2042 1986/2044 1870/1926 1868/1924
f 1986/2044 1985/2043 1987/2045 1988/2046
f 1986/2044 1988/2046 1872/1928 1870/1926
f 1988/2046 1987/2045 1989/2047 1990/2048
f 1988/2046 1990/2048 1874/1930 1872/1928
f 1990/2048 1989/2047 1991/2049 1992/2050
f 1990/2048 1992/2050 1876/1932 1874/1930
f 1992/2050 1991/2049 1993/2051 1994/2052
f 1992/2050 1994/2052 1878/1934 1876/1932
f 1994/2052 1993/2051 1995/2053 1996/2054
f 1994/2052 1996/2054 1880/1936 1878/1934
f 1996/2054 1995/2053 1997/2055 1998/2056
f 1996/2054 1998/2056 1882/1938 1880/1936
f 1998/2056 1997/2055 1999/2057 2000/2058
f 1998/2056 2000/2058 1884/1940 1882/1938
f 2000/2058 1999/2057 2001/2059 2002/2060
f 2000/2058 2002/2060 1886/1942 1884/1940
f 2002/2060 2001/2059 2003/2061 2004/2062
f 2002/2060 2004/2062 1888/1944 1886/1942
f 2004/2062 2003/2061 2005/2063 2006/2064
f 2004/2062 2006/2064 1890/1946 1888/1944
f 2006/2064 2005/2063 2007/2065 2008/2066
f 2006/2064 2008/2066 1892/1948 1890/1946
f 2008/2066 2007/2065 2009/2067 2010/2068
f 2008/2066 2010/2068 1894/1950 1892/1948
f 2010/2068 2009/2067 2011/2069 2012/2070
f 2010/2068 2012/2070 1896/1952 1894/1950
f 2012/2070 2011/2069 2013/2071 2014/2072
f 2012/2070 2014/2072 1898/1954 1896/1952
f 2014/2072 2013/2071 2015/2073 2016/2074
f 2014/2072 2016/2074 1900/1956 1898/1954
f 2016/2074 2015/2073 2017/2075 2018/2076
f 2016/2074 2018/2076 1902/1958 1900/1956
f 2018/2076 2017/2075 2019/2077 2020/2078
f 2018/2076 2020/2078 1904/1960 1902/1958
f 2020/2078 2019/2077 2021/2079 2022/2080
f 2020/2078 2022/2080 1908/1964 1904/1960
f 2022/2080 2021/2079 2023/2081 2024/2082
f 2022/2080 2024/2082 1909/1965 1908/1964
f 2024/2082 2023/2081 2025/2083 2026/2084
f 2024/2082 2026/2084 1911/1967 1909/1965
f 2026/2084 2025/2083 2027/2085 2028/2086
f 2026/2084 2028/2086 1913/1969 1911/1967
f 2028/2086 2027/2085 2029/2087 1918/1974
f 2028/2086 1918/1974 1915/1971 1913/1969
f 2029/2087 2027/2085 2030/2088 2031/2089
f 2029/2087 2031/2089 2032/2090 1921/1977
f 2029/2087 1921/1977 1919/1975 1918/1974
f 2032/2090 2031/2089 2033/2091 2034/2092
f 2032/2090 2034/2092 2035/2093 2036/2094
f 2032/2090 2036/2094 1922/1978 1921/1977
f 2036/2094 2035/2093 2037/2095 2038/2096
f 2036/2094 2038/2096 1923/1979 1922/1978
f 2038/2096 2037/2095 2039/2097 2040/2098
f 2038/2096 2040/2098 1925/1981 1923/1979
f 2040/2098 2039/2097 2041/2099 2042/2100
f 2040/2098 2042/2100 1927/1983 1925/1981
f 2042/2100 2041/2099 2043/2101 2044/2102
f 2042/2100 2044/2102 1929/1985 1927/1983
f 2044/2102 2043/2101 2045/2103 2046/2104
f 2044/2102 2046/2104 1931/1987 1929/1985
f 2046/2104 2045/2103 2047/2105 2048/2106
f 2046/2104 2048/2106 1933/1989 1931/1987
f 2048/2106 2047/2105 2049/2107 2050/2108
f 2048/2106 2050/2108 1935/1991 1933/1989
f 2050/2108 2049/2107 2051/2109 2052/2110
f 2050/2108 2052/2110 1937/1993 1935/1991
f 2052/2110 2051/2109 2053/2111 2054/2112
f 2052/2110 2054/2112 1939/1995 1937/1993
f 2054/2112 2053/2111 2055/2113 2056/2114
f 2054/2112 2056/2114 1941/1997 1939/1995
f 2056/2114 2055/2113 2057/2115 2058/2116
f 2056/2114 2058/2116 1943/1999 1941/1997
f 2058/2116 2057/2115 2059/2117 2060/2118
f 2058/2116 2060/2118 1945/2001 1943/1999
f 2060/2118 2059/2117 2061/2119 2062/2120
f 2060/2118 2062/2120 1947/2003 1945/2001
f 2062/2120 2061/2119 2063/2121 2064/2122
f 2062/2120 2064/2122 1949/2005 1947/2003
f 2064/2122 2063/2121 2065/2123 2066/2124
f 2064/2122 2066/2124 1951/2007 1949/2005
f 2066/2124 2065/2123 2067/2125 2068/2126
f 2066/2124 2068/2126 1953/2009 1951/2007
f 2068/2126 2067/2125 2069/2127 2070/2128
f 2068/2126 2070/2128 1955/2011 1953/2009
f 2070/2128 2069/2127 2071/2129 2072/2130
f 2070/2128 2072/2130 1957/2013 1955/2011
f 2072/2130 2071/2129 2073/2131 2074/2132
f 2072/2130 2074/2132 1959/2015 1957/2013
f 2074/2132 2073/2131 2075/2133 2076/2134
f 2074/2132 2076/2134 1961/2017 1959/2015
f 2076/2134 2075/2133 2077/2135 2078/2136
f 2076/2134 2078/2136 1963/2019 1961/2017
f 2078/2136 2077/2135 2079/2137 2080/2138
f 2078/2136 2080/2138 1965/2021 1963/2019
f 2080/2139 2079/2140 2081/2141 2082/2142
f 2080/2139 2082/2142 1967/2025 1965/2024
f 2082/2142 2081/2141 2083/2143 2084/2144
f 2082/2142 2084/2144 1969/2027 1967/2025
f 2084/2144 2083/2143 2085/2145 2086/2146
f 2084/2144 2086/2146 1971/2029 1969/2027
f 2086/2146 2085/2145 2087/2147 2088/2148
f 2086/2146 2088/2148 1973/2031 1971/2029
f 2088/2148 2087/2147 2089/2149 2090/2150
f 2088/2148 2090/2150 1975/2033 1973/2031
f 2090/2150 2089/2149 2091/2151 2092/2152
f 2090/2150 2092/2152 1977/2035 1975/2033
f 2092/2152 2091/2151 2093/2153 2094/2154
f 2092/2152 2094/2154 1979/2037 1977/2035
f 2094/2154 2093/2153 2095/2155 2096/2156
f 2094/2154 2096/2156 1981/2039 1979/2037
f 2096/2156 2095/2155 2097/2157 2098/2158
f 2096/2156 2098/2158 1983/2041 1981/2039
f 2098/2158 2097/2157 2099/2159 2100/2160
f 2098/2158 2100/2160 1985/2043 1983/2041
f 2100/2160 2099/2159 2101/2161 2102/2162
f 2100/2160 2102/2162 1987/2045 1985/2043
f 2102/2162 2101/2161 2103/2163 2104/2164
f 2102/2162 2104/2164 1989/2047 1987/2045
f 2104/2164 2103/2163 2105/2165 2106/2166
f 2104/2164 2106/2166 1991/2049 1989/2047
f 2106/2166 2105/2165 2107/2167 2108/2168
f 2106/2166 2108/2168 1993/2051 1991/2049
f 2108/2168 2107/2167 2109/2169 2110/2170
f 2108/2168 2110/2170 1995/2053 1993/2051
f 2110/2170 2109/2169 2111/2171 2112/2172
f 2110/2170 2112/2172 1997/2055 1995/2053
f 2112/2172 2111/2171 2113/2173 2114/2174
f 2112/2172 2114/2174 1999/2057 1997/2055
f 2114/2174 2113/2173 2115/2175 2116/2176
f 2114/2174 2116/2176 2001/2059 1999/2057
f 2116/2176 2115/2175 2117/2177 2118/2178
f 2116/2176 2118/2178 2003/2061 2001/2059
f 2118/2178 2117/2177 2119/2179 2120/2180
f 2118/2178 2120/2180 2005/2063 2003/2061
f 2120/2180 2119/2179 2121/2181 2122/2182
f 2120/2180 2122/2182 2007/2065 2005/2063
f 2122/2182 2121/2181 2123/2183 2124/2184
f 2122/2182 2124/2184 2009/2067 2007/2065
f 2124/2184 2123/2183 2125/2185 2126/2186
f 2124/2184 2126/2186 2011/2069 2009/2067
f 2126/2186 2125/2185 2127/2187 2128/2188
f 2126/2186 2128/2188 2013/2071 2011/2069
f 2128/2188 2127/2187 2129/2189 2130/2190
f 2128/2188 2130/2190 2015/2073 2013/2071
f 2130/2190 2129/2189 2131/2191 2132/2192
f 2130/2190 2132/2192 2017/2075 2015/2073
f 2132/2192 2131/2191 2133/2193 2134/2194
f 2132/2192 2134/2194 2019/2077 2017/2075
f 2134/2194 2133/2193 2135/2195 2136/2196
f 2134/2194 2136/2196 2021/2079 2019/2077
f 2136/2196 2135/2195 2137/2197 2138/2198
f 2136/2196 2138/2198 2023/2081 2021/2079
f 2138/2198 2137/2197 2139/2199 2140/2200
f 2138/2198 2140/2200 2025/2083 2023/2081
f 2140/2200 2139/2199 2141/2201 2030/2088
f 2140/2200 2030/2088 2027/2085 2025/2083
f 2141/2201 2139/2199 2142/2202 2143/2203
f 2141/2201 2143/2203 2144/2204 2033/2091
f 2141/2201 2033/2091 2031/2089 2030/2088
f 2144/2204 2143/2203 2145/2205 2146/2206
f 2144/2204 2146/2206 2147/2207 2148/2208
f 2144/2204 2148/2208 2034/2092 2033/2091
f 2148/2208 2147/2207 2149/2209 2150/2210
f 2148/2208 2150/2210 2035/2093 2034/2092
f 2150/2210 2149/2209 2151/2211 2152/2212
f 2150/2210 2152/2212 2037/2095 2035/2093
f 2152/2212 2151/2211 2153/2213 2154/2214
f 2152/2212 2154/2214 2039/2097 2037/2095
f 2154/2214 2153/2213 2155/2215 2156/2216
f 2154/2214 2156/2216 2041/2099 2039/2097
f 2156/2216 2155/2215 2157/2217 2158/2218
f 2156/2216 2158/2218 2043/2101 2041/2099
f 2158/2218 2157/2217 2159/2219 2160/2220
f 2158/2218 2160/2220 2045/2103 2043/2101
f 2160/2220 2159/2219 2161/2221 2162/2222
f 2160/2220 2162/2222 2047/2105 2045/2103
f 2162/2222 2161/2221 2163/2223 2164/2224
f 2162/2222 2164/2224 2049/2107 2047/2105
f 2164/2224 2163/2223 2165/2225 2166/2226
f 2164/2224 2166/2226 2051/2109 2049/2107
f 2166/2226 2165/2225 2167/2227 2168/2228
f 2166/2226 2168/2228 2053/2111 2051/2109
f 2168/2228 2167/2227 2169/2229 2170/2230
f 2168/2228 2170/2230 2055/2113 2053/2111
f 2170/2230 2169/2229 2171/2231 2172/2232
f 2170/2230 2172/2232 2057/2115 2055/2113
f 2172/2232 2171/2231 2173/2233 2174/2234
f 2172/2232 2174/2234 2059/2117 2057/2115
f 2174/2234 2173/2233 2175/2235 2176/2236
f 2174/2234 2176/2236 2061/2119 2059/2117
f 2176/2236 2175/2235 2177/2237 2178/2238
f 2176/2236 2178/2238 2063/2121 2061/2119
f 2178/2238 2177/2237 2179/2239 2180/2240
f 2178/2238 2180/2240 2065/2123 2063/2121
f 2180/2240 2179/2239 2181/2241 2182/2242
f 2180/2240 2182/2242 2067/2125 2065/2123
f 2182/2242 2181/2241 2183/2243 2184/2244
f 2182/2242 2184/2244 2069/2127 2067/2125
f 2184/2244 2183/2243 2185/2245 2186/2246
f 2184/2244 2186/2246 2071/2129 2069/2127
f 2186/2246 2185/2245 2187/2247 2188/2248
f 2186/2246 2188/2248 2073/2131 2071/2129
f 2188/2248 2187/2247 2189/2249 2190/2250
f 2188/2248 2190/2250 2075/2133 2073/2131
f 2190/2250 2189/2249 2191/2251 2192/2252
f 2190/2250 2192/2252 2077/2135 2075/2133
f 2192/2252 2191/2251 2193/2253 2194/2254
f 2192/2252 2194/2254 2079/2137 2077/2135
f 2194/2255 2193/2256 2195/2257 2196/2258
f 2194/2255 2196/2258 2081/2141 2079/2140
f 2196/2258 2195/2257 2197/2259 2198/2260
f 2196/2258 2198/2260 2083/2143 2081/2141
f 2198/2260 2197/2259 2199/2261 2200/2262
f 2198/2260 2200/2262 2085/2145 2083/2143
f 2200/2262 2199/2261 2201/2263 2202/2264
f 2200/2262 2202/2264 2087/2147 2085/2145
f 2202/2264 2201/2263 2203/2265 2204/2266
f 2202/2264 2204/2266 2089/2149 2087/2147
f 2204/2266 2203/2265 2205/2267 2206/2268
f 2204/2266 2206/2268 2091/2151 2089/2149
f 2206/2268 2205/2267 2207/2269 2208/2270
f 2206/2268 2208/2270 2093/2153 2091/2151
f 2208/2270 2207/2269 2209/2271 2210/2272
f 2208/2270 2210/2272 2095/2155 2093/2153
f 2210/2272 2209/2271 2211/2273 2212/2274
f 2210/2272 2212/2274 2097/2157 2095/2155
f 2212/2274 2211/2273 2213/2275 2214/2276
f 2212/2274 2214/2276 2099/2159 2097/2157
f 2214/2276 2213/2275 2215/2277 2216/2278
f 2214/2276 2216/2278 2101/2161 2099/2159
f 2216/2278 2215/2277 2217/2279 2218/2280
f 2216/2278 2218/2280 2103/2163 2101/2161
f 2218/2280 2217/2279 2219/2281 2220/2282
f 2218/2280 2220/2282 2105/2165 2103/2163
f 2220/2282 2219/2281 2221/2283 2222/2284
f 2220/2282 2222/2284 2107/2167 2105/2165
f 2222/2284 2221/2283 2223/2285 2224/2286
f 2222/2284 2224/2286 2109/2169 2107/2167
f 2224/2286 2223/2285 2225/2287 2226/2288
f 2224/2286 2226/2288 2111/2171 2109/2169
f 2226/2288 2225/2287 2227/2289 2228/2290
f 2226/2288 2228/2290 2113/2173 2111/2171
f 2228/2290 2227/2289 2229/2291 2230/2292
f 2228/2290 2230/2292 2115/2175 2113/2173
f 2230/2292 2229/2291 2231/2293 2232/2294
f 2230/2292 2232/2294 2117/2177 2115/2175
f 2232/2294 2231/2293 2233/2295 2234/2296
f 2232/2294 2234/2296 2119/2179 2117/2177
f 2234/2296 2233/2295 2235/2297 2236/2298
f 2234/2296 2236/2298 2121/2181 2119/2179
f 2236/2298 2235/2297 2237/2299 2238/2300
f 2236/2298 2238/2300 2123/2183 2121/2181
f 2238/2300 2237/2299 2239/2301 2240/2302
f 2238/2300 2240/2302 2125/2185 2123/2183
f 2240/2302 2239/2301 2241/2303 2242/2304
f 2240/2302 2242/2304 2127/2187 2125/2185
f 2242/2304 2241/2303 2243/2305 2244/2306
f 2242/2304 2244/2306 2129/2189 2127/2187
f 2244/2306 2243/2305 2245/2307 2246/2308
f 2244/2306 2246/2308 2131/2191 2129/2189
f 2246/2308 2245/2307 2247/2309 2248/2310
f 2246/2308 2248/2310 2133/2193 2131/2191
f 2248/2310 2247/2309 2249/2311 2250/2312
f 2248/2310 2250/2312 2135/2195 2133/2193
f 2250/2312 2249/2311 2251/2313 2252/2314
f 2250/2312 2252/2314 2137/2197 2135/2195
f 2252/2314 2251/2313 2253/2315 2142/2202
f 2252/2314 2142/2202 2139/2199 2137/2197
f 2253/2315 2251/2313 2254/2316 2255/2317
f 2253/2315 2255/2317 2256/2318 2145/2205
f 2253/2315 2145/2205 2143/2203 2142/2202
f 2256/2318 2255/2317 2257/2319 2258/2320
f 2256/2318 2258/2320 2259/2321 2260/2322
f 2256/2318 2260/2322 2146/2206 2145/2205
f 2260/2322 2259/2321 2261/2323 2262/2324
f 2260/2322 2262/2324 2147/2207 2146/2206
f 2262/2324 2261/2323 2263/2325 2264/2326
f 2262/2324 2264/2326 2149/2209 2147/2207
f 2264/2326 2263/2325 2265/2327 2266/2328
f 2264/2326 2266/2328 2151/2211 2149/2209
f 2266/2328 2265/2327 2267/2329 2268/2330
f 2266/2328 2268/2330 2153/2213 2151/2211
f 2268/2330 2267/2329 2269/2331 2270/2332
f 2268/2330 2270/2332 2155/2215 2153/2213
f 2270/2332 2269/2331 2271/2333 2272/2334
f 2270/2332 2272/2334 2157/2217 2155/2215
f 2272/2334 2271/2333 2273/2335 2274/2336
f 2272/2334 2274/2336 2159/2219 2157/2217
f 2274/2336 2273/2335 2275/2337 2276/2338
f 2274/2336 2276/2338 2161/2221 2159/2219
f 2276/2338 2275/2337 2277/2339 2278/2340
f 2276/2338 2278/2340 2163/2223 2161/2221
f 2278/2340 2277/2339 2279/2341 2280/2342
f 2278/2340 2280/2342 2165/2225 2163/2223
f 2280/2342 2279/2341 2281/2343 2282/2344
f 2280/2342 2282/2344 2167/2227 2165/2225
f 2282/2344 2281/2343 2283/2345 2284/2346
f 2282/2344 2284/2346 2169/2229 2167/2227
f 2284/2346 2283/2345 2285/2347 2286/2348
f 2284/2346 2286/2348 2171/2231 2169/2229
f 2286/2348 2285/2347 2287/2349 2288/2350
f 2286/2348 2288/2350 2173/2233 2171/2231
f 2288/2350 2287/2349 2289/2351 2290/2352
f 2288/2350 2290/2352 2175/2235 2173/2233
f 2290/2352 2289/2351 2291/2353 2292/2354
f 2290/2352 2292/2354 2177/2237 2175/2235
f 2292/2354 2291/2353 2293/2355 2294/2356
f 2292/2354 2294/2356 2179/2239 2177/2237
f 2294/2356 2293/2355 2295/2357 2296/2358
f 2294/2356 2296/2358 2181/2241 2179/2239
f 2296/2358 2295/2357 2297/2359 2298/2360
f 2296/2358 2298/2360 2183/2243 2181/2241
f 2298/2360 2297/2359 2299/2361 2300/2362
f 2298/2360 2300/2362 2185/2245 2183/2243
f 2300/2362 2299/2361 2301/2363 2302/2364
f 2300/2362 2302/2364 2187/2247 2185/2245
f 2302/2364 2301/2363 2303/2365 2304/2366
f 2302/2364 2304/2366 2189/2249 2187/2247
f 2304/2366 2303/2365 2305/2367 2306/2368
f 2304/2366 2306/2368 2191/2251 2189/2249
f 2306/2368 2305/2367 2307/2369 2308/2370
f 2306/2368 2308/2370 2193/2253 2191/2251
f 2308/2371 2307/2372 2309/2373 2310/2374
f 2308/2371 2310/2374 2195/2257 2193/2256
f 2310/2374 2309/2373 2311/2375 2312/2376
f 2310/2374 2312/2376 2197/2259 2195/2257
f 2312/2376 2311/2375 2313/2377 2314/2378
f 2312/2376 2314/2378 2199/2261 2197/2259
f 2314/2378 2313/2377 2315/2379 2316/2380
f 2314/2378 2316/2380 2201/2263 2199/2261
f 2316/2380 2315/2379 2317/2381 2318/2382
f 2316/2380 2318/2382 2203/2265 2201/2263
f 2318/2382 2317/2381 2319/2383 2320/2384
f 2318/2382 2320/2384 2205/2267 2203/2265
f 2320/2384 2319/2383 2321/2385 2322/2386
f 2320/2384 2322/2386 2207/2269 2205/2267
f 2322/2386 2321/2385 2323/2387 2324/2388
f 2322/2386 2324/2388 2209/2271 2207/2269
f 2324/2388 2323/2387 2325/2389 2326/2390
f 2324/2388 2326/2390 2211/2273 2209/2271
f 2326/2390 2325/2389 2327/2391 2328/2392
f 2326/2390 2328/2392 2213/2275 2211/2273
f 2328/2392 2327/2391 2329/2393 2330/2394
f 2328/2392 2330/2394 2215/2277 2213/2275
f 2330/2394 2329/2393 2331/2395 2332/2396
f 2330/2394 2332/2396 2217/2279 2215/2277
f 2332/2396 2331/2395 2333/2397 2334/2398
f 2332/2396 2334/2398 2219/2281 2217/2279
f 2334/2398 2333/2397 2335/2399 2336/2400
f 2334/2398 2336/2400 2221/2283 2219/2281
f 2336/2400 2335/2399 2337/2401 2338/2402
f 2336/2400 2338/2402 2223/2285 2221/2283
f 2338/2402 2337/2401 2339/2403 2340/2404
f 2338/2402 2340/2404 2225/2287 2223/2285
f 2340/2404 2339/2403 2341/2405 2342/2406
f 2340/2404 2342/2406 2227/2289 2225/2287
f 2342/2406 2341/2405 2343/2407 2344/2408
f 2342/2406 2344/2408 2229/2291 2227/2289
f 2344/2408 2343/2407 2345/2409 2346/2410
f 2344/2408 2346/2410 2231/2293 2229/2291
f 2346/2410 2345/2409 2347/2411 2348/2412
f 2346/2410 2348/2412 2233/2295 2231/2293
f 2348/2412 2347/2411 2349/2413 2350/2414
f 2348/2412 2350/2414 2235/2297 2233/2295
f 2350/2414 2349/2413 2351/2415 2352/2416
f 2350/2414 2352/2416 2237/2299 2235/2297
f 2352/2416 2351/2415 2353/2417 2354/2418
f 2352/2416 2354/2418 2239/2301 2237/2299
f 2354/2418 2353/2417 2355/2419 2356/2420
f 2354/2418 2356/2420 2241/2303 2239/2301
f 2356/2420 2355/2419 2357/2421 2358/2422
f 2356/2420 2358/2422 2243/2305 2241/2303
f 2358/2422 2357/2421 2359/2423 2360/2424
f 2358/2422 2360/2424 2245/2307 2243/2305
f 2360/2424 2359/2423 2361/2425 2362/2426
f 2360/2424 2362/2426 2247/2309 2245/2307
f 2362/2426 2361/2425 2363/2427 2364/2428
f 2362/2426 2364/2428 2249/2311 2247/2309
f 2364/2428 2363/2427 2365/2429 2254/2316
f 2364/2428 2254/2316 2251/2313 2249/2311
f 2365/2429 2363/2427 2366/2430 2367/2431
f 2365/2429 2367/2431 2368/2432 2257/2319
f 2365/2429 2257/2319 2255/2317 2254/2316
f 2368/2432 2367/2431 2369/2433 2370/2434
f 2368/2432 2370/2434 2371/2435 2372/2436
f 2368/2432 2372/2436 2258/2320 2257/2319
f 2372/2436 2371/2435 2373/2437 2374/2438
f 2372/2436 2374/2438 2259/2321 2258/2320
f 2374/2438 2373/2437 2375/2439 2376/2440
f 2374/2438 2376/2440 2261/2323 2259/2321
f 2376/2440 2375/2439 2377/2441 2378/2442
f 2376/2440 2378/2442 2263/2325 2261/2323
f 2378/2442 2377/2441 2379/2443 2380/2444
f 2378/2442 2380/2444 2265/2327 2263/2325
f 2380/2444 2379/2443 2381/2445 2382/2446
f 2380/2444 2382/2446 2267/2329 2265/2327
f 2382/2446 2381/2445 2383/2447 2384/2448
f 2382/2446 2384/2448 2269/2331 2267/2329
f 2384/2448 2383/2447 2385/2449 2386/2450
f 2384/2448 2386/2450 2271/2333 2269/2331
f 2386/2450 2385/2449 2387/2451 2388/2452
f 2386/2450 2388/2452 2273/2335 2271/2333
f 2388/2452 2387/2451 2389/2453 2390/2454
f 2388/2452 2390/2454 2275/2337 2273/2335
f 2390/2454 2389/2453 2391/2455 2392/2456
f 2390/2454 2392/2456 2277/2339 2275/2337
f 2392/2456 2391/2455 2393/2457 2394/2458
f 2392/2456 2394/2458 2279/2341 2277/2339
f 2394/2458 2393/2457 2395/2459 2396/2460
f 2394/2458 2396/2460 2281/2343 2279/2341
f 2396/2460 2395/2459 2397/2461 2398/2462
f 2396/2460 2398/2462 2283/2345 2281/2343
f 2398/2462 2397/2461 2399/2463 2400/2464
f 2398/2462 2400/2464 2285/2347 2283/2345
f 2400/2464 2399/2463 2401/2465 2402/2466
f 2400/2464 2402/2466 2287/2349 2285/2347
f 2402/2466 2401/2465 2403/2467 2404/2468
f 2402/2466 2404/2468 2289/2351 2287/2349
f 2404/2468 2403/2467 2405/2469 2406/2470
f 2404/2468 2406/2470 2291/2353 2289/2351
f 2406/2470 2405/2469 2407/2471 2408/2472
f 2406/2470 2408/2472 2293/2355 2291/2353
f 2408/2472 2407/2471 2409/2473 2410/2474
f 2408/2472 2410/2474 2295/2357 2293/2355
f 2410/2474 2409/2473 2411/2475 2412/2476
f 2410/2474 2412/2476 2297/2359 2295/2357
f 2412/2476 2411/2475 2413/2477 2414/2478
f 2412/2476 2414/2478 2299/2361 2297/2359
f 2414/2478 2413/2477 2415/2479 2416/2480
f 2414/2478 2416/2480 2301/2363 2299/2361
f 2416/2480 2415/2479 2417/2481 2418/2482
f 2416/2480 2418/2482 2303/2365 2301/2363
f 2418/2482 2417/2481 2419/2483 2420/2484
f 2418/2482 2420/2484 2305/2367 2303/2365
f 2420/2484 2419/2483 2421/2485 2422/2486
f 2420/2484 2422/2486 2307/2369 2305/2367
f 2422/2487 2421/2488 2423/2489 2424/2490
f 2422/2487 2424/2490 2309/2373 2307/2372
f 2424/2490 2423/2489 2425/2491 2426/2492
f 2424/2490 2426/2492 2311/2375 2309/2373
f 2426/2492 2425/2491 2427/2493 2428/2494
f 2426/2492 2428/2494 2313/2377 2311/2375
f 2428/2494 2427/2493 2429/2495 2430/2496
f 2428/2494 2430/2496 2315/2379 2313/2377
f 2430/2496 2429/2495 2431/2497 2432/2498
f 2430/2496 2432/2498 2317/2381 2315/2379
f 2432/2498 2431/2497 2433/2499 2434/2500
f 2432/2498 2434/2500 2319/2383 2317/2381
f 2434/2500 2433/2499 2435/2501 2436/2502
f 2434/2500 2436/2502 2321/2385 2319/2383
f 2436/2502 2435/2501 2437/2503 2438/2504
f 2436/2502 2438/2504 2323/2387 2321/2385
f 2438/2504 2437/2503 2439/2505 2440/2506
f 2438/2504 2440/2506 2325/2389 2323/2387
f 2440/2506 2439/2505 2441/2507 2442/2508
f 2440/2506 2442/2508 2327/2391 2325/2389
f 2442/2508 2441/2507 2443/2509 2444/2510
f 2442/2508 2444/2510 2329/2393 2327/2391
f 2444/2510 2443/2509 2445/2511 2446/2512
f 2444/2510 2446/2512 2331/2395 2329/2393
f 2446/2512 2445/2511 2447/2513 2448/2514
f 2446/2512 2448/2514 2333/2397 2331/2395
f 2448/2514 2447/2513 2449/2515 2450/2516
f 2448/2514 2450/2516 2335/2399 2333/2397
f 2450/2516 2449/2515 2451/2517 2452/2518
f 2450/2516 2452/2518 2337/2401 2335/2399
f 2452/2518 2451/2517 2453/2519 2454/2520
f 2452/2518 2454/2520 2339/2403 2337/2401
f 2454/2520 2453/2519 2455/2521 2456/2522
f 2454/2520 2456/2522 2341/2405 2339/2403
f 2456/2522 2455/2521 2457/2523 2458/2524
f 2456/2522 2458/2524 2343/2407 2341/2405
f 2458/2524 2457/2523 2459/2525 2460/2526
f 2458/2524 2460/2526 2345/2409 2343/2407
f 2460/2526 2459/2525 2461/2527 2462/2528
f 2460/2526 2462/2528 2347/2411 2345/2409
f 2462/2528 2461/2527 2463/2529 2464/2530
f 2462/2528 2464/2530 2349/2413 2347/2411
f 2464/2530 2463/2529 2465/2531 2466/2532
f 2464/2530 2466/2532 2351/2415 2349/2413
f 2466/2532 2465/2531 2467/2533 2468/2534
f 2466/2532 2468/2534 2353/2417 2351/2415
f 2468/2534 2467/2533 2469/2535 2470/2536
f 2468/2534 2470/2536 2355/2419 2353/2417
f 2470/2536 2469/2535 2471/2537 2472/2538
f 2470/2536 2472/2538 2357/2421 2355/2419
f 2472/2538 2471/2537 2473/2539 2474/2540
f 2472/2538 2474/2540 2359/2423 2357/2421
f 2474/2540 2473/2539 2475/2541 2476/2542
f 2474/2540 2476/2542 2361/2425 2359/2423
f 2476/2542 2475/2541 2477/2543 2366/2430
f 2476/2542 2366/2430 2363/2427 2361/2425
f 2477/2543 2475/2541 2478/2544 2479/2545
f 2477/2543 2479/2545 2480/2546 2369/2433
f 2477/2543 2369/2433 2367/2431 2366/2430
f 2480/2546 2479/2545 2481/2547 2482/2548
f 2480/2546 2482/2548 2483/2549 2484/2550
f 2480/2546 2484/2550 2370/2434 2369/2433
f 2484/2550 2483/2549 2485/2551 2486/2552
f 2484/2550 2486/2552 2371/2435 2370/2434
f 2486/2552 2485/2551 2487/2553 2488/2554
f 2486/2552 2488/2554 2373/2437 2371/2435
f 2488/2554 2487/2553 2489/2555 2490/2556
f 2488/2554 2490/2556 2375/2439 2373/2437
f 2490/2556 2489/2555 2491/2557 2492/2558
f 2490/2556 2492/2558 2377/2441 2375/2439
f 2492/2558 2491/2557 2493/2559 2494/2560
f 2492/2558 2494/2560 2379/2443 2377/2441
f 2494/2560 2493/2559 2495/2561 2496/2562
f 2494/2560 2496/2562 2381/2445 2379/2443
f 2496/2562 2495/2561 2497/2563 2498/2564
f 2496/2562 2498/2564 2383/2447 2381/2445
f 2498/2564 2497/2563 2499/2565 2500/2566
f 2498/2564 2500/2566 2385/2449 2383/2447
f 2500/2566 2499/2565 2501/2567 2502/2568
f 2500/2566 2502/2568 2387/2451 2385/2449
f 2502/2568 2501/2567 2503/2569 2504/2570
f 2502/2568 2504/2570 2389/2453 2387/2451
f 2504/2570 2503/2569 2505/2571 2506/2572
f 2504/2570 2506/2572 2391/2455 2389/2453
f 2506/2572 2505/2571 2507/2573 2508/2574
f 2506/2572 2508/2574 2393/2457 2391/2455
f 2508/2574 2507/2573 2509/2575 2510/2576
f 2508/2574 2510/2576 2395/2459 2393/2457
f 2510/2576 2509/2575 2511/2577 2512/2578
f 2510/2576 2512/2578 2397/2461 2395/2459
f 2512/2578 2511/2577 2513/2579 2514/2580
f 2512/2578 2514/2580 2399/2463 2397/2461
f 2514/2580 2513/2579 2515/2581 2516/2582
f 2514/2580 2516/2582 2401/2465 2399/2463
f 2516/2582 2515/2581 2517/2583 2518/2584
f 2516/2582 2518/2584 2403/2467 2401/2465
f 2518/2584 2517/2583 2519/2585 2520/2586
f 2518/2584 2520/2586 2405/2469 2403/2467
f 2520/2586 2519/2585 2521/2587 2522/2588
f 2520/2586 2522/2588 2407/2471 2405/2469
f 2522/2588 2521/2587 2523/2589 2524/2590
f 2522/2588 2524/2590 2409/2473 2407/2471
f 2524/2590 2523/2589 2525/2591 2526/2592
f 2524/2590 2526/2592 2411/2475 2409/2473
f 2526/2592 2525/2591 2527/2593 2528/2594
f 2526/2592 2528/2594 2413/2477 2411/2475
f 2528/2594 2527/2593 2529/2595 2530/2596
f 2528/2594 2530/2596 2415/2479 2413/2477
f 2530/2596 2529/2595 2531/2597 2532/2598
f 2530/2596 2532/2598 2417/2481 2415/2479
f 2532/2598 2531/2597 2533/2599 2534/2600
f 2532/2598 2534/2600 2419/2483 2417/2481
f 2534/2600 2533/2599 2535/2601 2536/2602
f 2534/2600 2536/2602 2421/2485 2419/2483
f 2536/2603 2535/2604 2537/2605 2538/2606
f 2536/2603 2538/2606 2423/2489 2421/2488
f 2538/2606 2537/2605 2539/2607 2540/2608
f 2538/2606 2540/2608 2425/2491 2423/2489
f 2540/2608 2539/2607 2541/2609 2542/2610
f 2540/2608 2542/2610 2427/2493 2425/2491
f 2542/2610 2541/2609 2543/2611 2544/2612
f 2542/2610 2544/2612 2429/2495 2427/2493
f 2544/2612 2543/2611 2545/2613 2546/2614
f 2544/2612 2546/2614 2431/2497 2429/2495
f 2546/2614 2545/2613 2547/2615 2548/2616
f 2546/2614 2548/2616 2433/2499 2431/2497
f 2548/2616 2547/2615 2549/2617 2550/2618
f 2548/2616 2550/2618 2435/2501 2433/2499
f 2550/2618 2549/2617 2551/2619 2552/2620
f 2550/2618 2552/2620 2437/2503 2435/2501
f 2552/2620 2551/2619 2553/2621 2554/2622
f 2552/2620 2554/2622 2439/2505 2437/2503
f 2554/2622 2553/2621 2555/2623 2556/2624
f 2554/2622 2556/2624 2441/2507 2439/2505
f 2556/2624 2555/2623 2557/2625 2558/2626
f 2556/2624 2558/2626 2443/2509 2441/2507
f 2558/2626 2557/2625 2559/2627 2560/2628
f 2558/2626 2560/2628 2445/2511 2443/2509
f 2560/2628 2559/2627 2561/2629 2562/2630
f 2560/2628 2562/2630 2447/2513 2445/2511
f 2562/2630 2561/2629 2563/2631 2564/2632
f 2562/2630 2564/2632 2449/2515 2447/2513
f 2564/2632 2563/2631 2565/2633 2566/2634
f 2564/2632 2566/2634 2451/2517 2449/2515
f 2566/2634 2565/2633 2567/2635 2568/2636
f 2566/2634 2568/2636 2453/2519 2451/2517
f 2568/2636 2567/2635 2569/2637 2570/2638
f 2568/2636 2570/2638 2455/2521 2453/2519
f 2570/2638 2569/2637 2571/2639 2572/2640
f 2570/2638 2572/2640 2457/2523 2455/2521
f 2572/2640 2571/2639 2573/2641 2574/2642
f 2572/2640 2574/2642 2459/2525 2457/2523
f 2574/2642 2573/2641 2575/2643 2576/2644
f 2574/2642 2576/2644 2461/2527 2459/2525
f 2576/2644 2575/2643 2577/2645 2578/2646
f 2576/2644 2578/2646 2463/2529 2461/2527
f 2578/2646 2577/2645 2579/2647 2580/2648
f 2578/2646 2580/2648 2465/2531 2463/2529
f 2580/2648 2579/2647 2581/2649 2582/2650
f 2580/2648 2582/2650 2467/2533 2465/2531
f 2582/2650 2581/2649 2583/2651 2584/2652
f 2582/2650 2584/2652 2469/2535 2467/2533
f 2584/2652 2583/2651 2585/2653 2586/2654
f 2584/2652 2586/2654 2471/2537 2469/2535
f 2586/2654 2585/2653 2587/2655 2588/2656
f 2586/2654 2588/2656 2473/2539 2471/2537
f 2588/2656 2587/2655 2589/2657 2478/2544
f 2588/2656 2478/2544 2475/2541 2473/2539
f 2589/2657 2587/2655 2590/2658 2591/2659
f 2589/2657 2591/2659 2592/2660 2481/2547
f 2589/2657 2481/2547 2479/2545 2478/2544
f 2592/2660 2591/2659 2593/2661 2594/2662
f 2592/2660 2594/2662 2595/2663 2596/2664
f 2592/2660 2596/2664 2482/2548 2481/2547
f 2596/2664 2595/2663 2597/2665 2598/2666
f 2596/2664 2598/2666 2483/2549 2482/2548
f 2598/2666 2597/2665 2599/2667 2600/2668
f 2598/2666 2600/2668 2485/2551 2483/2549
f 2600/2668 2599/2667 2601/2669 2602/2670
f 2600/2668 2602/2670 2487/2553 2485/2551
f 2602/2670 2601/2669 2603/2671 2604/2672
f 2602/2670 2604/2672 2489/2555 2487/2553
f 2604/2672 2603/2671 2605/2673 2606/2674
f 2604/2672 2606/2674 2491/2557 2489/2555
f 2606/2674 2605/2673 2607/2675 2608/2676
f 2606/2674 2608/2676 2493/2559 2491/2557
f 2608/2676 2607/2675 2609/2677 2610/2678
f 2608/2676 2610/2678 2495/2561 2493/2559
f 2610/2678 2609/2677 2611/2679 2612/2680
f 2610/2678 2612/2680 2497/2563 2495/2561
f 2612/2680 2611/2679 2613/2681 2614/2682
f 2612/2680 2614/2682 2499/2565 2497/2563
f 2614/2682 2613/2681 2615/2683 2616/2684
f 2614/2682 2616/2684 2501/2567 2499/2565
f 2616/2684 2615/2683 2617/2685 2618/2686
f 2616/2684 2618/2686 2503/2569 2501/2567
f 2618/2686 2617/2685 2619/2687 2620/2688
f 2618/2686 2620/2688 2505/2571 2503/2569
f 2620/2688 2619/2687 2621/2689 2622/2690
f 2620/2688 2622/2690 2507/2573 2505/2571
f 2622/2690 2621/2689 2623/2691 2624/2692
f 2622/2690 2624/2692 2509/2575 2507/2573
f 2624/2692 2623/2691 2625/2693 2626/2694
f 2624/2692 2626/2694 2511/2577 2509/2575
f 2626/2694 2625/2693 2627/2695 2628/2696
f 2626/2694 2628/2696 2513/2579 2511/2577
f 2628/2696 2627/2695 2629/2697 2630/2698
f 2628/2696 2630/2698 2515/2581 2513/2579
f 2630/2698 2629/2697 2631/2699 2632/2700
f 2630/2698 2632/2700 2517/2583 2515/2581
f 2632/2700 2631/2699 2633/2701 2634/2702
f 2632/2700 2634/2702 2519/2585 2517/2583
f 2634/2702 2633/2701 2635/2703 2636/2704
f 2634/2702 2636/2704 2521/2587 2519/2585
f 2636/2704 2635/2703 2637/2705 2638/2706
f 2636/2704 2638/2706 2523/2589 2521/2587
f 2638/2706 2637/2705 2639/2707 2640/2708
f 2638/2706 2640/2708 2525/2591 2523/2589
f 2640/2708 2639/2707 2641/2709 2642/2710
f 2640/2708 2642/2710 2527/2593 2525/2591
f 2642/2710 2641/2709 2643/2711 2644/2712
f 2642/2710 2644/2712 2529/2595 2527/2593
f 2644/2712 2643/2711 2645/2713 2646/2714
f 2644/2712 2646/2714 2531/2597 2529/2595
f 2646/2714 2645/2713 2647/2715 2648/2716
f 2646/2714 2648/2716 2533/2599 2531/2597
f 2648/2716 2647/2715 2649/2717 2650/2718
f 2648/2716 2650/2718 2535/2601 2533/2599
f 2650/2719 2649/2720 2651/2721 2652/2722
f 2650/2719 2652/2722 2537/2605 2535/2604
f 2652/2722 2651/2721 2653/2723 2654/2724
f 2652/2722 2654/2724 2539/2607 2537/2605
f 2654/2724 2653/2723 2655/2725 2656/2726
f 2654/2724 2656/2726 2541/2609 2539/2607
f 2656/2726 2655/2725 2657/2727 2658/2728
f 2656/2726 2658/2728 2543/2611 2541/2609
f 2658/2728 2657/2727 2659/2729 2660/2730
f 2658/2728 2660/2730 2545/2613 2543/2611
f 2660/2730 2659/2729 2661/2731 2662/2732
f 2660/2730 2662/2732 2547/2615 2545/2613
f 2662/2732 2661/2731 2663/2733 2664/2734
f 2662/2732 2664/2734 2549/2617 2547/2615
f 2664/2734 2663/2733 2665/2735 2666/2736
f 2664/2734 2666/2736 2551/2619 2549/2617
f 2666/2736 2665/2735 2667/2737 2668/2738
f 2666/2736 2668/2738 2553/2621 2551/2619
f 2668/2738 2667/2737 2669/2739 2670/2740
f 2668/2738 2670/2740 2555/2623 2553/2621
f 2670/2740 2669/2739 2671/2741 2672/2742
f 2670/2740 2672/2742 2557/2625 2555/2623
f 2672/2742 2671/2741 2673/2743 2674/2744
f 2672/2742 2674/2744 2559/2627 2557/2625
f 2674/2744 2673/2743 2675/2745 2676/2746
f 2674/2744 2676/2746 2561/2629 2559/2627
f 2676/2746 2675/2745 2677/2747 2678/2748
f 2676/2746 2678/2748 2563/2631 2561/2629
f 2678/2748 2677/2747 2679/2749 2680/2750
f 2678/2748 2680/2750 2565/2633 2563/2631
f 2680/2750 2679/2749 2681/2751 2682/2752
f 2680/2750 2682/2752 2567/2635 2565/2633
f 2682/2752 2681/2751 2683/2753 2684/2754
f 2682/2752 2684/2754 2569/2637 2567/2635
f 2684/2754 2683/2753 2685/2755 2686/2756
f 2684/2754 2686/2756 2571/2639 2569/2637
f 2686/2756 2685/2755 2687/2757 2688/2758
f 2686/2756 2688/2758 2573/2641 2571/2639
f 2688/2758 2687/2757 2689/2759 2690/2760
f 2688/2758 2690/2760 2575/2643 2573/2641
f 2690/2760 2689/2759 2691/2761 2692/2762
f 2690/2760 2692/2762 2577/2645 2575/2643
f 2692/2762 2691/2761 2693/2763 2694/2764
f 2692/2762 2694/2764 2579/2647 2577/2645
f 2694/2764 2693/2763 2695/2765 2696/2766
f 2694/2764 2696/2766 2581/2649 2579/2647
f 2696/2766 2695/2765 2697/2767 2698/2768
f 2696/2766 2698/2768 2583/2651 2581/2649
f 2698/2768 2697/2767 2699/2769 2700/2770
f 2698/2768 2700/2770 2585/2653 2583/2651
f 2700/2770 2699/2769 2701/2771 2590/2658
f 2700/2770 2590/2658 2587/2655 2585/2653
f 2701/2771 2699/2769 2702/2772 2703/2773
f 2701/2771 2703/2773 2704/2774 2593/2661
f 2701/2771 2593/2661 2591/2659 2590/2658
f 2704/2774 2703/2773 2705/2775 2706/2776
f 2704/2774 2706/2776 2707/2777 2708/2778
f 2704/2774 2708/2778 2594/2662 2593/2661
f 2708/2778 2707/2777 2709/2779 2710/2780
f 2708/2778 2710/2780 2595/2663 2594/2662
f 2710/2780 2709/2779 2711/2781 2712/2782
f 2710/2780 2712/2782 2597/2665 2595/2663
f 2712/2782 2711/2781 2713/2783 2714/2784
f 2712/2782 2714/2784 2599/2667 2597/2665
f 2714/2784 2713/2783 2715/2785 2716/2786
f 2714/2784 2716/2786 2601/2669 2599/2667
f 2716/2786 2715/2785 2717/2787 2718/2788
f 2716/2786 2718/2788 2603/2671 2601/2669
f 2718/2788 2717/2787 2719/2789 2720/2790
f 2718/2788 2720/2790 2605/2673 2603/2671
f 2720/2790 2719/2789 2721/2791 2722/2792
f 2720/2790 2722/2792 2607/2675 2605/2673
f 2722/2792 2721/2791 2723/2793 2724/2794
f 2722/2792 2724/2794 2609/2677 2607/2675
f 2724/2794 2723/2793 2725/2795 2726/2796
f 2724/2794 2726/2796 2611/2679 2609/2677
f 2726/2796 2725/2795 2727/2797 2728/2798
f 2726/2796 2728/2798 2613/2681 2611/2679
f 2728/2798 2727/2797 2729/2799 2730/2800
f 2728/2798 2730/2800 2615/2683 2613/2681
f 2730/2800 2729/2799 2731/2801 2732/2802
f 2730/2800 2732/2802 2617/2685 2615/2683
f 2732/2802 2731/2801 2733/2803 2734/2804
f 2732/2802 2734/2804 2619/2687 2617/2685
f 2734/2804 2733/2803 2735/2805 2736/2806
f 2734/2804 2736/2806 2621/2689 2619/2687
f 2736/2806 2735/2805 2737/2807 2738/2808
f 2736/2806 2738/2808 2623/2691 2621/2689
f 2738/2808 2737/2807 2739/2809 2740/2810
f 2738/2808 2740/2810 2625/2693 2623/2691
f 2740/2810 2739/2809 2741/2811 2742/2812
f 2740/2810 2742/2812 2627/2695 2625/2693
f 2742/2812 2741/2811 2743/2813 2744/2814
f 2742/2812 2744/2814 2629/2697 2627/2695
f 2744/2814 2743/2813 2745/2815 2746/2816
f 2744/2814 2746/2816 2631/2699 2629/2697
f 2746/2816 2745/2815 2747/2817 2748/2818
f 2746/2816 2748/2818 2633/2701 2631/2699
f 2748/2818 2747/2817 2749/2819 2750/2820
f 2748/2818 2750/2820 2635/2703 2633/2701
f 2750/2820 2749/2819 2751/2821 2752/2822
f 2750/2820 2752/2822 2637/2705 2635/2703
f 2752/2822 2751/2821 2753/2823 2754/2824
f 2752/2822 2754/2824 2639/2707 2637/2705
f 2754/2824 2753/2823 2755/2825 2756/2826
f 2754/2824 2756/2826 2641/2709 2639/2707
f 2756/2826 2755/2825 2757/2827 2758/2828
f 2756/2826 2758/2828 2643/2711 2641/2709
f 2758/2828 2757/2827 2759/2829 2760/2830
f 2758/2828 2760/2830 2645/2713 2643/2711
f 2760/2830 2759/2829 2761/2831 2762/2832
f 2760/2830 2762/2832 2647/2715 2645/2713
f 2762/2833 2761/2834 2763/2835 2764/2836
f 2762/2832 2764/2837 2649/2717 2647/2715
f 2764/2836 2763/2835 2765/2838 2766/2839
f 2764/2836 2766/2839 2651/2721 2649/2720
f 2766/2839 2765/2838 2767/2840 2768/2841
f 2766/2839 2768/2841 2653/2723 2651/2721
f 2768/2841 2767/2840 2769/2842 2770/2843
f 2768/2841 2770/2843 2655/2725 2653/2723
f 2770/2843 2769/2842 2771/2844 2772/2845
f 2770/2843 2772/2845 2657/2727 2655/2725
f 2772/2845 2771/2844 2773/2846 2774/2847
f 2772/2845 2774/2847 2659/2729 2657/2727
f 2774/2847 2773/2846 2775/2848 2776/2849
f 2774/2847 2776/2849 2661/2731 2659/2729
f 2776/2849 2775/2848 2777/2850 2778/2851
f 2776/2849 2778/2851 2663/2733 2661/2731
f 2778/2851 2777/2850 2779/2852 2780/2853
f 2778/2851 2780/2853 2665/2735 2663/2733
f 2780/2853 2779/2852 2781/2854 2782/2855
f 2780/2853 2782/2855 2667/2737 2665/2735
f 2782/2855 2781/2854 2783/2856 2784/2857
f 2782/2855 2784/2857 2669/2739 2667/2737
f 2784/2857 2783/2856 2785/2858 2786/2859
f 2784/2857 2786/2859 2671/2741 2669/2739
f 2786/2859 2785/2858 2787/2860 2788/2861
f 2786/2859 2788/2861 2673/2743 2671/2741
f 2788/2861 2787/2860 2789/2862 2790/2863
f 2788/2861 2790/2863 2675/2745 2673/2743
f 2790/2863 2789/2862 2791/2864 2792/2865
f 2790/2863 2792/2865 2677/2747 2675/2745
f 2792/2865 2791/2864 2793/2866 2794/2867
f 2792/2865 2794/2867 2679/2749 2677/2747
f 2794/2867 2793/2866 2795/2868 2796/2869
f 2794/2867 2796/2869 2681/2751 2679/2749
f 2796/2869 2795/2868 2797/2870 2798/2871
f 2796/2869 2798/2871 2683/2753 2681/2751
f 2798/2871 2797/2870 2799/2872 2800/2873
f 2798/2871 2800/2873 2685/2755 2683/2753
f 2800/2873 2799/2872 2801/2874 2802/2875
f 2800/2873 2802/2875 2687/2757 2685/2755
f 2802/2875 2801/2874 2803/2876 2804/2877
f 2802/2875 2804/2877 2689/2759 2687/2757
f 2804/2877 2803/2876 2805/2878 2806/2879
f 2804/2877 2806/2879 2691/2761 2689/2759
f 2806/2879 2805/2878 2807/2880 2808/2881
f 2806/2879 2808/2881 2693/2763 2691/2761
f 2808/2881 2807/2880 2809/2882 2810/2883
f 2808/2881 2810/2883 2695/2765 2693/2763
f 2810/2883 2809/2882 2811/2884 2812/2885
f 2810/2883 2812/2885 2697/2767 2695/2765
f 2812/2885 2811/2884 2813/2886 2702/2772
f 2812/2885 2702/2772 2699/2769 2697/2767
f 2813/2886 2705/2775 2703/2773 2702/2772
f 1439/1487 1436/1484 1434/1482 1433/1481
f 719/753 716/750 714/748 713/747
f 622/653 616/647 614/645 613/644
f 585/616 550/581 548/579 547/578
f 479/507 476/504 474/502 473/501
f 389/412 387/410 148/148 153/153
f 387/410 385/408 149/149 148/148
f 383/406 382/405 150/150 149/149
f 344/367 341/364 103/95 102/94
f 327/347 325/344 107/99 106/98
f 325/344 324/343 108/100 107/99
f 308/325 298/315 296/313 295/312
f 261/278 259/276 258/275 28/6
f 246/259 244/258 243/2887 191/197
f 243/2887 141/2888 192/198 191/197
f 243/254 239/250 136/134 141/139
f 232/243 195/202 139/137 138/136
f 228/239 198/205 196/203 195/202
f 188/193 147/146 146/145 181/185
f 166/166 212/223 161/161 160/160
f 92/82 91/81 37/16 32/11
f 51/33 50/32 421/448 583/614
f 333/355 211/220 34/13 33/12
f 9/58 76/62 68/53 8/52
f 11/69 85/73 77/64 10/63
f 332/357 334/356 2815/2889 2814/2890
f 336/359 212/223 2815/2889 334/356
f 2814/2890 2815/2889 212/223 211/222
f 333/355 332/354 2814/2891 211/220
f 274/291 277/294 2817/2892 2816/2893
f 278/295 224/235 2817/2892 277/294
f 2816/2893 2817/2892 224/235 223/234
f 269/286 274/291 2816/2893 223/234
f 435/463 438/466 2819/2894 2818/2895
f 267/284 265/282 2819/2894 438/466
f 2818/2895 2819/2894 265/282 264/281
f 430/458 435/463 2818/2895 264/281
f 369/392 537/568 2821/2896 2820/2897
f 536/567 563/594 2821/2896 537/568
f 2820/2897 2821/2896 563/594 372/395
f 370/393 369/392 2820/2897 372/395
f 556/587 583/614 2823/2898 2822/2899
f 421/448 419/445 2823/2898 583/614
f 2822/2899 2823/2898 419/445 560/591
f 557/588 556/587 2822/2899 560/591
f 2824/2900 2849/2901 2848/2902 2847/2903
f 2824/2900 2851/2904 2850/2905 2849/2901
f 2824/2900 2847/2903 2852/2906 2851/2904
f 2825/2907 2855/2908 2854/2909 2853/2910
f 2825/2907 2858/2911 2857/2912 2856/2913
f 2825/2907 2853/2910 2859/2914 2858/2911
f 2825/2907 2856/2913 2860/2915 2855/2908
f 2826/2916 2863/2917 2862/2918 2861/2919
f 2826/2916 2865/2920 2864/2921 2863/2917
f 2826/2916 2867/2922 2866/2923 2865/2920
f 2827/2924 2870/2925 2869/2926 2868/2927
f 2827/2924 2868/2927 2828/2928 2871/2929
f 2827/2924 2871/2929 2872/2930 2870/2925
f 2828/2928 2875/2931 2874/2932 2873/2933
f 2828/2928 2868/2927 2876/2934 2875/2931
f 2828/2928 2878/2935 2877/2936 2871/2929
f 2828/2928 2873/2933 2879/2937 2878/2935
f 2829/2938 2882/2939 2881/2940 2880/2941
f 2829/2938 2884/2942 2883/2943 2882/2939
f 2829/2938 2880/2941 2885/2944 2884/2942
f 2830/2945 2887/2946 2886/2947 2885/2944
f 2830/2945 2889/2948 2888/2949 2887/2946
f 2830/2945 2885/2944 2880/2941 2890/2950
f 2831/2951 2893/2952 2892/2953 2891/2954
f 2831/2951 2895/2955 2894/2956 2893/2952
f 2832/2957 2896/2958 2895/2955 2831/2951
f 2832/2957 2899/2959 2898/2960 2897/2961
f 2833/2962 2902/2963 2901/2964 2900/2965
f 2833/2962 2904/2966 2903/2967 2902/2963
f 2834/2968 2905/2969 2904/2966 2833/2962
f 2834/2968 2908/2970 2907/2971 2906/2972
f 2835/2973 2911/2974 2910/2975 2909/2976
f 2835/2973 2909/2976 2836/2977 2912/2978
f 2835/2973 2912/2978 2913/2979 2911/2974
f 2836/2977 2916/2980 2915/2981 2914/2982
f 2836/2977 2918/2983 2917/2984 2912/2978
f 2836/2977 2914/2982 2919/2985 2918/2983
f 2837/2986 2922/2987 2921/2988 2920/2989
f 2837/2986 2920/2989 2838/2990 2923/2991
f 2837/2986 2923/2991 2924/2992 2922/2987
f 2838/2990 2926/2993 2925/2994 2923/2991
f 2838/2990 2928/2995 2927/2996 2926/2993
f 2838/2990 2930/2997 2929/2998 2928/2995
f 2838/2990 2920/2989 2931/2999 2930/2997
f 2839/3000 2934/3001 2933/3002 2932/3003
f 2839/3000 2932/3003 2840/3004 2935/3005
f 2839/3000 2935/3005 2936/3006 2934/3001
f 2840/3004 2932/3003 2938/3007 2937/3008
f 2840/3004 2937/3008 2940/3009 2939/3010
f 2841/3011 2943/3012 2942/3013 2941/3014
f 2841/3011 2941/3014 2842/3015 2944/3016
f 2841/3011 2944/3016 2945/3017 2943/3012
f 2842/3015 2947/3018 2946/3019 2944/3016
f 2842/3015 2949/3020 2948/3021 2947/3018
f 2842/3015 2951/3022 2950/3023 2949/3020
f 2842/3015 2941/3014 2952/3024 2951/3022
f 2843/3025 2955/3026 2954/3027 2953/3028
f 2843/3025 2957/3029 2956/3030 2955/3026
f 2843/3025 2953/3028 2958/3031 2957/3029
f 2844/3032 2961/3033 2960/3034 2959/3035
f 2844/3032 2963/3036 2962/3037 2961/3033
f 2844/3032 2959/3035 2964/3038 2963/3036
f 2845/3039 2967/3040 2966/3041 2965/3042
f 2845/3039 2969/3043 2968/3044 2967/3040
f 2845/3039 2965/3042 2970/3045 2969/3043
f 2846/3046 2973/3047 2972/3048 2971/3049
f 2846/3046 2975/3050 2974/3051 2973/3047
f 2846/3046 2971/3049 2976/3052 2975/3050
f 2826/2916 2861/2919 2977/3053 2867/2922
f 2977/3053 2861/2919 2979/3054 2978/3055
f 2977/3053 2981/3056 2980/3057 2867/2922
f 2977/3053 2978/3055 2982/3058 2981/3056
f 2982/3058 2978/3055 2984/3059 2983/3060
f 2982/3058 2986/3061 2985/3062 2981/3056
f 2982/3058 2983/3060 2987/3063 2986/3061
f 2987/3063 2983/3060 2989/3064 2988/3065
f 2987/3063 2991/3066 2990/3067 2986/3061
f 2987/3063 2988/3065 2992/3068 2991/3066
f 2992/3068 2988/3065 2994/3069 2993/3070
f 2992/3068 2996/3071 2995/3072 2991/3066
f 2992/3068 2993/3070 2966/3041 2996/3071
f 2996/3071 2998/3073 2997/3074 2995/3072
f 2996/3071 2966/3041 2967/3040 2998/3073
f 2998/3073 3000/3075 2999/3076 2997/3074
f 2998/3073 2967/3040 2968/3044 3000/3075
f 3000/3075 3002/3077 3001/3078 2999/3076
f 3000/3075 2968/3044 3003/3079 3002/3077
f 3003/3079 2968/3044 2969/3043 3004/3080
f 3003/3079 3006/3081 3005/3082 3002/3077
f 3003/3079 3004/3080 3007/3083 3006/3081
f 3007/3083 3010/3084 3009/3085 3008/3086
f 3007/3083 3004/3080 3011/3087 3010/3084
f 3007/3083 3008/3086 3012/3088 3006/3081
f 3012/3089 3013/3090 3005/3091 3006/3092
f 3012/3089 3015/3093 3014/3094 3013/3090
f 3012/3089 3008/3095 3016/3096 3015/3093
f 3016/3096 3017/3097 2962/3037 2963/3036
f 3016/3096 3008/3095 3009/3098 3017/3097
f 3016/3096 2963/3036 2964/3038 3015/3093
f 3017/3097 3019/3099 3018/3100 2962/3037
f 3017/3097 3009/3098 3020/3101 3019/3099
f 3020/3101 3022/3102 3021/3103 3019/3099
f 3020/3104 3024/3105 3023/3106 3022/3107
f 3020/3104 3009/3085 3010/3084 3024/3105
f 3024/3105 3026/3108 3025/3109 3023/3106
f 3024/3105 3010/3084 3011/3087 3026/3108
f 3026/3108 3028/3110 3027/3111 3025/3109
f 3026/3108 3011/3087 2970/3045 3028/3110
f 3028/3110 3030/3112 3029/3113 3027/3111
f 3028/3110 2970/3045 2965/3042 3030/3112
f 3030/3112 2993/3070 2994/3069 3029/3113
f 3030/3112 2965/3042 2966/3041 2993/3070
f 3029/3113 3032/3114 3031/3115 3027/3111
f 3029/3113 2994/3069 3033/3116 3032/3114
f 3033/3116 3034/3117 2857/2912 3032/3114
f 3033/3116 2989/3064 3035/3118 3034/3117
f 3033/3116 2994/3069 2988/3065 2989/3064
f 3032/3114 2857/2912 2858/2911 3031/3115
f 3031/3115 2858/2911 2859/2914 3036/3119
f 3031/3115 3036/3119 3025/3109 3027/3111
f 3036/3119 2859/2914 3038/3120 3037/3121
f 3036/3119 3037/3121 3023/3106 3025/3109
f 3038/3120 3041/3122 3040/3123 3039/3124
f 3038/3120 2859/2914 2853/2910 3041/3122
f 3038/3120 3039/3124 3042/3125 3037/3121
f 3042/3126 3039/3127 3044/3128 3043/3129
f 3042/3125 3022/3107 3023/3106 3037/3121
f 3042/3126 3043/3129 3021/3103 3022/3102
f 3044/3128 3047/3130 3046/3131 3045/3132
f 3044/3128 3039/3127 3040/3133 3047/3130
f 3044/3128 3045/3132 3048/3134 3043/3129
f 3048/3134 3045/3132 3050/3135 3049/3136
f 3048/3134 3051/3137 3021/3103 3043/3129
f 3048/3134 3049/3136 3052/3138 3051/3137
f 3052/3138 3049/3136 3054/3139 3053/3140
f 3052/3138 3055/3141 3018/3100 3051/3137
f 3052/3138 3053/3140 3056/3142 3055/3141
f 3056/3142 3053/3140 3058/3143 3057/3144
f 3056/3142 2960/3034 2961/3033 3055/3141
f 3056/3142 3057/3144 3059/3145 2960/3034
f 3059/3145 3057/3144 3061/3146 3060/3147
f 3059/3145 3062/3148 2959/3035 2960/3034
f 3059/3145 3060/3147 3063/3149 3062/3148
f 3063/3149 3060/3147 3065/3150 3064/3151
f 3063/3149 3067/3152 3066/3153 3062/3148
f 3063/3149 3064/3151 3068/3154 3067/3152
f 3068/3154 3070/3155 3069/3156 3067/3152
f 3068/3154 3072/3157 3071/3158 3070/3155
f 3068/3154 3064/3151 3073/3159 3072/3157
f 3073/3159 3074/3160 2954/3027 2955/3026
f 3073/3159 3064/3151 3065/3150 3074/3160
f 3073/3159 2955/3026 2956/3030 3072/3157
f 3074/3160 3076/3161 3075/3162 2954/3027
f 3074/3160 3065/3150 3077/3163 3076/3161
f 3077/3163 3079/3164 3078/3165 3076/3161
f 3077/3163 3061/3146 3080/3166 3079/3164
f 3077/3163 3065/3150 3060/3147 3061/3146
f 3080/3166 3082/3167 3081/3168 3079/3164
f 3080/3166 3058/3143 3083/3169 3082/3167
f 3080/3166 3061/3146 3057/3144 3058/3143
f 3083/3169 3085/3170 3084/3171 3082/3167
f 3083/3169 3054/3139 3086/3172 3085/3170
f 3083/3169 3058/3143 3053/3140 3054/3139
f 3086/3172 3088/3173 3087/3174 3085/3170
f 3086/3172 3050/3135 3089/3175 3088/3173
f 3086/3172 3054/3139 3049/3136 3050/3135
f 3089/3175 3091/3176 3090/3177 3088/3173
f 3089/3175 3046/3131 3092/3178 3091/3176
f 3089/3175 3050/3135 3045/3132 3046/3131
f 3091/3176 2897/2961 2898/2960 3090/3177
f 3091/3176 3092/3178 3093/3179 2897/2961
f 3093/3179 3094/3180 2832/2957 2897/2961
f 3093/3179 3096/3181 3095/3182 3094/3180
f 3093/3179 3092/3178 3097/3183 3096/3181
f 3096/3181 3099/3184 3098/3185 3095/3182
f 3096/3181 3097/3183 3100/3186 3099/3184
f 3099/3184 2907/2971 2908/2970 3098/3185
f 3099/3184 3100/3186 3101/3187 2907/2971
f 3098/3185 3103/3188 3102/3189 3095/3182
f 3098/3185 2908/2970 2900/2965 3103/3188
f 3103/3188 3105/3190 3104/3191 3102/3189
f 3103/3188 2900/2965 2901/2964 3105/3190
f 3105/3190 3107/3192 3106/3193 3104/3191
f 3105/3190 2901/2964 3108/3194 3107/3192
f 3108/3194 3110/3195 3109/3196 3107/3192
f 3108/3194 3112/3197 3111/3198 3110/3195
f 3108/3194 2901/2964 2902/2963 3112/3197
f 3112/3197 3114/3199 3113/3200 3111/3198
f 3112/3197 2902/2963 2903/2967 3114/3199
f 3114/3199 3116/3201 3115/3202 3113/3200
f 3114/3199 2903/2967 3117/3203 3116/3201
f 3117/3204 3119/3205 3118/3206 3116/3207
f 3117/3204 2905/3208 3120/3209 3119/3205
f 3117/3203 2903/2967 2904/2966 2905/2969
f 3120/3209 3122/3210 3121/3211 3119/3205
f 3120/3209 3124/3212 3123/3213 3122/3210
f 3120/3209 2905/3208 2834/3214 3124/3212
f 3124/3212 3126/3215 3125/3216 3123/3213
f 3124/3212 2834/3214 2906/3217 3126/3215
f 3126/3215 3127/3218 2854/2909 3125/3216
f 3126/3215 2906/3217 3128/3219 3127/3218
f 3128/3220 2906/2972 2907/2971 3101/3187
f 3128/3219 3040/3123 3041/3122 3127/3218
f 3128/3220 3101/3187 3047/3130 3040/3133
f 3127/3218 3041/3122 2853/2910 2854/2909
f 3125/3216 2915/2981 2916/2980 3123/3213
f 3125/3216 2854/2909 2855/2908 2915/2981
f 3123/3213 2916/2980 3129/3221 3122/3210
f 3129/3221 3130/3222 3121/3211 3122/3210
f 3129/3221 2909/2976 2910/2975 3130/3222
f 3129/3221 2916/2980 2836/2977 2909/2976
f 3130/3222 3132/3223 3131/3224 3121/3211
f 3130/3222 2910/2975 3133/3225 3132/3223
f 3133/3225 3135/3226 3134/3227 3132/3223
f 3133/3225 3137/3228 3136/3229 3135/3226
f 3133/3225 2910/2975 2911/2974 3137/3228
f 3137/3228 3139/3230 3138/3231 3136/3229
f 3137/3228 2911/2974 2913/2979 3139/3230
f 3139/3230 3141/3232 3140/3233 3138/3231
f 3139/3230 2913/2979 3142/3234 3141/3232
f 3142/3234 3144/3235 3143/3236 3141/3232
f 3142/3234 2917/2984 3145/3237 3144/3235
f 3142/3234 2913/2979 2912/2978 2917/2984
f 3145/3237 3147/3238 3146/3239 3144/3235
f 3145/3237 3149/3240 3148/3241 3147/3238
f 3145/3237 2917/2984 2918/2983 3149/3240
f 3149/3240 3151/3242 3150/3243 3148/3241
f 3149/3240 2918/2983 2919/2985 3151/3242
f 3151/3242 3153/3244 3152/3245 3150/3243
f 3151/3242 2919/2985 3154/3246 3153/3244
f 3154/3246 2919/2985 2914/2982 2860/2915
f 3154/3246 3156/3247 3155/3248 3153/3244
f 3154/3246 2860/2915 2856/2913 3156/3247
f 3153/3244 3155/3248 3157/3249 3152/3245
f 3152/3245 3158/3250 2929/2998 3150/3243
f 3152/3245 3157/3249 3159/3251 3158/3250
f 3158/3250 3160/3252 2928/2995 2929/2998
f 3158/3250 3159/3251 3161/3253 3160/3252
f 3161/3253 2979/3054 3162/3254 3160/3252
f 3161/3253 2984/3059 2978/3055 2979/3054
f 3161/3253 3159/3251 3035/3118 2984/3059
f 3162/3254 2927/2996 2928/2995 3160/3252
f 3162/3254 2862/2918 3163/3255 2927/2996
f 3162/3254 2979/3054 2861/2919 2862/2918
f 3163/3255 3164/3256 2926/2993 2927/2996
f 3163/3255 3166/3257 3165/3258 3164/3256
f 3163/3255 2862/2918 2863/2917 3166/3257
f 3166/3257 2940/3009 2937/3008 3165/3258
f 3166/3257 2863/2917 2864/2921 2940/3009
f 3165/3258 3168/3259 3167/3260 3164/3256
f 3165/3258 2937/3008 2938/3007 3168/3259
f 3168/3259 3170/3261 3169/3262 3167/3260
f 3168/3259 2938/3007 3171/3263 3170/3261
f 3171/3263 3173/3264 3172/3265 3170/3261
f 3171/3263 2933/3002 3174/3266 3173/3264
f 3171/3263 2938/3007 2932/3003 2933/3002
f 3174/3266 3176/3267 3175/3268 3173/3264
f 3174/3266 3178/3269 3177/3270 3176/3267
f 3174/3266 2933/3002 2934/3001 3178/3269
f 3178/3269 3180/3271 3179/3272 3177/3270
f 3178/3269 2934/3001 2936/3006 3180/3271
f 3180/3271 3182/3273 3181/3274 3179/3272
f 3180/3271 2936/3006 3183/3275 3182/3273
f 3183/3275 3185/3276 3184/3277 3182/3273
f 3183/3275 3187/3278 3186/3279 3185/3276
f 3183/3275 2936/3006 2935/3005 3187/3278
f 3187/3278 3189/3280 3188/3281 3186/3279
f 3187/3278 2935/3005 2840/3004 3189/3280
f 3189/3280 3191/3282 3190/3283 3188/3281
f 3189/3280 2840/3004 2939/3010 3191/3282
f 3191/3282 3193/3284 3192/3285 3190/3283
f 3191/3282 2939/3010 3194/3286 3193/3284
f 3194/3286 2939/3010 2940/3009 2864/2921
f 3194/3286 3196/3287 3195/3288 3193/3284
f 3194/3286 2864/2921 2865/2920 3196/3287
f 3196/3287 3198/3289 3197/3290 3195/3288
f 3196/3287 2865/2920 2866/2923 3198/3289
f 3198/3289 3200/3291 3199/3292 3197/3290
f 3198/3289 2866/2923 3201/3293 3200/3291
f 3201/3293 2866/2923 2867/2922 2980/3057
f 3201/3293 3203/3294 3202/3295 3200/3291
f 3201/3293 2980/3057 3204/3296 3203/3294
f 3204/3296 2980/3057 2981/3056 2985/3062
f 3204/3296 3206/3297 3205/3298 3203/3294
f 3204/3296 2985/3062 3207/3299 3206/3297
f 3207/3299 2985/3062 2986/3061 2990/3067
f 3207/3299 3208/3300 2972/3048 3206/3297
f 3207/3299 2990/3067 3209/3301 3208/3300
f 3209/3301 2990/3067 2991/3066 2995/3072
f 3209/3301 3211/3302 3210/3303 3208/3300
f 3209/3301 2995/3072 2997/3074 3211/3302
f 3211/3302 3213/3304 3212/3305 3210/3303
f 3211/3302 2997/3074 2999/3076 3213/3304
f 3213/3304 3215/3306 3214/3307 3212/3305
f 3213/3304 2999/3076 3001/3078 3215/3306
f 3215/3306 3217/3308 3216/3309 3214/3307
f 3215/3306 3001/3078 3218/3310 3217/3308
f 3218/3310 3001/3078 3002/3077 3005/3082
f 3218/3311 3220/3312 3219/3313 3217/3314
f 3218/3311 3005/3091 3013/3090 3220/3312
f 3220/3312 3069/3156 3070/3155 3219/3313
f 3220/3312 3013/3090 3014/3094 3069/3156
f 3219/3313 3221/3315 3216/3316 3217/3314
f 3219/3313 3070/3155 3071/3158 3221/3315
f 3221/3315 3223/3317 3222/3318 3216/3316
f 3221/3315 3071/3158 3224/3319 3223/3317
f 3224/3319 3226/3320 3225/3321 3223/3317
f 3224/3319 2956/3030 2957/3029 3226/3320
f 3224/3319 3071/3158 3072/3157 2956/3030
f 3226/3320 3228/3322 3227/3323 3225/3321
f 3226/3320 2957/3029 2958/3031 3228/3322
f 3228/3322 3230/3324 3229/3325 3227/3323
f 3228/3322 2958/3031 3231/3326 3230/3324
f 3231/3326 3233/3327 3232/3328 3230/3324
f 3231/3326 3235/3329 3234/3330 3233/3327
f 3231/3326 2958/3031 2953/3028 3235/3329
f 3235/3329 3075/3162 3236/3331 3234/3330
f 3235/3329 2953/3028 2954/3027 3075/3162
f 3236/3331 3238/3332 3237/3333 3234/3330
f 3236/3331 3078/3165 3239/3334 3238/3332
f 3236/3331 3075/3162 3076/3161 3078/3165
f 3239/3334 2852/2906 3240/3335 3238/3332
f 3239/3334 3081/3168 2851/2904 2852/2906
f 3239/3334 3078/3165 3079/3164 3081/3168
f 3240/3335 3243/3336 3242/3337 3241/3338
f 3240/3335 2852/2906 2847/2903 3243/3336
f 3240/3335 3241/3338 3237/3333 3238/3332
f 3243/3336 3245/3339 3244/3340 3242/3337
f 3243/3336 2847/2903 2848/2902 3245/3339
f 3245/3339 2879/2937 2873/2933 3244/3340
f 3245/3339 2848/2902 3246/3341 2879/2937
f 3246/3341 3247/3342 2878/2935 2879/2937
f 3246/3341 3249/3343 3248/3344 3247/3342
f 3246/3341 2848/2902 2849/2901 3249/3343
f 3249/3343 3250/3345 2889/2948 3248/3344
f 3249/3343 2849/2901 2850/2905 3250/3345
f 3250/3345 3251/3346 2888/2949 2889/2948
f 3250/3345 2850/2905 3252/3347 3251/3346
f 3252/3347 3087/3174 3253/3348 3251/3346
f 3252/3347 3084/3171 3085/3170 3087/3174
f 3252/3347 2850/2905 2851/2904 3084/3171
f 3251/3346 3253/3348 3254/3349 2888/2949
f 3254/3349 3255/3350 2887/2946 2888/2949
f 3254/3349 3257/3351 3256/3352 3255/3350
f 3254/3349 3253/3348 3258/3353 3257/3351
f 3257/3351 3260/3354 3259/3355 3256/3352
f 3257/3351 3258/3353 3261/3356 3260/3354
f 3260/3354 2898/2960 2899/2959 3259/3355
f 3260/3354 3261/3356 3090/3177 2898/2960
f 3259/3355 3263/3357 3262/3358 3256/3352
f 3259/3355 2899/2959 2891/2954 3263/3357
f 3263/3357 3265/3359 3264/3360 3262/3358
f 3263/3357 2891/2954 2892/2953 3265/3359
f 3265/3359 3267/3361 3266/3362 3264/3360
f 3265/3359 2892/2953 3268/3363 3267/3361
f 3268/3363 3270/3364 3269/3365 3267/3361
f 3268/3363 3272/3366 3271/3367 3270/3364
f 3268/3363 2892/2953 2893/2952 3272/3366
f 3272/3366 3274/3368 3273/3369 3271/3367
f 3272/3366 2893/2952 2894/2956 3274/3368
f 3274/3368 3276/3370 3275/3371 3273/3369
f 3274/3368 2894/2956 3277/3372 3276/3370
f 3277/3372 3279/3373 3278/3374 3276/3370
f 3277/3372 2896/2958 3280/3375 3279/3373
f 3277/3372 2894/2956 2895/2955 2896/2958
f 3280/3375 3102/3189 3104/3191 3279/3373
f 3280/3375 3094/3180 3095/3182 3102/3189
f 3280/3375 2896/2958 2832/2957 3094/3180
f 3279/3373 3104/3191 3106/3193 3278/3374
f 3278/3374 3281/3376 3275/3371 3276/3370
f 3278/3374 3106/3193 3282/3377 3281/3376
f 3282/3377 3284/3378 3283/3379 3281/3376
f 3282/3377 3109/3196 3285/3380 3284/3378
f 3282/3377 3106/3193 3107/3192 3109/3196
f 3285/3380 3287/3381 3286/3382 3284/3378
f 3285/3380 3289/3383 3288/3384 3287/3381
f 3285/3380 3109/3196 3110/3195 3289/3383
f 3289/3383 3291/3385 3290/3386 3288/3384
f 3289/3383 3110/3195 3111/3198 3291/3385
f 3291/3385 3293/3387 3292/3388 3290/3386
f 3291/3385 3111/3198 3113/3200 3293/3387
f 3293/3387 3295/3389 3294/3390 3292/3388
f 3293/3387 3113/3200 3115/3202 3295/3389
f 3295/3391 3297/3392 3296/3393 3294/3394
f 3295/3391 3115/3395 3298/3396 3297/3392
f 3298/3396 3300/3397 3299/3398 3297/3392
f 3298/3396 3118/3206 3131/3224 3300/3397
f 3298/3396 3115/3395 3116/3207 3118/3206
f 3300/3397 3134/3227 3301/3399 3299/3398
f 3300/3397 3131/3224 3132/3223 3134/3227
f 3301/3399 3303/3400 3302/3401 3299/3398
f 3301/3399 3305/3402 3304/3403 3303/3400
f 3301/3399 3134/3227 3135/3226 3305/3402
f 3305/3402 3307/3404 3306/3405 3304/3403
f 3305/3402 3135/3226 3136/3229 3307/3404
f 3307/3404 3309/3406 3308/3407 3306/3405
f 3307/3404 3136/3229 3138/3231 3309/3406
f 3309/3406 3311/3408 3310/3409 3308/3407
f 3309/3406 3138/3231 3140/3233 3311/3408
f 3311/3408 3313/3410 3312/3411 3310/3409
f 3311/3408 3140/3233 3314/3412 3313/3410
f 3314/3412 3316/3413 3315/3414 3313/3410
f 3314/3412 3143/3236 3317/3415 3316/3413
f 3314/3412 3140/3233 3141/3232 3143/3236
f 3317/3415 3319/3416 3318/3417 3316/3413
f 3317/3415 3146/3239 3320/3418 3319/3416
f 3317/3415 3143/3236 3144/3235 3146/3239
f 3320/3418 2921/2988 3321/3419 3319/3416
f 3320/3418 2931/2999 2920/2989 2921/2988
f 3320/3418 3146/3239 3147/3238 2931/2999
f 3321/3419 3322/3420 3318/3417 3319/3416
f 3321/3419 3324/3421 3323/3422 3322/3420
f 3321/3419 2921/2988 2922/2987 3324/3421
f 3324/3421 3326/3423 3325/3424 3323/3422
f 3324/3421 2922/2987 2924/2992 3326/3423
f 3326/3423 3328/3425 3327/3426 3325/3424
f 3326/3423 2924/2992 3329/3427 3328/3425
f 3329/3427 3169/3262 3330/3428 3328/3425
f 3329/3427 2925/2994 3167/3260 3169/3262
f 3329/3427 2924/2992 2923/2991 2925/2994
f 3330/3428 3331/3429 3327/3426 3328/3425
f 3330/3428 3172/3265 3332/3430 3331/3429
f 3330/3428 3169/3262 3170/3261 3172/3265
f 3332/3430 3334/3431 3333/3432 3331/3429
f 3332/3430 3175/3268 3335/3433 3334/3431
f 3332/3430 3172/3265 3173/3264 3175/3268
f 3335/3433 3337/3434 3336/3435 3334/3431
f 3335/3433 3339/3436 3338/3437 3337/3434
f 3335/3433 3175/3268 3176/3267 3339/3436
f 3339/3436 3341/3438 3340/3439 3338/3437
f 3339/3436 3176/3267 3177/3270 3341/3438
f 3341/3438 3343/3440 3342/3441 3340/3439
f 3341/3438 3177/3270 3179/3272 3343/3440
f 3343/3440 3345/3442 3344/3443 3342/3441
f 3343/3440 3179/3272 3181/3274 3345/3442
f 3345/3442 3347/3444 3346/3445 3344/3443
f 3345/3442 3181/3274 3348/3446 3347/3444
f 3348/3446 3350/3447 3349/3448 3347/3444
f 3348/3446 3184/3277 3351/3449 3350/3447
f 3348/3446 3181/3274 3182/3273 3184/3277
f 3351/3449 3353/3450 3352/3451 3350/3447
f 3351/3449 3355/3452 3354/3453 3353/3450
f 3351/3449 3184/3277 3185/3276 3355/3452
f 3355/3452 3356/3454 2952/3024 3354/3453
f 3355/3452 3185/3276 3186/3279 3356/3454
f 3356/3454 3357/3455 2951/3022 2952/3024
f 3356/3454 3186/3279 3188/3281 3357/3455
f 3357/3455 3358/3456 2950/3023 2951/3022
f 3357/3455 3188/3281 3190/3283 3358/3456
f 3358/3456 3360/3457 3359/3458 2950/3023
f 3358/3456 3190/3283 3192/3285 3360/3457
f 3354/3453 2942/3013 3361/3459 3353/3450
f 3354/3453 2952/3024 2941/3014 2942/3013
f 3361/3459 3362/3460 3352/3451 3353/3450
f 3361/3459 3364/3461 3363/3462 3362/3460
f 3361/3459 2942/3013 2943/3012 3364/3461
f 3364/3461 3366/3463 3365/3464 3363/3462
f 3364/3461 2943/3012 2945/3017 3366/3463
f 3366/3463 3368/3465 3367/3466 3365/3464
f 3366/3463 2945/3017 3369/3467 3368/3465
f 3369/3467 3371/3468 3370/3469 3368/3465
f 3369/3467 2946/3019 3372/3470 3371/3468
f 3369/3467 2945/3017 2944/3016 2946/3019
f 3372/3470 3374/3471 3373/3472 3371/3468
f 3372/3470 3376/3473 3375/3474 3374/3471
f 3372/3470 2946/3019 2947/3018 3376/3473
f 3376/3473 3378/3475 3377/3476 3375/3474
f 3376/3473 2947/3018 2948/3021 3378/3475
f 3378/3475 3380/3477 3379/3478 3377/3476
f 3378/3475 2948/3021 3381/3479 3380/3477
f 3381/3479 2948/3021 2949/3020 3382/3480
f 3381/3479 3384/3481 3383/3482 3380/3477
f 3381/3479 3382/3480 3385/3483 3384/3481
f 3385/3483 3382/3480 3359/3484 3386/3485
f 3385/3483 3388/3486 3387/3487 3384/3481
f 3385/3483 3386/3485 3389/3488 3388/3486
f 3389/3489 3386/3490 3195/3288 3197/3290
f 3389/3488 3391/3491 3390/3492 3388/3486
f 3389/3489 3197/3290 3199/3292 3391/3493
f 3391/3491 3393/3494 3392/3495 3390/3492
f 3391/3493 3199/3292 3394/3496 3393/3497
f 3394/3496 3199/3292 3200/3291 3202/3295
f 3394/3496 3396/3498 3395/3499 3393/3497
f 3394/3496 3202/3295 3397/3500 3396/3498
f 3397/3500 3202/3295 3203/3294 3205/3298
f 3397/3500 2974/3051 3398/3501 3396/3498
f 3397/3500 3205/3298 2973/3047 2974/3051
f 3398/3501 3399/3502 3395/3499 3396/3498
f 3398/3501 3401/3503 3400/3504 3399/3502
f 3398/3501 2974/3051 2975/3050 3401/3503
f 3401/3503 3402/3505 3222/3506 3400/3504
f 3401/3503 2975/3050 2976/3052 3402/3505
f 3402/3505 2976/3052 3212/3305 3214/3307
f 3402/3505 3214/3307 3216/3309 3222/3506
f 3400/3507 3225/3321 3227/3323 3399/3508
f 3400/3507 3222/3318 3223/3317 3225/3321
f 3399/3508 3227/3323 3229/3325 3395/3509
f 3395/3509 3229/3325 3392/3495 3393/3494
f 3392/3495 3232/3328 3403/3510 3390/3492
f 3392/3495 3229/3325 3230/3324 3232/3328
f 3403/3510 3387/3487 3388/3486 3390/3492
f 3403/3510 3405/3511 3404/3512 3387/3487
f 3403/3510 3232/3328 3233/3327 3405/3511
f 3405/3511 3237/3333 3241/3338 3404/3512
f 3405/3511 3233/3327 3234/3330 3237/3333
f 3404/3512 3383/3482 3384/3481 3387/3487
f 3404/3512 3241/3338 3242/3337 3383/3482
f 3382/3480 2949/3020 2950/3023 3359/3484
f 3377/3476 2874/2932 2875/2931 3375/3474
f 3377/3476 3379/3478 3406/3513 2874/2932
f 3375/3474 2875/2931 2876/2934 3374/3471
f 3374/3471 2876/2934 3407/3514 3373/3472
f 3407/3514 3409/3515 3408/3516 3373/3472
f 3407/3514 2869/2926 3410/3517 3409/3515
f 3407/3514 2876/2934 2868/2927 2869/2926
f 3410/3517 3412/3518 3411/3519 3409/3515
f 3410/3517 3414/3520 3413/3521 3412/3518
f 3410/3517 2869/2926 2870/2925 3414/3520
f 3414/3520 3416/3522 3415/3523 3413/3521
f 3414/3520 2870/2925 2872/2930 3416/3522
f 3416/3522 3418/3524 3417/3525 3415/3523
f 3416/3522 2872/2930 3419/3526 3418/3524
f 3419/3526 3421/3527 3420/3528 3418/3524
f 3419/3526 2877/2936 3422/3529 3421/3527
f 3419/3526 2872/2930 2871/2929 2877/2936
f 3422/3529 3424/3530 3423/3531 3421/3527
f 3422/3529 3247/3342 3248/3344 3424/3530
f 3422/3529 2877/2936 2878/2935 3247/3342
f 3424/3530 2830/2945 2890/2950 3423/3531
f 3424/3530 3248/3344 2889/2948 2830/2945
f 3423/3531 3425/3532 3420/3528 3421/3527
f 3423/3531 2890/2950 3426/3533 3425/3532
f 3426/3533 3428/3534 3427/3535 3425/3532
f 3426/3533 2881/2940 3429/3536 3428/3534
f 3426/3533 2890/2950 2880/2941 2881/2940
f 3429/3536 3431/3537 3430/3538 3428/3534
f 3429/3536 3433/3539 3432/3540 3431/3537
f 3429/3536 2881/2940 2882/2939 3433/3539
f 3433/3539 3435/3541 3434/3542 3432/3540
f 3433/3539 2882/2939 2883/2943 3435/3541
f 3435/3541 3437/3543 3436/3544 3434/3542
f 3435/3541 2883/2943 3438/3545 3437/3543
f 3438/3545 3440/3546 3439/3547 3437/3543
f 3438/3545 3442/3548 3441/3549 3440/3546
f 3438/3545 2883/2943 2884/2942 3442/3548
f 3442/3548 2886/2947 3443/3550 3441/3549
f 3442/3548 2884/2942 2885/2944 2886/2947
f 3443/3550 3262/3358 3264/3360 3441/3549
f 3443/3550 3255/3350 3256/3352 3262/3358
f 3443/3550 2886/2947 2887/2946 3255/3350
f 3441/3549 3264/3360 3266/3362 3440/3546
f 3440/3546 3266/3362 3444/3551 3439/3547
f 3444/3551 3446/3552 3445/3553 3439/3547
f 3444/3551 3269/3365 3447/3554 3446/3552
f 3444/3551 3266/3362 3267/3361 3269/3365
f 3447/3554 3449/3555 3448/3556 3446/3552
f 3447/3554 3451/3557 3450/3558 3449/3555
f 3447/3554 3269/3365 3270/3364 3451/3557
f 3451/3557 3453/3559 3452/3560 3450/3558
f 3451/3557 3270/3364 3271/3367 3453/3559
f 3453/3559 3455/3561 3454/3562 3452/3560
f 3453/3559 3271/3367 3273/3369 3455/3561
f 3455/3561 3457/3563 3456/3564 3454/3562
f 3455/3561 3273/3369 3275/3371 3457/3563
f 3457/3563 3283/3379 3458/3565 3456/3564
f 3457/3563 3275/3371 3281/3376 3283/3379
f 3458/3565 3460/3566 3459/3567 3456/3564
f 3458/3565 3286/3382 3461/3568 3460/3566
f 3458/3565 3283/3379 3284/3378 3286/3382
f 3461/3568 3463/3569 3462/3570 3460/3566
f 3461/3568 3465/3571 3464/3572 3463/3569
f 3461/3568 3286/3382 3287/3381 3465/3571
f 3465/3571 3467/3573 3466/3574 3464/3572
f 3465/3571 3287/3381 3288/3384 3467/3573
f 3467/3573 3469/3575 3468/3576 3466/3574
f 3467/3573 3288/3384 3290/3386 3469/3575
f 3469/3575 3471/3577 3470/3578 3468/3576
f 3469/3575 3290/3386 3292/3388 3471/3577
f 3471/3577 3473/3579 3472/3580 3470/3578
f 3471/3577 3292/3388 3294/3390 3473/3579
f 3473/3581 3475/3582 3474/3583 3472/3584
f 3473/3581 3294/3394 3296/3393 3475/3582
f 3475/3582 3477/3585 3476/3586 3474/3583
f 3475/3582 3296/3393 3302/3401 3477/3585
f 3477/3585 3479/3587 3478/3588 3476/3586
f 3477/3585 3302/3401 3303/3400 3479/3587
f 3479/3587 3481/3589 3480/3590 3478/3588
f 3479/3587 3303/3400 3304/3403 3481/3589
f 3481/3589 3483/3591 3482/3592 3480/3590
f 3481/3589 3304/3403 3306/3405 3483/3591
f 3483/3591 3485/3593 3484/3594 3482/3592
f 3483/3591 3306/3405 3308/3407 3485/3593
f 3485/3593 3487/3595 3486/3596 3484/3594
f 3485/3593 3308/3407 3310/3409 3487/3595
f 3487/3595 3489/3597 3488/3598 3486/3596
f 3487/3595 3310/3409 3312/3411 3489/3597
f 3489/3597 3491/3599 3490/3600 3488/3598
f 3489/3597 3312/3411 3492/3601 3491/3599
f 3492/3601 3494/3602 3493/3603 3491/3599
f 3492/3601 3315/3414 3495/3604 3494/3602
f 3492/3601 3312/3411 3313/3410 3315/3414
f 3495/3604 3497/3605 3496/3606 3494/3602
f 3495/3604 3318/3417 3322/3420 3497/3605
f 3495/3604 3315/3414 3316/3413 3318/3417
f 3497/3605 3499/3607 3498/3608 3496/3606
f 3497/3605 3322/3420 3323/3422 3499/3607
f 3499/3607 3501/3609 3500/3610 3498/3608
f 3499/3607 3323/3422 3325/3424 3501/3609
f 3501/3609 3503/3611 3502/3612 3500/3610
f 3501/3609 3325/3424 3327/3426 3503/3611
f 3503/3611 3333/3432 3504/3613 3502/3612
f 3503/3611 3327/3426 3331/3429 3333/3432
f 3504/3613 3506/3614 3505/3615 3502/3612
f 3504/3613 3336/3435 3507/3616 3506/3614
f 3504/3613 3333/3432 3334/3431 3336/3435
f 3507/3616 3509/3617 3508/3618 3506/3614
f 3507/3616 3511/3619 3510/3620 3509/3617
f 3507/3616 3336/3435 3337/3434 3511/3619
f 3511/3619 3513/3621 3512/3622 3510/3620
f 3511/3619 3337/3434 3338/3437 3513/3621
f 3513/3621 3515/3623 3514/3624 3512/3622
f 3513/3621 3338/3437 3340/3439 3515/3623
f 3515/3623 3517/3625 3516/3626 3514/3624
f 3515/3623 3340/3439 3342/3441 3517/3625
f 3517/3625 3519/3627 3518/3628 3516/3626
f 3517/3625 3342/3441 3344/3443 3519/3627
f 3519/3627 3521/3629 3520/3630 3518/3628
f 3519/3627 3344/3443 3346/3445 3521/3629
f 3521/3629 3523/3631 3522/3632 3520/3630
f 3521/3629 3346/3445 3524/3633 3523/3631
f 3524/3633 3526/3634 3525/3635 3523/3631
f 3524/3633 3349/3448 3527/3636 3526/3634
f 3524/3633 3346/3445 3347/3444 3349/3448
f 3527/3636 3529/3637 3528/3638 3526/3634
f 3527/3636 3352/3451 3362/3460 3529/3637
f 3527/3636 3349/3448 3350/3447 3352/3451
f 3529/3637 3531/3639 3530/3640 3528/3638
f 3529/3637 3362/3460 3363/3462 3531/3639
f 3531/3639 3533/3641 3532/3642 3530/3640
f 3531/3639 3363/3462 3365/3464 3533/3641
f 3533/3641 3535/3643 3534/3644 3532/3642
f 3533/3641 3365/3464 3367/3466 3535/3643
f 3535/3643 3537/3645 3536/3646 3534/3644
f 3535/3643 3367/3466 3538/3647 3537/3645
f 3538/3647 3540/3648 3539/3649 3537/3645
f 3538/3647 3370/3469 3408/3516 3540/3648
f 3538/3647 3367/3466 3368/3465 3370/3469
f 3540/3648 3411/3519 3541/3650 3539/3649
f 3540/3648 3408/3516 3409/3515 3411/3519
f 3541/3650 3543/3651 3542/3652 3539/3649
f 3541/3650 3545/3653 3544/3654 3543/3651
f 3541/3650 3411/3519 3412/3518 3545/3653
f 3545/3653 3547/3655 3546/3656 3544/3654
f 3545/3653 3412/3518 3413/3521 3547/3655
f 3547/3655 3549/3657 3548/3658 3546/3656
f 3547/3655 3413/3521 3415/3523 3549/3657
f 3549/3657 3551/3659 3550/3660 3548/3658
f 3549/3657 3415/3523 3417/3525 3551/3659
f 3551/3659 3553/3661 3552/3662 3550/3660
f 3551/3659 3417/3525 3554/3663 3553/3661
f 3554/3663 3427/3535 3555/3664 3553/3661
f 3554/3663 3420/3528 3425/3532 3427/3535
f 3554/3663 3417/3525 3418/3524 3420/3528
f 3555/3664 3556/3665 3552/3662 3553/3661
f 3555/3664 3430/3538 3557/3666 3556/3665
f 3555/3664 3427/3535 3428/3534 3430/3538
f 3557/3666 3559/3667 3558/3668 3556/3665
f 3557/3666 3561/3669 3560/3670 3559/3667
f 3557/3666 3430/3538 3431/3537 3561/3669
f 3561/3669 3563/3671 3562/3672 3560/3670
f 3561/3669 3431/3537 3432/3540 3563/3671
f 3563/3671 3565/3673 3564/3674 3562/3672
f 3563/3671 3432/3540 3434/3542 3565/3673
f 3565/3673 3567/3675 3566/3676 3564/3674
f 3565/3673 3434/3542 3436/3544 3567/3675
f 3567/3675 3569/3677 3568/3678 3566/3676
f 3567/3675 3436/3544 3445/3553 3569/3677
f 3569/3677 3448/3556 3570/3679 3568/3678
f 3569/3677 3445/3553 3446/3552 3448/3556
f 3570/3679 3572/3680 3571/3681 3568/3678
f 3570/3679 3574/3682 3573/3683 3572/3680
f 3570/3679 3448/3556 3449/3555 3574/3682
f 3574/3682 3576/3684 3575/3685 3573/3683
f 3574/3682 3449/3555 3450/3558 3576/3684
f 3576/3684 3578/3686 3577/3687 3575/3685
f 3576/3684 3450/3558 3452/3560 3578/3686
f 3578/3686 3580/3688 3579/3689 3577/3687
f 3578/3686 3452/3560 3454/3562 3580/3688
f 3580/3688 3459/3567 3581/3690 3579/3689
f 3580/3688 3454/3562 3456/3564 3459/3567
f 3581/3690 3583/3691 3582/3692 3579/3689
f 3581/3690 3462/3570 3584/3693 3583/3691
f 3581/3690 3459/3567 3460/3566 3462/3570
f 3584/3693 3586/3694 3585/3695 3583/3691
f 3584/3693 3588/3696 3587/3697 3586/3694
f 3584/3693 3462/3570 3463/3569 3588/3696
f 3588/3696 3590/3698 3589/3699 3587/3697
f 3588/3696 3463/3569 3464/3572 3590/3698
f 3590/3698 3592/3700 3591/3701 3589/3699
f 3590/3698 3464/3572 3466/3574 3592/3700
f 3592/3700 3594/3702 3593/3703 3591/3701
f 3592/3700 3466/3574 3468/3576 3594/3702
f 3594/3702 3596/3704 3595/3705 3593/3703
f 3594/3702 3468/3576 3470/3578 3596/3704
f 3596/3704 3598/3706 3597/3707 3595/3705
f 3596/3704 3470/3578 3472/3580 3598/3706
f 3598/3708 3600/3709 3599/3710 3597/3711
f 3598/3708 3472/3584 3474/3583 3600/3709
f 3600/3709 3602/3712 3601/3713 3599/3710
f 3600/3709 3474/3583 3476/3586 3602/3712
f 3602/3712 3604/3714 3603/3715 3601/3713
f 3602/3712 3476/3586 3478/3588 3604/3714
f 3604/3714 3606/3716 3605/3717 3603/3715
f 3604/3714 3478/3588 3480/3590 3606/3716
f 3606/3716 3608/3718 3607/3719 3605/3717
f 3606/3716 3480/3590 3482/3592 3608/3718
f 3608/3718 3610/3720 3609/3721 3607/3719
f 3608/3718 3482/3592 3484/3594 3610/3720
f 3610/3720 3612/3722 3611/3723 3609/3721
f 3610/3720 3484/3594 3486/3596 3612/3722
f 3612/3722 3614/3724 3613/3725 3611/3723
f 3612/3722 3486/3596 3488/3598 3614/3724
f 3614/3724 3616/3726 3615/3727 3613/3725
f 3614/3724 3488/3598 3490/3600 3616/3726
f 3616/3726 3618/3728 3617/3729 3615/3727
f 3616/3726 3490/3600 3619/3730 3618/3728
f 3619/3730 3621/3731 3620/3732 3618/3728
f 3619/3730 3493/3603 3622/3733 3621/3731
f 3619/3730 3490/3600 3491/3599 3493/3603
f 3622/3733 3624/3734 3623/3735 3621/3731
f 3622/3733 3496/3606 3498/3608 3624/3734
f 3622/3733 3493/3603 3494/3602 3496/3606
f 3624/3734 3626/3736 3625/3737 3623/3735
f 3624/3734 3498/3608 3500/3610 3626/3736
f 3626/3736 3505/3615 3627/3738 3625/3737
f 3626/3736 3500/3610 3502/3612 3505/3615
f 3627/3738 3629/3739 3628/3740 3625/3737
f 3627/3738 3508/3618 3630/3741 3629/3739
f 3627/3738 3505/3615 3506/3614 3508/3618
f 3630/3741 3632/3742 3631/3743 3629/3739
f 3630/3741 3634/3744 3633/3745 3632/3742
f 3630/3741 3508/3618 3509/3617 3634/3744
f 3634/3744 3636/3746 3635/3747 3633/3745
f 3634/3744 3509/3617 3510/3620 3636/3746
f 3636/3746 3638/3748 3637/3749 3635/3747
f 3636/3746 3510/3620 3512/3622 3638/3748
f 3638/3748 3640/3750 3639/3751 3637/3749
f 3638/3748 3512/3622 3514/3624 3640/3750
f 3640/3750 3642/3752 3641/3753 3639/3751
f 3640/3750 3514/3624 3516/3626 3642/3752
f 3642/3752 3644/3754 3643/3755 3641/3753
f 3642/3752 3516/3626 3518/3628 3644/3754
f 3644/3754 3646/3756 3645/3757 3643/3755
f 3644/3754 3518/3628 3520/3630 3646/3756
f 3646/3756 3648/3758 3647/3759 3645/3757
f 3646/3756 3520/3630 3522/3632 3648/3758
f 3648/3758 3650/3760 3649/3761 3647/3759
f 3648/3758 3522/3632 3651/3762 3650/3760
f 3651/3762 3653/3763 3652/3764 3650/3760
f 3651/3762 3525/3635 3654/3765 3653/3763
f 3651/3762 3522/3632 3523/3631 3525/3635
f 3654/3765 3656/3766 3655/3767 3653/3763
f 3654/3765 3528/3638 3530/3640 3656/3766
f 3654/3765 3525/3635 3526/3634 3528/3638
f 3656/3766 3658/3768 3657/3769 3655/3767
f 3656/3766 3530/3640 3532/3642 3658/3768
f 3658/3768 3660/3770 3659/3771 3657/3769
f 3658/3768 3532/3642 3534/3644 3660/3770
f 3660/3770 3662/3772 3661/3773 3659/3771
f 3660/3770 3534/3644 3536/3646 3662/3772
f 3662/3772 3664/3774 3663/3775 3661/3773
f 3662/3772 3536/3646 3542/3652 3664/3774
f 3664/3774 3666/3776 3665/3777 3663/3775
f 3664/3774 3542/3652 3543/3651 3666/3776
f 3666/3776 3668/3778 3667/3779 3665/3777
f 3666/3776 3543/3651 3544/3654 3668/3778
f 3668/3778 3670/3780 3669/3781 3667/3779
f 3668/3778 3544/3654 3546/3656 3670/3780
f 3670/3780 3672/3782 3671/3783 3669/3781
f 3670/3780 3546/3656 3548/3658 3672/3782
f 3672/3782 3674/3784 3673/3785 3671/3783
f 3672/3782 3548/3658 3550/3660 3674/3784
f 3674/3784 3676/3786 3675/3787 3673/3785
f 3674/3784 3550/3660 3552/3662 3676/3786
f 3676/3786 3558/3668 3677/3788 3675/3787
f 3676/3786 3552/3662 3556/3665 3558/3668
f 3677/3788 3679/3789 3678/3790 3675/3787
f 3677/3788 3681/3791 3680/3792 3679/3789
f 3677/3788 3558/3668 3559/3667 3681/3791
f 3681/3791 3683/3793 3682/3794 3680/3792
f 3681/3791 3559/3667 3560/3670 3683/3793
f 3683/3793 3685/3795 3684/3796 3682/3794
f 3683/3793 3560/3670 3562/3672 3685/3795
f 3685/3795 3687/3797 3686/3798 3684/3796
f 3685/3795 3562/3672 3564/3674 3687/3797
f 3687/3797 3689/3799 3688/3800 3686/3798
f 3687/3797 3564/3674 3566/3676 3689/3799
f 3689/3799 3571/3681 3690/3801 3688/3800
f 3689/3799 3566/3676 3568/3678 3571/3681
f 3690/3801 3692/3802 3691/3803 3688/3800
f 3690/3801 3694/3804 3693/3805 3692/3802
f 3690/3801 3571/3681 3572/3680 3694/3804
f 3694/3804 3696/3806 3695/3807 3693/3805
f 3694/3804 3572/3680 3573/3683 3696/3806
f 3696/3806 3698/3808 3697/3809 3695/3807
f 3696/3806 3573/3683 3575/3685 3698/3808
f 3698/3808 3700/3810 3699/3811 3697/3809
f 3698/3808 3575/3685 3577/3687 3700/3810
f 3700/3810 3582/3692 3701/3812 3699/3811
f 3700/3810 3577/3687 3579/3689 3582/3692
f 3701/3812 3703/3813 3702/3814 3699/3811
f 3701/3812 3585/3695 3704/3815 3703/3813
f 3701/3812 3582/3692 3583/3691 3585/3695
f 3704/3815 3706/3816 3705/3817 3703/3813
f 3704/3815 3708/3818 3707/3819 3706/3816
f 3704/3815 3585/3695 3586/3694 3708/3818
f 3708/3818 3710/3820 3709/3821 3707/3819
f 3708/3818 3586/3694 3587/3697 3710/3820
f 3710/3820 3712/3822 3711/3823 3709/3821
f 3710/3820 3587/3697 3589/3699 3712/3822
f 3712/3822 3714/3824 3713/3825 3711/3823
f 3712/3822 3589/3699 3591/3701 3714/3824
f 3714/3824 3716/3826 3715/3827 3713/3825
f 3714/3824 3591/3701 3593/3703 3716/3826
f 3716/3826 3718/3828 3717/3829 3715/3827
f 3716/3826 3593/3703 3595/3705 3718/3828
f 3718/3828 3720/3830 3719/3831 3717/3829
f 3718/3828 3595/3705 3597/3707 3720/3830
f 3720/3832 3722/3833 3721/3834 3719/3835
f 3720/3832 3597/3711 3599/3710 3722/3833
f 3722/3833 3724/3836 3723/3837 3721/3834
f 3722/3833 3599/3710 3601/3713 3724/3836
f 3724/3836 3726/3838 3725/3839 3723/3837
f 3724/3836 3601/3713 3603/3715 3726/3838
f 3726/3838 3728/3840 3727/3841 3725/3839
f 3726/3838 3603/3715 3605/3717 3728/3840
f 3728/3840 3730/3842 3729/3843 3727/3841
f 3728/3840 3605/3717 3607/3719 3730/3842
f 3730/3842 3732/3844 3731/3845 3729/3843
f 3730/3842 3607/3719 3609/3721 3732/3844
f 3732/3844 3734/3846 3733/3847 3731/3845
f 3732/3844 3609/3721 3611/3723 3734/3846
f 3734/3846 3736/3848 3735/3849 3733/3847
f 3734/3846 3611/3723 3613/3725 3736/3848
f 3736/3848 3738/3850 3737/3851 3735/3849
f 3736/3848 3613/3725 3615/3727 3738/3850
f 3738/3850 3740/3852 3739/3853 3737/3851
f 3738/3850 3615/3727 3617/3729 3740/3852
f 3740/3852 3742/3854 3741/3855 3739/3853
f 3740/3852 3617/3729 3743/3856 3742/3854
f 3743/3856 3745/3857 3744/3858 3742/3854
f 3743/3856 3620/3732 3746/3859 3745/3857
f 3743/3856 3617/3729 3618/3728 3620/3732
f 3746/3859 3628/3740 3747/3860 3745/3857
f 3746/3859 3623/3735 3625/3737 3628/3740
f 3746/3859 3620/3732 3621/3731 3623/3735
f 3747/3860 3748/3861 3744/3858 3745/3857
f 3747/3860 3631/3743 3749/3862 3748/3861
f 3747/3860 3628/3740 3629/3739 3631/3743
f 3749/3862 3751/3863 3750/3864 3748/3861
f 3749/3862 3753/3865 3752/3866 3751/3863
f 3749/3862 3631/3743 3632/3742 3753/3865
f 3753/3865 3755/3867 3754/3868 3752/3866
f 3753/3865 3632/3742 3633/3745 3755/3867
f 3755/3867 3757/3869 3756/3870 3754/3868
f 3755/3867 3633/3745 3635/3747 3757/3869
f 3757/3869 3759/3871 3758/3872 3756/3870
f 3757/3869 3635/3747 3637/3749 3759/3871
f 3759/3871 3761/3873 3760/3874 3758/3872
f 3759/3871 3637/3749 3639/3751 3761/3873
f 3761/3873 3763/3875 3762/3876 3760/3874
f 3761/3873 3639/3751 3641/3753 3763/3875
f 3763/3875 3765/3877 3764/3878 3762/3876
f 3763/3875 3641/3753 3643/3755 3765/3877
f 3765/3877 3767/3879 3766/3880 3764/3878
f 3765/3877 3643/3755 3645/3757 3767/3879
f 3767/3879 3769/3881 3768/3882 3766/3880
f 3767/3879 3645/3757 3647/3759 3769/3881
f 3769/3881 3771/3883 3770/3884 3768/3882
f 3769/3881 3647/3759 3649/3761 3771/3883
f 3771/3883 3773/3885 3772/3886 3770/3884
f 3771/3883 3649/3761 3774/3887 3773/3885
f 3774/3887 3776/3888 3775/3889 3773/3885
f 3774/3887 3652/3764 3777/3890 3776/3888
f 3774/3887 3649/3761 3650/3760 3652/3764
f 3777/3890 3779/3891 3778/3892 3776/3888
f 3777/3890 3655/3767 3657/3769 3779/3891
f 3777/3890 3652/3764 3653/3763 3655/3767
f 3779/3891 3781/3893 3780/3894 3778/3892
f 3779/3891 3657/3769 3659/3771 3781/3893
f 3781/3893 3783/3895 3782/3896 3780/3894
f 3781/3893 3659/3771 3661/3773 3783/3895
f 3783/3895 3785/3897 3784/3898 3782/3896
f 3783/3895 3661/3773 3663/3775 3785/3897
f 3785/3897 3787/3899 3786/3900 3784/3898
f 3785/3897 3663/3775 3665/3777 3787/3899
f 3787/3899 3789/3901 3788/3902 3786/3900
f 3787/3899 3665/3777 3667/3779 3789/3901
f 3789/3901 3791/3903 3790/3904 3788/3902
f 3789/3901 3667/3779 3669/3781 3791/3903
f 3791/3903 3793/3905 3792/3906 3790/3904
f 3791/3903 3669/3781 3671/3783 3793/3905
f 3793/3905 3795/3907 3794/3908 3792/3906
f 3793/3905 3671/3783 3673/3785 3795/3907
f 3795/3907 3678/3790 3796/3909 3794/3908
f 3795/3907 3673/3785 3675/3787 3678/3790
f 3796/3909 3798/3910 3797/3911 3794/3908
f 3796/3909 3800/3912 3799/3913 3798/3910
f 3796/3909 3678/3790 3679/3789 3800/3912
f 3800/3912 3802/3914 3801/3915 3799/3913
f 3800/3912 3679/3789 3680/3792 3802/3914
f 3802/3914 3804/3916 3803/3917 3801/3915
f 3802/3914 3680/3792 3682/3794 3804/3916
f 3804/3916 3806/3918 3805/3919 3803/3917
f 3804/3916 3682/3794 3684/3796 3806/3918
f 3806/3918 3808/3920 3807/3921 3805/3919
f 3806/3918 3684/3796 3686/3798 3808/3920
f 3808/3920 3691/3803 3809/3922 3807/3921
f 3808/3920 3686/3798 3688/3800 3691/3803
f 3809/3922 3811/3923 3810/3924 3807/3921
f 3809/3922 3813/3925 3812/3926 3811/3923
f 3809/3922 3691/3803 3692/3802 3813/3925
f 3813/3925 3815/3927 3814/3928 3812/3926
f 3813/3925 3692/3802 3693/3805 3815/3927
f 3815/3927 3817/3929 3816/3930 3814/3928
f 3815/3927 3693/3805 3695/3807 3817/3929
f 3817/3929 3819/3931 3818/3932 3816/3930
f 3817/3929 3695/3807 3697/3809 3819/3931
f 3819/3931 3702/3814 3820/3933 3818/3932
f 3819/3931 3697/3809 3699/3811 3702/3814
f 3820/3933 3822/3934 3821/3935 3818/3932
f 3820/3933 3705/3817 3823/3936 3822/3934
f 3820/3933 3702/3814 3703/3813 3705/3817
f 3823/3936 3825/3937 3824/3938 3822/3934
f 3823/3936 3827/3939 3826/3940 3825/3937
f 3823/3936 3705/3817 3706/3816 3827/3939
f 3827/3939 3829/3941 3828/3942 3826/3940
f 3827/3939 3706/3816 3707/3819 3829/3941
f 3829/3941 3831/3943 3830/3944 3828/3942
f 3829/3941 3707/3819 3709/3821 3831/3943
f 3831/3943 3833/3945 3832/3946 3830/3944
f 3831/3943 3709/3821 3711/3823 3833/3945
f 3833/3945 3835/3947 3834/3948 3832/3946
f 3833/3945 3711/3823 3713/3825 3835/3947
f 3835/3947 3837/3949 3836/3950 3834/3948
f 3835/3947 3713/3825 3715/3827 3837/3949
f 3837/3949 3839/3951 3838/3952 3836/3950
f 3837/3949 3715/3827 3717/3829 3839/3951
f 3839/3951 3841/3953 3840/3954 3838/3952
f 3839/3951 3717/3829 3719/3831 3841/3953
f 3841/3955 3843/3956 3842/3957 3840/3958
f 3841/3955 3719/3835 3721/3834 3843/3956
f 3843/3956 3845/3959 3844/3960 3842/3957
f 3843/3956 3721/3834 3723/3837 3845/3959
f 3845/3959 3847/3961 3846/3962 3844/3960
f 3845/3959 3723/3837 3725/3839 3847/3961
f 3847/3961 3849/3963 3848/3964 3846/3962
f 3847/3961 3725/3839 3727/3841 3849/3963
f 3849/3963 3851/3965 3850/3966 3848/3964
f 3849/3963 3727/3841 3729/3843 3851/3965
f 3851/3965 3853/3967 3852/3968 3850/3966
f 3851/3965 3729/3843 3731/3845 3853/3967
f 3853/3967 3855/3969 3854/3970 3852/3968
f 3853/3967 3731/3845 3733/3847 3855/3969
f 3855/3969 3857/3971 3856/3972 3854/3970
f 3855/3969 3733/3847 3735/3849 3857/3971
f 3857/3971 3859/3973 3858/3974 3856/3972
f 3857/3971 3735/3849 3737/3851 3859/3973
f 3859/3973 3861/3975 3860/3976 3858/3974
f 3859/3973 3737/3851 3739/3853 3861/3975
f 3861/3975 3863/3977 3862/3978 3860/3976
f 3861/3975 3739/3853 3741/3855 3863/3977
f 3863/3977 3865/3979 3864/3980 3862/3978
f 3863/3977 3741/3855 3866/3981 3865/3979
f 3866/3981 3750/3864 3867/3982 3865/3979
f 3866/3981 3744/3858 3748/3861 3750/3864
f 3866/3981 3741/3855 3742/3854 3744/3858
f 3867/3982 3868/3983 3864/3980 3865/3979
f 3867/3982 3870/3984 3869/3985 3868/3983
f 3867/3982 3750/3864 3751/3863 3870/3984
f 3870/3984 3872/3986 3871/3987 3869/3985
f 3870/3984 3751/3863 3752/3866 3872/3986
f 3872/3986 3874/3988 3873/3989 3871/3987
f 3872/3986 3752/3866 3754/3868 3874/3988
f 3874/3988 3876/3990 3875/3991 3873/3989
f 3874/3988 3754/3868 3756/3870 3876/3990
f 3876/3990 3878/3992 3877/3993 3875/3991
f 3876/3990 3756/3870 3758/3872 3878/3992
f 3878/3992 3880/3994 3879/3995 3877/3993
f 3878/3992 3758/3872 3760/3874 3880/3994
f 3880/3994 3882/3996 3881/3997 3879/3995
f 3880/3994 3760/3874 3762/3876 3882/3996
f 3882/3996 3884/3998 3883/3999 3881/3997
f 3882/3996 3762/3876 3764/3878 3884/3998
f 3884/3998 3886/4000 3885/4001 3883/3999
f 3884/3998 3764/3878 3766/3880 3886/4000
f 3886/4000 3888/4002 3887/4003 3885/4001
f 3886/4000 3766/3880 3768/3882 3888/4002
f 3888/4002 3890/4004 3889/4005 3887/4003
f 3888/4002 3768/3882 3770/3884 3890/4004
f 3890/4004 3892/4006 3891/4007 3889/4005
f 3890/4004 3770/3884 3772/3886 3892/4006
f 3892/4006 3894/4008 3893/4009 3891/4007
f 3892/4006 3772/3886 3895/4010 3894/4008
f 3895/4010 3897/4011 3896/4012 3894/4008
f 3895/4010 3775/3889 3898/4013 3897/4011
f 3895/4010 3772/3886 3773/3885 3775/3889
f 3898/4013 3900/4014 3899/4015 3897/4011
f 3898/4013 3778/3892 3780/3894 3900/4014
f 3898/4013 3775/3889 3776/3888 3778/3892
f 3900/4014 3902/4016 3901/4017 3899/4015
f 3900/4014 3780/3894 3782/3896 3902/4016
f 3902/4016 3904/4018 3903/4019 3901/4017
f 3902/4016 3782/3896 3784/3898 3904/4018
f 3904/4018 3906/4020 3905/4021 3903/4019
f 3904/4018 3784/3898 3786/3900 3906/4020
f 3906/4020 3908/4022 3907/4023 3905/4021
f 3906/4020 3786/3900 3788/3902 3908/4022
f 3908/4022 3910/4024 3909/4025 3907/4023
f 3908/4022 3788/3902 3790/3904 3910/4024
f 3910/4024 3912/4026 3911/4027 3909/4025
f 3910/4024 3790/3904 3792/3906 3912/4026
f 3912/4026 3797/3911 3913/4028 3911/4027
f 3912/4026 3792/3906 3794/3908 3797/3911
f 3913/4028 3915/4029 3914/4030 3911/4027
f 3913/4028 3917/4031 3916/4032 3915/4029
f 3913/4028 3797/3911 3798/3910 3917/4031
f 3917/4031 3919/4033 3918/4034 3916/4032
f 3917/4031 3798/3910 3799/3913 3919/4033
f 3919/4033 3921/4035 3920/4036 3918/4034
f 3919/4033 3799/3913 3801/3915 3921/4035
f 3921/4035 3923/4037 3922/4038 3920/4036
f 3921/4035 3801/3915 3803/3917 3923/4037
f 3923/4037 3925/4039 3924/4040 3922/4038
f 3923/4037 3803/3917 3805/3919 3925/4039
f 3925/4039 3810/3924 3926/4041 3924/4040
f 3925/4039 3805/3919 3807/3921 3810/3924
f 3926/4041 3928/4042 3927/4043 3924/4040
f 3926/4041 3930/4044 3929/4045 3928/4042
f 3926/4041 3810/3924 3811/3923 3930/4044
f 3930/4044 3932/4046 3931/4047 3929/4045
f 3930/4044 3811/3923 3812/3926 3932/4046
f 3932/4046 3934/4048 3933/4049 3931/4047
f 3932/4046 3812/3926 3814/3928 3934/4048
f 3934/4048 3936/4050 3935/4051 3933/4049
f 3934/4048 3814/3928 3816/3930 3936/4050
f 3936/4050 3821/3935 3937/4052 3935/4051
f 3936/4050 3816/3930 3818/3932 3821/3935
f 3937/4052 3939/4053 3938/4054 3935/4051
f 3937/4052 3824/3938 3940/4055 3939/4053
f 3937/4052 3821/3935 3822/3934 3824/3938
f 3940/4055 3942/4056 3941/4057 3939/4053
f 3940/4055 3944/4058 3943/4059 3942/4056
f 3940/4055 3824/3938 3825/3937 3944/4058
f 3944/4058 3946/4060 3945/4061 3943/4059
f 3944/4058 3825/3937 3826/3940 3946/4060
f 3946/4060 3948/4062 3947/4063 3945/4061
f 3946/4060 3826/3940 3828/3942 3948/4062
f 3948/4062 3950/4064 3949/4065 3947/4063
f 3948/4062 3828/3942 3830/3944 3950/4064
f 3950/4064 3952/4066 3951/4067 3949/4065
f 3950/4064 3830/3944 3832/3946 3952/4066
f 3952/4066 3954/4068 3953/4069 3951/4067
f 3952/4066 3832/3946 3834/3948 3954/4068
f 3954/4068 3956/4070 3955/4071 3953/4069
f 3954/4068 3834/3948 3836/3950 3956/4070
f 3956/4070 3958/4072 3957/4073 3955/4071
f 3956/4070 3836/3950 3838/3952 3958/4072
f 3958/4072 3960/4074 3959/4075 3957/4073
f 3958/4072 3838/3952 3840/3954 3960/4074
f 3960/4076 3962/4077 3961/4078 3959/4079
f 3960/4076 3840/3958 3842/3957 3962/4077
f 3962/4077 3964/4080 3963/4081 3961/4078
f 3962/4077 3842/3957 3844/3960 3964/4080
f 3964/4080 3966/4082 3965/4083 3963/4081
f 3964/4080 3844/3960 3846/3962 3966/4082
f 3966/4082 3968/4084 3967/4085 3965/4083
f 3966/4082 3846/3962 3848/3964 3968/4084
f 3968/4084 3970/4086 3969/4087 3967/4085
f 3968/4084 3848/3964 3850/3966 3970/4086
f 3970/4086 3972/4088 3971/4089 3969/4087
f 3970/4086 3850/3966 3852/3968 3972/4088
f 3972/4088 3974/4090 3973/4091 3971/4089
f 3972/4088 3852/3968 3854/3970 3974/4090
f 3974/4090 3976/4092 3975/4093 3973/4091
f 3974/4090 3854/3970 3856/3972 3976/4092
f 3976/4092 3978/4094 3977/4095 3975/4093
f 3976/4092 3856/3972 3858/3974 3978/4094
f 3978/4094 3980/4096 3979/4097 3977/4095
f 3978/4094 3858/3974 3860/3976 3980/4096
f 3980/4096 3982/4098 3981/4099 3979/4097
f 3980/4096 3860/3976 3862/3978 3982/4098
f 3982/4098 3984/4100 3983/4101 3981/4099
f 3982/4098 3862/3978 3864/3980 3984/4100
f 3984/4100 3986/4102 3985/4103 3983/4101
f 3984/4100 3864/3980 3868/3983 3986/4102
f 3986/4102 3988/4104 3987/4105 3985/4103
f 3986/4102 3868/3983 3869/3985 3988/4104
f 3988/4104 3990/4106 3989/4107 3987/4105
f 3988/4104 3869/3985 3871/3987 3990/4106
f 3990/4106 3992/4108 3991/4109 3989/4107
f 3990/4106 3871/3987 3873/3989 3992/4108
f 3992/4108 3994/4110 3993/4111 3991/4109
f 3992/4108 3873/3989 3875/3991 3994/4110
f 3994/4110 3996/4112 3995/4113 3993/4111
f 3994/4110 3875/3991 3877/3993 3996/4112
f 3996/4112 3998/4114 3997/4115 3995/4113
f 3996/4112 3877/3993 3879/3995 3998/4114
f 3998/4114 4000/4116 3999/4117 3997/4115
f 3998/4114 3879/3995 3881/3997 4000/4116
f 4000/4116 4002/4118 4001/4119 3999/4117
f 4000/4116 3881/3997 3883/3999 4002/4118
f 4002/4118 4004/4120 4003/4121 4001/4119
f 4002/4118 3883/3999 3885/4001 4004/4120
f 4004/4120 4006/4122 4005/4123 4003/4121
f 4004/4120 3885/4001 3887/4003 4006/4122
f 4006/4122 4008/4124 4007/4125 4005/4123
f 4006/4122 3887/4003 3889/4005 4008/4124
f 4008/4124 4010/4126 4009/4127 4007/4125
f 4008/4124 3889/4005 3891/4007 4010/4126
f 4010/4126 4012/4128 4011/4129 4009/4127
f 4010/4126 3891/4007 3893/4009 4012/4128
f 4012/4128 4014/4130 4013/4131 4011/4129
f 4012/4128 3893/4009 4015/4132 4014/4130
f 4015/4132 4017/4133 4016/4134 4014/4130
f 4015/4132 3896/4012 4018/4135 4017/4133
f 4015/4132 3893/4009 3894/4008 3896/4012
f 4018/4135 4020/4136 4019/4137 4017/4133
f 4018/4135 3899/4015 3901/4017 4020/4136
f 4018/4135 3896/4012 3897/4011 3899/4015
f 4020/4136 4022/4138 4021/4139 4019/4137
f 4020/4136 3901/4017 3903/4019 4022/4138
f 4022/4138 4024/4140 4023/4141 4021/4139
f 4022/4138 3903/4019 3905/4021 4024/4140
f 4024/4140 4026/4142 4025/4143 4023/4141
f 4024/4140 3905/4021 3907/4023 4026/4142
f 4026/4142 4028/4144 4027/4145 4025/4143
f 4026/4142 3907/4023 3909/4025 4028/4144
f 4028/4144 3914/4030 4029/4146 4027/4145
f 4028/4144 3909/4025 3911/4027 3914/4030
f 4029/4146 4031/4147 4030/4148 4027/4145
f 4029/4146 4033/4149 4032/4150 4031/4147
f 4029/4146 3914/4030 3915/4029 4033/4149
f 4033/4149 4035/4151 4034/4152 4032/4150
f 4033/4149 3915/4029 3916/4032 4035/4151
f 4035/4151 4037/4153 4036/4154 4034/4152
f 4035/4151 3916/4032 3918/4034 4037/4153
f 4037/4153 4039/4155 4038/4156 4036/4154
f 4037/4153 3918/4034 3920/4036 4039/4155
f 4039/4155 4041/4157 4040/4158 4038/4156
f 4039/4155 3920/4036 3922/4038 4041/4157
f 4041/4157 3927/4043 4042/4159 4040/4158
f 4041/4157 3922/4038 3924/4040 3927/4043
f 4042/4159 4044/4160 4043/4161 4040/4158
f 4042/4159 4046/4162 4045/4163 4044/4160
f 4042/4159 3927/4043 3928/4042 4046/4162
f 4046/4162 4048/4164 4047/4165 4045/4163
f 4046/4162 3928/4042 3929/4045 4048/4164
f 4048/4164 4050/4166 4049/4167 4047/4165
f 4048/4164 3929/4045 3931/4047 4050/4166
f 4050/4166 4052/4168 4051/4169 4049/4167
f 4050/4166 3931/4047 3933/4049 4052/4168
f 4052/4168 3938/4054 4053/4170 4051/4169
f 4052/4168 3933/4049 3935/4051 3938/4054
f 4053/4170 4055/4171 4054/4172 4051/4169
f 4053/4170 3941/4057 4056/4173 4055/4171
f 4053/4170 3938/4054 3939/4053 3941/4057
f 4056/4173 4058/4174 4057/4175 4055/4171
f 4056/4173 4060/4176 4059/4177 4058/4174
f 4056/4173 3941/4057 3942/4056 4060/4176
f 4060/4176 4062/4178 4061/4179 4059/4177
f 4060/4176 3942/4056 3943/4059 4062/4178
f 4062/4178 4064/4180 4063/4181 4061/4179
f 4062/4178 3943/4059 3945/4061 4064/4180
f 4064/4180 4066/4182 4065/4183 4063/4181
f 4064/4180 3945/4061 3947/4063 4066/4182
f 4066/4182 4068/4184 4067/4185 4065/4183
f 4066/4182 3947/4063 3949/4065 4068/4184
f 4068/4184 4070/4186 4069/4187 4067/4185
f 4068/4184 3949/4065 3951/4067 4070/4186
f 4070/4186 4072/4188 4071/4189 4069/4187
f 4070/4186 3951/4067 3953/4069 4072/4188
f 4072/4188 4074/4190 4073/4191 4071/4189
f 4072/4188 3953/4069 3955/4071 4074/4190
f 4074/4190 4076/4192 4075/4193 4073/4191
f 4074/4190 3955/4071 3957/4073 4076/4192
f 4076/4192 4078/4194 4077/4195 4075/4193
f 4076/4192 3957/4073 3959/4075 4078/4194
f 4078/4194 4080/4196 4079/4197 4077/4195
f 4078/4194 3959/4075 3961/4198 4080/4196
f 4080/4196 4082/4199 4081/4200 4079/4197
f 4080/4196 3961/4198 3963/4201 4082/4199
f 4082/4199 4084/4202 4083/4203 4081/4200
f 4082/4199 3963/4201 3965/4204 4084/4202
f 4084/4202 4086/4205 4085/4206 4083/4203
f 4084/4202 3965/4204 3967/4207 4086/4205
f 4086/4205 4088/4208 4087/4209 4085/4206
f 4086/4205 3967/4207 3969/4210 4088/4208
f 4088/4211 4090/4212 4089/4213 4087/4214
f 4088/4211 3969/4087 3971/4089 4090/4212
f 4090/4212 4092/4215 4091/4216 4089/4213
f 4090/4212 3971/4089 3973/4091 4092/4215
f 4092/4215 4094/4217 4093/4218 4091/4216
f 4092/4215 3973/4091 3975/4093 4094/4217
f 4094/4217 4096/4219 4095/4220 4093/4218
f 4094/4217 3975/4093 3977/4095 4096/4219
f 4096/4219 4098/4221 4097/4222 4095/4220
f 4096/4219 3977/4095 3979/4097 4098/4221
f 4098/4221 4100/4223 4099/4224 4097/4222
f 4098/4221 3979/4097 3981/4099 4100/4223
f 4100/4223 4102/4225 4101/4226 4099/4224
f 4100/4223 3981/4099 3983/4101 4102/4225
f 4102/4225 4104/4227 4103/4228 4101/4226
f 4102/4225 3983/4101 3985/4103 4104/4227
f 4104/4227 4106/4229 4105/4230 4103/4228
f 4104/4227 3985/4103 3987/4105 4106/4229
f 4106/4229 4108/4231 4107/4232 4105/4230
f 4106/4229 3987/4105 3989/4107 4108/4231
f 4108/4231 4110/4233 4109/4234 4107/4232
f 4108/4231 3989/4107 3991/4109 4110/4233
f 4110/4233 4112/4235 4111/4236 4109/4234
f 4110/4233 3991/4109 3993/4111 4112/4235
f 4112/4235 4114/4237 4113/4238 4111/4236
f 4112/4235 3993/4111 3995/4113 4114/4237
f 4114/4237 4116/4239 4115/4240 4113/4238
f 4114/4237 3995/4113 3997/4115 4116/4239
f 4116/4239 4118/4241 4117/4242 4115/4240
f 4116/4239 3997/4115 3999/4117 4118/4241
f 4118/4241 4120/4243 4119/4244 4117/4242
f 4118/4241 3999/4117 4001/4119 4120/4243
f 4120/4243 4122/4245 4121/4246 4119/4244
f 4120/4243 4001/4119 4003/4121 4122/4245
f 4122/4245 4124/4247 4123/4248 4121/4246
f 4122/4245 4003/4121 4005/4123 4124/4247
f 4124/4247 4126/4249 4125/4250 4123/4248
f 4124/4247 4005/4123 4007/4125 4126/4249
f 4126/4249 4128/4251 4127/4252 4125/4250
f 4126/4249 4007/4125 4009/4127 4128/4251
f 4128/4251 4130/4253 4129/4254 4127/4252
f 4128/4251 4009/4127 4011/4129 4130/4253
f 4130/4253 4132/4255 4131/4256 4129/4254
f 4130/4253 4011/4129 4013/4131 4132/4255
f 4132/4255 4134/4257 4133/4258 4131/4256
f 4132/4255 4013/4131 4135/4259 4134/4257
f 4135/4259 4137/4260 4136/4261 4134/4257
f 4135/4259 4016/4134 4138/4262 4137/4260
f 4135/4259 4013/4131 4014/4130 4016/4134
f 4138/4262 4140/4263 4139/4264 4137/4260
f 4138/4262 4019/4137 4021/4139 4140/4263
f 4138/4262 4016/4134 4017/4133 4019/4137
f 4140/4263 4142/4265 4141/4266 4139/4264
f 4140/4263 4021/4139 4023/4141 4142/4265
f 4142/4265 4144/4267 4143/4268 4141/4266
f 4142/4265 4023/4141 4025/4143 4144/4267
f 4144/4267 4030/4148 4145/4269 4143/4268
f 4144/4267 4025/4143 4027/4145 4030/4148
f 4145/4269 4147/4270 4146/4271 4143/4268
f 4145/4269 4149/4272 4148/4273 4147/4270
f 4145/4269 4030/4148 4031/4147 4149/4272
f 4149/4272 4151/4274 4150/4275 4148/4273
f 4149/4272 4031/4147 4032/4150 4151/4274
f 4151/4274 4153/4276 4152/4277 4150/4275
f 4151/4274 4032/4150 4034/4152 4153/4276
f 4153/4276 4155/4278 4154/4279 4152/4277
f 4153/4276 4034/4152 4036/4154 4155/4278
f 4155/4278 4157/4280 4156/4281 4154/4279
f 4155/4278 4036/4154 4038/4156 4157/4280
f 4157/4280 4043/4161 4158/4282 4156/4281
f 4157/4280 4038/4156 4040/4158 4043/4161
f 4158/4282 4160/4283 4159/4284 4156/4281
f 4158/4282 4162/4285 4161/4286 4160/4283
f 4158/4282 4043/4161 4044/4160 4162/4285
f 4162/4285 4164/4287 4163/4288 4161/4286
f 4162/4285 4044/4160 4045/4163 4164/4287
f 4164/4287 4166/4289 4165/4290 4163/4288
f 4164/4287 4045/4163 4047/4165 4166/4289
f 4166/4289 4168/4291 4167/4292 4165/4290
f 4166/4289 4047/4165 4049/4167 4168/4291
f 4168/4291 4054/4172 4169/4293 4167/4292
f 4168/4291 4049/4167 4051/4169 4054/4172
f 4169/4293 4171/4294 4170/4295 4167/4292
f 4169/4293 4057/4175 4172/4296 4171/4294
f 4169/4293 4054/4172 4055/4171 4057/4175
f 4172/4296 4174/4297 4173/4298 4171/4294
f 4172/4296 4176/4299 4175/4300 4174/4297
f 4172/4296 4057/4175 4058/4174 4176/4299
f 4176/4299 4178/4301 4177/4302 4175/4300
f 4176/4299 4058/4174 4059/4177 4178/4301
f 4178/4301 4180/4303 4179/4304 4177/4302
f 4178/4301 4059/4177 4061/4179 4180/4303
f 4180/4303 4182/4305 4181/4306 4179/4304
f 4180/4303 4061/4179 4063/4181 4182/4305
f 4182/4305 4184/4307 4183/4308 4181/4306
f 4182/4305 4063/4181 4065/4183 4184/4307
f 4184/4307 4186/4309 4185/4310 4183/4308
f 4184/4307 4065/4183 4067/4185 4186/4309
f 4186/4309 4188/4311 4187/4312 4185/4310
f 4186/4309 4067/4185 4069/4187 4188/4311
f 4188/4311 4190/4313 4189/4314 4187/4312
f 4188/4311 4069/4187 4071/4189 4190/4313
f 4190/4313 4192/4315 4191/4316 4189/4314
f 4190/4313 4071/4189 4073/4191 4192/4315
f 4192/4315 4194/4317 4193/4318 4191/4316
f 4192/4315 4073/4191 4075/4193 4194/4317
f 4194/4317 4196/4319 4195/4320 4193/4318
f 4194/4317 4075/4193 4077/4195 4196/4319
f 4196/4319 4198/4321 4197/4322 4195/4320
f 4196/4319 4077/4195 4079/4197 4198/4321
f 4198/4321 4200/4323 4199/4324 4197/4322
f 4198/4321 4079/4197 4081/4200 4200/4323
f 4200/4323 4202/4325 4201/4326 4199/4324
f 4200/4323 4081/4200 4083/4203 4202/4325
f 4202/4325 4204/4327 4203/4328 4201/4326
f 4202/4325 4083/4203 4085/4206 4204/4327
f 4204/4327 4206/4329 4205/4330 4203/4328
f 4204/4327 4085/4206 4087/4209 4206/4329
f 4206/4331 4208/4332 4207/4333 4205/4334
f 4206/4331 4087/4214 4089/4213 4208/4332
f 4208/4332 4210/4335 4209/4336 4207/4333
f 4208/4332 4089/4213 4091/4216 4210/4335
f 4210/4335 4212/4337 4211/4338 4209/4336
f 4210/4335 4091/4216 4093/4218 4212/4337
f 4212/4337 4214/4339 4213/4340 4211/4338
f 4212/4337 4093/4218 4095/4220 4214/4339
f 4214/4339 4216/4341 4215/4342 4213/4340
f 4214/4339 4095/4220 4097/4222 4216/4341
f 4216/4341 4218/4343 4217/4344 4215/4342
f 4216/4341 4097/4222 4099/4224 4218/4343
f 4218/4343 4220/4345 4219/4346 4217/4344
f 4218/4343 4099/4224 4101/4226 4220/4345
f 4220/4345 4222/4347 4221/4348 4219/4346
f 4220/4345 4101/4226 4103/4228 4222/4347
f 4222/4347 4224/4349 4223/4350 4221/4348
f 4222/4347 4103/4228 4105/4230 4224/4349
f 4224/4349 4226/4351 4225/4352 4223/4350
f 4224/4349 4105/4230 4107/4232 4226/4351
f 4226/4351 4228/4353 4227/4354 4225/4352
f 4226/4351 4107/4232 4109/4234 4228/4353
f 4228/4353 4230/4355 4229/4356 4227/4354
f 4228/4353 4109/4234 4111/4236 4230/4355
f 4230/4355 4232/4357 4231/4358 4229/4356
f 4230/4355 4111/4236 4113/4238 4232/4357
f 4232/4357 4234/4359 4233/4360 4231/4358
f 4232/4357 4113/4238 4115/4240 4234/4359
f 4234/4359 4236/4361 4235/4362 4233/4360
f 4234/4359 4115/4240 4117/4242 4236/4361
f 4236/4361 4238/4363 4237/4364 4235/4362
f 4236/4361 4117/4242 4119/4244 4238/4363
f 4238/4363 4240/4365 4239/4366 4237/4364
f 4238/4363 4119/4244 4121/4246 4240/4365
f 4240/4365 4242/4367 4241/4368 4239/4366
f 4240/4365 4121/4246 4123/4248 4242/4367
f 4242/4367 4244/4369 4243/4370 4241/4368
f 4242/4367 4123/4248 4125/4250 4244/4369
f 4244/4369 4246/4371 4245/4372 4243/4370
f 4244/4369 4125/4250 4127/4252 4246/4371
f 4246/4371 4248/4373 4247/4374 4245/4372
f 4246/4371 4127/4252 4129/4254 4248/4373
f 4248/4373 4250/4375 4249/4376 4247/4374
f 4248/4373 4129/4254 4131/4256 4250/4375
f 4250/4375 4252/4377 4251/4378 4249/4376
f 4250/4375 4131/4256 4133/4258 4252/4377
f 4252/4377 4254/4379 4253/4380 4251/4378
f 4252/4377 4133/4258 4255/4381 4254/4379
f 4255/4381 4257/4382 4256/4383 4254/4379
f 4255/4381 4136/4261 4258/4384 4257/4382
f 4255/4381 4133/4258 4134/4257 4136/4261
f 4258/4384 4260/4385 4259/4386 4257/4382
f 4258/4384 4139/4264 4141/4266 4260/4385
f 4258/4384 4136/4261 4137/4260 4139/4264
f 4260/4385 4146/4271 4261/4387 4259/4386
f 4260/4385 4141/4266 4143/4268 4146/4271
f 4261/4387 4263/4388 4262/4389 4259/4386
f 4261/4387 4265/4390 4264/4391 4263/4388
f 4261/4387 4146/4271 4147/4270 4265/4390
f 4265/4390 4267/4392 4266/4393 4264/4391
f 4265/4390 4147/4270 4148/4273 4267/4392
f 4267/4392 4269/4394 4268/4395 4266/4393
f 4267/4392 4148/4273 4150/4275 4269/4394
f 4269/4394 4271/4396 4270/4397 4268/4395
f 4269/4394 4150/4275 4152/4277 4271/4396
f 4271/4396 4273/4398 4272/4399 4270/4397
f 4271/4396 4152/4277 4154/4279 4273/4398
f 4273/4398 4159/4284 4274/4400 4272/4399
f 4273/4398 4154/4279 4156/4281 4159/4284
f 4274/4400 4276/4401 4275/4402 4272/4399
f 4274/4400 4278/4403 4277/4404 4276/4401
f 4274/4400 4159/4284 4160/4283 4278/4403
f 4278/4403 4280/4405 4279/4406 4277/4404
f 4278/4403 4160/4283 4161/4286 4280/4405
f 4280/4405 4282/4407 4281/4408 4279/4406
f 4280/4405 4161/4286 4163/4288 4282/4407
f 4282/4407 4284/4409 4283/4410 4281/4408
f 4282/4407 4163/4288 4165/4290 4284/4409
f 4284/4409 4170/4295 4285/4411 4283/4410
f 4284/4409 4165/4290 4167/4292 4170/4295
f 4285/4411 4287/4412 4286/4413 4283/4410
f 4285/4411 4173/4298 4288/4414 4287/4412
f 4285/4411 4170/4295 4171/4294 4173/4298
f 4288/4414 4290/4415 4289/4416 4287/4412
f 4288/4414 4292/4417 4291/4418 4290/4415
f 4288/4414 4173/4298 4174/4297 4292/4417
f 4292/4417 4294/4419 4293/4420 4291/4418
f 4292/4417 4174/4297 4175/4300 4294/4419
f 4294/4419 4296/4421 4295/4422 4293/4420
f 4294/4419 4175/4300 4177/4302 4296/4421
f 4296/4421 4298/4423 4297/4424 4295/4422
f 4296/4421 4177/4302 4179/4304 4298/4423
f 4298/4423 4300/4425 4299/4426 4297/4424
f 4298/4423 4179/4304 4181/4306 4300/4425
f 4300/4425 4302/4427 4301/4428 4299/4426
f 4300/4425 4181/4306 4183/4308 4302/4427
f 4302/4427 4304/4429 4303/4430 4301/4428
f 4302/4427 4183/4308 4185/4310 4304/4429
f 4304/4429 4306/4431 4305/4432 4303/4430
f 4304/4429 4185/4310 4187/4312 4306/4431
f 4306/4431 4308/4433 4307/4434 4305/4432
f 4306/4431 4187/4312 4189/4314 4308/4433
f 4308/4433 4310/4435 4309/4436 4307/4434
f 4308/4433 4189/4314 4191/4316 4310/4435
f 4310/4435 4312/4437 4311/4438 4309/4436
f 4310/4435 4191/4316 4193/4318 4312/4437
f 4312/4437 4314/4439 4313/4440 4311/4438
f 4312/4437 4193/4318 4195/4320 4314/4439
f 4314/4439 4316/4441 4315/4442 4313/4440
f 4314/4439 4195/4320 4197/4322 4316/4441
f 4316/4441 4318/4443 4317/4444 4315/4442
f 4316/4441 4197/4322 4199/4324 4318/4443
f 4318/4443 4320/4445 4319/4446 4317/4444
f 4318/4443 4199/4324 4201/4326 4320/4445
f 4320/4445 4322/4447 4321/4448 4319/4446
f 4320/4445 4201/4326 4203/4328 4322/4447
f 4322/4447 4324/4449 4323/4450 4321/4448
f 4322/4447 4203/4328 4205/4330 4324/4449
f 4324/4451 4326/4452 4325/4453 4323/4454
f 4324/4451 4205/4334 4207/4333 4326/4452
f 4326/4452 4328/4455 4327/4456 4325/4453
f 4326/4452 4207/4333 4209/4336 4328/4455
f 4328/4455 4330/4457 4329/4458 4327/4456
f 4328/4455 4209/4336 4211/4338 4330/4457
f 4330/4457 4332/4459 4331/4460 4329/4458
f 4330/4457 4211/4338 4213/4340 4332/4459
f 4332/4459 4334/4461 4333/4462 4331/4460
f 4332/4459 4213/4340 4215/4342 4334/4461
f 4334/4461 4336/4463 4335/4464 4333/4462
f 4334/4461 4215/4342 4217/4344 4336/4463
f 4336/4463 4338/4465 4337/4466 4335/4464
f 4336/4463 4217/4344 4219/4346 4338/4465
f 4338/4465 4340/4467 4339/4468 4337/4466
f 4338/4465 4219/4346 4221/4348 4340/4467
f 4340/4467 4342/4469 4341/4470 4339/4468
f 4340/4467 4221/4348 4223/4350 4342/4469
f 4342/4469 4344/4471 4343/4472 4341/4470
f 4342/4469 4223/4350 4225/4352 4344/4471
f 4344/4471 4346/4473 4345/4474 4343/4472
f 4344/4471 4225/4352 4227/4354 4346/4473
f 4346/4473 4348/4475 4347/4476 4345/4474
f 4346/4473 4227/4354 4229/4356 4348/4475
f 4348/4475 4350/4477 4349/4478 4347/4476
f 4348/4475 4229/4356 4231/4358 4350/4477
f 4350/4477 4352/4479 4351/4480 4349/4478
f 4350/4477 4231/4358 4233/4360 4352/4479
f 4352/4479 4354/4481 4353/4482 4351/4480
f 4352/4479 4233/4360 4235/4362 4354/4481
f 4354/4481 4356/4483 4355/4484 4353/4482
f 4354/4481 4235/4362 4237/4364 4356/4483
f 4356/4483 4358/4485 4357/4486 4355/4484
f 4356/4483 4237/4364 4239/4366 4358/4485
f 4358/4485 4360/4487 4359/4488 4357/4486
f 4358/4485 4239/4366 4241/4368 4360/4487
f 4360/4487 4362/4489 4361/4490 4359/4488
f 4360/4487 4241/4368 4243/4370 4362/4489
f 4362/4489 4364/4491 4363/4492 4361/4490
f 4362/4489 4243/4370 4245/4372 4364/4491
f 4364/4491 4366/4493 4365/4494 4363/4492
f 4364/4491 4245/4372 4247/4374 4366/4493
f 4366/4493 4368/4495 4367/4496 4365/4494
f 4366/4493 4247/4374 4249/4376 4368/4495
f 4368/4495 4370/4497 4369/4498 4367/4496
f 4368/4495 4249/4376 4251/4378 4370/4497
f 4370/4497 4372/4499 4371/4500 4369/4498
f 4370/4497 4251/4378 4253/4380 4372/4499
f 4372/4499 4374/4501 4373/4502 4371/4500
f 4372/4499 4253/4380 4375/4503 4374/4501
f 4375/4503 4377/4504 4376/4505 4374/4501
f 4375/4503 4256/4383 4262/4389 4377/4504
f 4375/4503 4253/4380 4254/4379 4256/4383
f 4377/4504 4379/4506 4378/4507 4376/4505
f 4377/4504 4262/4389 4263/4388 4379/4506
f 4379/4506 4381/4508 4380/4509 4378/4507
f 4379/4506 4263/4388 4264/4391 4381/4508
f 4381/4508 4383/4510 4382/4511 4380/4509
f 4381/4508 4264/4391 4266/4393 4383/4510
f 4383/4510 4385/4512 4384/4513 4382/4511
f 4383/4510 4266/4393 4268/4395 4385/4512
f 4385/4512 4387/4514 4386/4515 4384/4513
f 4385/4512 4268/4395 4270/4397 4387/4514
f 4387/4514 4275/4402 4388/4516 4386/4515
f 4387/4514 4270/4397 4272/4399 4275/4402
f 4388/4516 4390/4517 4389/4518 4386/4515
f 4388/4516 4392/4519 4391/4520 4390/4517
f 4388/4516 4275/4402 4276/4401 4392/4519
f 4392/4519 4394/4521 4393/4522 4391/4520
f 4392/4519 4276/4401 4277/4404 4394/4521
f 4394/4521 4396/4523 4395/4524 4393/4522
f 4394/4521 4277/4404 4279/4406 4396/4523
f 4396/4523 4398/4525 4397/4526 4395/4524
f 4396/4523 4279/4406 4281/4408 4398/4525
f 4398/4525 4286/4413 4399/4527 4397/4526
f 4398/4525 4281/4408 4283/4410 4286/4413
f 4399/4527 4401/4528 4400/4529 4397/4526
f 4399/4527 4289/4416 4402/4530 4401/4528
f 4399/4527 4286/4413 4287/4412 4289/4416
f 4402/4530 4404/4531 4403/4532 4401/4528
f 4402/4530 4406/4533 4405/4534 4404/4531
f 4402/4530 4289/4416 4290/4415 4406/4533
f 4406/4533 4408/4535 4407/4536 4405/4534
f 4406/4533 4290/4415 4291/4418 4408/4535
f 4408/4535 4410/4537 4409/4538 4407/4536
f 4408/4535 4291/4418 4293/4420 4410/4537
f 4410/4537 4412/4539 4411/4540 4409/4538
f 4410/4537 4293/4420 4295/4422 4412/4539
f 4412/4539 4414/4541 4413/4542 4411/4540
f 4412/4539 4295/4422 4297/4424 4414/4541
f 4414/4541 4416/4543 4415/4544 4413/4542
f 4414/4541 4297/4424 4299/4426 4416/4543
f 4416/4543 4418/4545 4417/4546 4415/4544
f 4416/4543 4299/4426 4301/4428 4418/4545
f 4418/4545 4420/4547 4419/4548 4417/4546
f 4418/4545 4301/4428 4303/4430 4420/4547
f 4420/4547 4422/4549 4421/4550 4419/4548
f 4420/4547 4303/4430 4305/4432 4422/4549
f 4422/4549 4424/4551 4423/4552 4421/4550
f 4422/4549 4305/4432 4307/4434 4424/4551
f 4424/4551 4426/4553 4425/4554 4423/4552
f 4424/4551 4307/4434 4309/4436 4426/4553
f 4426/4553 4428/4555 4427/4556 4425/4554
f 4426/4553 4309/4436 4311/4438 4428/4555
f 4428/4555 4430/4557 4429/4558 4427/4556
f 4428/4555 4311/4438 4313/4440 4430/4557
f 4430/4557 4432/4559 4431/4560 4429/4558
f 4430/4557 4313/4440 4315/4442 4432/4559
f 4432/4559 4434/4561 4433/4562 4431/4560
f 4432/4559 4315/4442 4317/4444 4434/4561
f 4434/4561 4436/4563 4435/4564 4433/4562
f 4434/4561 4317/4444 4319/4446 4436/4563
f 4436/4563 4438/4565 4437/4566 4435/4564
f 4436/4563 4319/4446 4321/4448 4438/4565
f 4438/4565 4440/4567 4439/4568 4437/4566
f 4438/4565 4321/4448 4323/4450 4440/4567
f 4440/4569 4442/4570 4441/4571 4439/4572
f 4440/4569 4323/4454 4325/4453 4442/4570
f 4442/4570 4444/4573 4443/4574 4441/4571
f 4442/4570 4325/4453 4327/4456 4444/4573
f 4444/4573 4446/4575 4445/4576 4443/4574
f 4444/4573 4327/4456 4329/4458 4446/4575
f 4446/4575 4448/4577 4447/4578 4445/4576
f 4446/4575 4329/4458 4331/4460 4448/4577
f 4448/4577 4450/4579 4449/4580 4447/4578
f 4448/4577 4331/4460 4333/4462 4450/4579
f 4450/4579 4452/4581 4451/4582 4449/4580
f 4450/4579 4333/4462 4335/4464 4452/4581
f 4452/4581 4454/4583 4453/4584 4451/4582
f 4452/4581 4335/4464 4337/4466 4454/4583
f 4454/4583 4456/4585 4455/4586 4453/4584
f 4454/4583 4337/4466 4339/4468 4456/4585
f 4456/4585 4458/4587 4457/4588 4455/4586
f 4456/4585 4339/4468 4341/4470 4458/4587
f 4458/4587 4460/4589 4459/4590 4457/4588
f 4458/4587 4341/4470 4343/4472 4460/4589
f 4460/4589 4462/4591 4461/4592 4459/4590
f 4460/4589 4343/4472 4345/4474 4462/4591
f 4462/4591 4464/4593 4463/4594 4461/4592
f 4462/4591 4345/4474 4347/4476 4464/4593
f 4464/4593 4466/4595 4465/4596 4463/4594
f 4464/4593 4347/4476 4349/4478 4466/4595
f 4466/4595 4468/4597 4467/4598 4465/4596
f 4466/4595 4349/4478 4351/4480 4468/4597
f 4468/4597 4470/4599 4469/4600 4467/4598
f 4468/4597 4351/4480 4353/4482 4470/4599
f 4470/4599 4472/4601 4471/4602 4469/4600
f 4470/4599 4353/4482 4355/4484 4472/4601
f 4472/4601 4474/4603 4473/4604 4471/4602
f 4472/4601 4355/4484 4357/4486 4474/4603
f 4474/4603 4476/4605 4475/4606 4473/4604
f 4474/4603 4357/4486 4359/4488 4476/4605
f 4476/4605 4478/4607 4477/4608 4475/4606
f 4476/4605 4359/4488 4361/4490 4478/4607
f 4478/4607 4480/4609 4479/4610 4477/4608
f 4478/4607 4361/4490 4363/4492 4480/4609
f 4480/4609 4482/4611 4481/4612 4479/4610
f 4480/4609 4363/4492 4365/4494 4482/4611
f 4482/4611 4484/4613 4483/4614 4481/4612
f 4482/4611 4365/4494 4367/4496 4484/4613
f 4484/4613 4486/4615 4485/4616 4483/4614
f 4484/4613 4367/4496 4369/4498 4486/4615
f 4486/4615 4488/4617 4487/4618 4485/4616
f 4486/4615 4369/4498 4371/4500 4488/4617
f 4488/4617 4490/4619 4489/4620 4487/4618
f 4488/4617 4371/4500 4373/4502 4490/4619
f 4490/4619 4492/4621 4491/4622 4489/4620
f 4490/4619 4373/4502 4493/4623 4492/4621
f 4493/4623 4495/4624 4494/4625 4492/4621
f 4493/4623 4376/4505 4378/4507 4495/4624
f 4493/4623 4373/4502 4374/4501 4376/4505
f 4495/4624 4497/4626 4496/4627 4494/4625
f 4495/4624 4378/4507 4380/4509 4497/4626
f 4497/4626 4499/4628 4498/4629 4496/4627
f 4497/4626 4380/4509 4382/4511 4499/4628
f 4499/4628 4501/4630 4500/4631 4498/4629
f 4499/4628 4382/4511 4384/4513 4501/4630
f 4501/4630 4389/4518 4502/4632 4500/4631
f 4501/4630 4384/4513 4386/4515 4389/4518
f 4502/4632 4504/4633 4503/4634 4500/4631
f 4502/4632 4506/4635 4505/4636 4504/4633
f 4502/4632 4389/4518 4390/4517 4506/4635
f 4506/4635 4508/4637 4507/4638 4505/4636
f 4506/4635 4390/4517 4391/4520 4508/4637
f 4508/4637 4510/4639 4509/4640 4507/4638
f 4508/4637 4391/4520 4393/4522 4510/4639
f 4510/4639 4512/4641 4511/4642 4509/4640
f 4510/4639 4393/4522 4395/4524 4512/4641
f 4512/4641 4400/4529 4513/4643 4511/4642
f 4512/4641 4395/4524 4397/4526 4400/4529
f 4513/4643 4515/4644 4514/4645 4511/4642
f 4513/4643 4403/4532 4516/4646 4515/4644
f 4513/4643 4400/4529 4401/4528 4403/4532
f 4516/4646 4518/4647 4517/4648 4515/4644
f 4516/4646 4520/4649 4519/4650 4518/4647
f 4516/4646 4403/4532 4404/4531 4520/4649
f 4520/4649 4522/4651 4521/4652 4519/4650
f 4520/4649 4404/4531 4405/4534 4522/4651
f 4522/4651 4524/4653 4523/4654 4521/4652
f 4522/4651 4405/4534 4407/4536 4524/4653
f 4524/4653 4526/4655 4525/4656 4523/4654
f 4524/4653 4407/4536 4409/4538 4526/4655
f 4526/4655 4528/4657 4527/4658 4525/4656
f 4526/4655 4409/4538 4411/4540 4528/4657
f 4528/4657 4530/4659 4529/4660 4527/4658
f 4528/4657 4411/4540 4413/4542 4530/4659
f 4530/4659 4532/4661 4531/4662 4529/4660
f 4530/4659 4413/4542 4415/4544 4532/4661
f 4532/4661 4534/4663 4533/4664 4531/4662
f 4532/4661 4415/4544 4417/4546 4534/4663
f 4534/4663 4536/4665 4535/4666 4533/4664
f 4534/4663 4417/4546 4419/4548 4536/4665
f 4536/4665 4538/4667 4537/4668 4535/4666
f 4536/4665 4419/4548 4421/4550 4538/4667
f 4538/4667 4540/4669 4539/4670 4537/4668
f 4538/4667 4421/4550 4423/4552 4540/4669
f 4540/4669 4542/4671 4541/4672 4539/4670
f 4540/4669 4423/4552 4425/4554 4542/4671
f 4542/4671 4544/4673 4543/4674 4541/4672
f 4542/4671 4425/4554 4427/4556 4544/4673
f 4544/4673 4546/4675 4545/4676 4543/4674
f 4544/4673 4427/4556 4429/4558 4546/4675
f 4546/4675 4548/4677 4547/4678 4545/4676
f 4546/4675 4429/4558 4431/4560 4548/4677
f 4548/4677 4550/4679 4549/4680 4547/4678
f 4548/4677 4431/4560 4433/4562 4550/4679
f 4550/4679 4552/4681 4551/4682 4549/4680
f 4550/4679 4433/4562 4435/4564 4552/4681
f 4552/4681 4554/4683 4553/4684 4551/4682
f 4552/4681 4435/4564 4437/4566 4554/4683
f 4554/4683 4556/4685 4555/4686 4553/4684
f 4554/4683 4437/4566 4439/4568 4556/4685
f 4556/4687 4558/4688 4557/4689 4555/4690
f 4556/4687 4439/4572 4441/4571 4558/4688
f 4558/4688 4560/4691 4559/4692 4557/4689
f 4558/4688 4441/4571 4443/4574 4560/4691
f 4560/4691 4562/4693 4561/4694 4559/4692
f 4560/4691 4443/4574 4445/4576 4562/4693
f 4562/4693 4564/4695 4563/4696 4561/4694
f 4562/4693 4445/4576 4447/4578 4564/4695
f 4564/4695 4566/4697 4565/4698 4563/4696
f 4564/4695 4447/4578 4449/4580 4566/4697
f 4566/4697 4568/4699 4567/4700 4565/4698
f 4566/4697 4449/4580 4451/4582 4568/4699
f 4568/4699 4570/4701 4569/4702 4567/4700
f 4568/4699 4451/4582 4453/4584 4570/4701
f 4570/4701 4572/4703 4571/4704 4569/4702
f 4570/4701 4453/4584 4455/4586 4572/4703
f 4572/4703 4574/4705 4573/4706 4571/4704
f 4572/4703 4455/4586 4457/4588 4574/4705
f 4574/4705 4576/4707 4575/4708 4573/4706
f 4574/4705 4457/4588 4459/4590 4576/4707
f 4576/4707 4578/4709 4577/4710 4575/4708
f 4576/4707 4459/4590 4461/4592 4578/4709
f 4578/4709 4580/4711 4579/4712 4577/4710
f 4578/4709 4461/4592 4463/4594 4580/4711
f 4580/4711 4582/4713 4581/4714 4579/4712
f 4580/4711 4463/4594 4465/4596 4582/4713
f 4582/4713 4584/4715 4583/4716 4581/4714
f 4582/4713 4465/4596 4467/4598 4584/4715
f 4584/4715 4586/4717 4585/4718 4583/4716
f 4584/4715 4467/4598 4469/4600 4586/4717
f 4586/4717 4588/4719 4587/4720 4585/4718
f 4586/4717 4469/4600 4471/4602 4588/4719
f 4588/4719 4590/4721 4589/4722 4587/4720
f 4588/4719 4471/4602 4473/4604 4590/4721
f 4590/4721 4592/4723 4591/4724 4589/4722
f 4590/4721 4473/4604 4475/4606 4592/4723
f 4592/4723 4594/4725 4593/4726 4591/4724
f 4592/4723 4475/4606 4477/4608 4594/4725
f 4594/4725 4596/4727 4595/4728 4593/4726
f 4594/4725 4477/4608 4479/4610 4596/4727
f 4596/4727 4598/4729 4597/4730 4595/4728
f 4596/4727 4479/4610 4481/4612 4598/4729
f 4598/4729 4600/4731 4599/4732 4597/4730
f 4598/4729 4481/4612 4483/4614 4600/4731
f 4600/4731 4602/4733 4601/4734 4599/4732
f 4600/4731 4483/4614 4485/4616 4602/4733
f 4602/4733 4604/4735 4603/4736 4601/4734
f 4602/4733 4485/4616 4487/4618 4604/4735
f 4604/4735 4606/4737 4605/4738 4603/4736
f 4604/4735 4487/4618 4489/4620 4606/4737
f 4606/4737 4608/4739 4607/4740 4605/4738
f 4606/4737 4489/4620 4491/4622 4608/4739
f 4608/4739 4610/4741 4609/4742 4607/4740
f 4608/4739 4491/4622 4611/4743 4610/4741
f 4611/4743 4613/4744 4612/4745 4610/4741
f 4611/4743 4494/4625 4496/4627 4613/4744
f 4611/4743 4491/4622 4492/4621 4494/4625
f 4613/4744 4615/4746 4614/4747 4612/4745
f 4613/4744 4496/4627 4498/4629 4615/4746
f 4615/4746 4503/4634 4616/4748 4614/4747
f 4615/4746 4498/4629 4500/4631 4503/4634
f 4616/4748 4618/4749 4617/4750 4614/4747
f 4616/4748 4620/4751 4619/4752 4618/4749
f 4616/4748 4503/4634 4504/4633 4620/4751
f 4620/4751 4622/4753 4621/4754 4619/4752
f 4620/4751 4504/4633 4505/4636 4622/4753
f 4622/4753 4624/4755 4623/4756 4621/4754
f 4622/4753 4505/4636 4507/4638 4624/4755
f 4624/4755 4626/4757 4625/4758 4623/4756
f 4624/4755 4507/4638 4509/4640 4626/4757
f 4626/4757 4514/4645 4627/4759 4625/4758
f 4626/4757 4509/4640 4511/4642 4514/4645
f 4627/4759 4629/4760 4628/4761 4625/4758
f 4627/4759 4517/4648 4630/4762 4629/4760
f 4627/4759 4514/4645 4515/4644 4517/4648
f 4630/4762 4632/4763 4631/4764 4629/4760
f 4630/4762 4634/4765 4633/4766 4632/4763
f 4630/4762 4517/4648 4518/4647 4634/4765
f 4634/4765 4636/4767 4635/4768 4633/4766
f 4634/4765 4518/4647 4519/4650 4636/4767
f 4636/4767 4638/4769 4637/4770 4635/4768
f 4636/4767 4519/4650 4521/4652 4638/4769
f 4638/4769 4640/4771 4639/4772 4637/4770
f 4638/4769 4521/4652 4523/4654 4640/4771
f 4640/4771 4642/4773 4641/4774 4639/4772
f 4640/4771 4523/4654 4525/4656 4642/4773
f 4642/4773 4644/4775 4643/4776 4641/4774
f 4642/4773 4525/4656 4527/4658 4644/4775
f 4644/4775 4646/4777 4645/4778 4643/4776
f 4644/4775 4527/4658 4529/4660 4646/4777
f 4646/4777 4648/4779 4647/4780 4645/4778
f 4646/4777 4529/4660 4531/4662 4648/4779
f 4648/4779 4650/4781 4649/4782 4647/4780
f 4648/4779 4531/4662 4533/4664 4650/4781
f 4650/4781 4652/4783 4651/4784 4649/4782
f 4650/4781 4533/4664 4535/4666 4652/4783
f 4652/4783 4654/4785 4653/4786 4651/4784
f 4652/4783 4535/4666 4537/4668 4654/4785
f 4654/4785 4656/4787 4655/4788 4653/4786
f 4654/4785 4537/4668 4539/4670 4656/4787
f 4656/4787 4658/4789 4657/4790 4655/4788
f 4656/4787 4539/4670 4541/4672 4658/4789
f 4658/4789 4660/4791 4659/4792 4657/4790
f 4658/4789 4541/4672 4543/4674 4660/4791
f 4660/4791 4662/4793 4661/4794 4659/4792
f 4660/4791 4543/4674 4545/4676 4662/4793
f 4662/4793 4664/4795 4663/4796 4661/4794
f 4662/4793 4545/4676 4547/4678 4664/4795
f 4664/4795 4666/4797 4665/4798 4663/4796
f 4664/4795 4547/4678 4549/4680 4666/4797
f 4666/4797 4668/4799 4667/4800 4665/4798
f 4666/4797 4549/4680 4551/4682 4668/4799
f 4668/4799 4670/4801 4669/4802 4667/4800
f 4668/4799 4551/4682 4553/4684 4670/4801
f 4670/4801 4672/4803 4671/4804 4669/4802
f 4670/4801 4553/4684 4555/4686 4672/4803
f 4672/4805 4674/4806 4673/4807 4671/4808
f 4672/4805 4555/4690 4557/4689 4674/4806
f 4674/4806 4676/4809 4675/4810 4673/4807
f 4674/4806 4557/4689 4559/4692 4676/4809
f 4676/4809 4678/4811 4677/4812 4675/4810
f 4676/4809 4559/4692 4561/4694 4678/4811
f 4678/4811 4680/4813 4679/4814 4677/4812
f 4678/4811 4561/4694 4563/4696 4680/4813
f 4680/4813 4682/4815 4681/4816 4679/4814
f 4680/4813 4563/4696 4565/4698 4682/4815
f 4682/4815 4684/4817 4683/4818 4681/4816
f 4682/4815 4565/4698 4567/4700 4684/4817
f 4684/4817 4686/4819 4685/4820 4683/4818
f 4684/4817 4567/4700 4569/4702 4686/4819
f 4686/4819 4688/4821 4687/4822 4685/4820
f 4686/4819 4569/4702 4571/4704 4688/4821
f 4688/4821 4690/4823 4689/4824 4687/4822
f 4688/4821 4571/4704 4573/4706 4690/4823
f 4690/4823 4692/4825 4691/4826 4689/4824
f 4690/4823 4573/4706 4575/4708 4692/4825
f 4692/4825 4694/4827 4693/4828 4691/4826
f 4692/4825 4575/4708 4577/4710 4694/4827
f 4694/4827 4696/4829 4695/4830 4693/4828
f 4694/4827 4577/4710 4579/4712 4696/4829
f 4696/4829 4698/4831 4697/4832 4695/4830
f 4696/4829 4579/4712 4581/4714 4698/4831
f 4698/4831 4700/4833 4699/4834 4697/4832
f 4698/4831 4581/4714 4583/4716 4700/4833
f 4700/4833 4702/4835 4701/4836 4699/4834
f 4700/4833 4583/4716 4585/4718 4702/4835
f 4702/4835 4704/4837 4703/4838 4701/4836
f 4702/4835 4585/4718 4587/4720 4704/4837
f 4704/4837 4706/4839 4705/4840 4703/4838
f 4704/4837 4587/4720 4589/4722 4706/4839
f 4706/4839 4708/4841 4707/4842 4705/4840
f 4706/4839 4589/4722 4591/4724 4708/4841
f 4708/4841 4710/4843 4709/4844 4707/4842
f 4708/4841 4591/4724 4593/4726 4710/4843
f 4710/4843 4712/4845 4711/4846 4709/4844
f 4710/4843 4593/4726 4595/4728 4712/4845
f 4712/4845 4714/4847 4713/4848 4711/4846
f 4712/4845 4595/4728 4597/4730 4714/4847
f 4714/4847 4716/4849 4715/4850 4713/4848
f 4714/4847 4597/4730 4599/4732 4716/4849
f 4716/4849 4718/4851 4717/4852 4715/4850
f 4716/4849 4599/4732 4601/4734 4718/4851
f 4718/4851 4720/4853 4719/4854 4717/4852
f 4718/4851 4601/4734 4603/4736 4720/4853
f 4720/4853 4722/4855 4721/4856 4719/4854
f 4720/4853 4603/4736 4605/4738 4722/4855
f 4722/4855 4724/4857 4723/4858 4721/4856
f 4722/4855 4605/4738 4607/4740 4724/4857
f 4724/4857 4726/4859 4725/4860 4723/4858
f 4724/4857 4607/4740 4609/4742 4726/4859
f 4726/4859 4728/4861 4727/4862 4725/4860
f 4726/4859 4609/4742 4729/4863 4728/4861
f 4729/4863 4617/4750 4730/4864 4728/4861
f 4729/4863 4612/4745 4614/4747 4617/4750
f 4729/4863 4609/4742 4610/4741 4612/4745
f 4730/4864 4731/4865 4727/4862 4728/4861
f 4730/4864 4733/4866 4732/4867 4731/4865
f 4730/4864 4617/4750 4618/4749 4733/4866
f 4733/4866 4735/4868 4734/4869 4732/4867
f 4733/4866 4618/4749 4619/4752 4735/4868
f 4735/4868 4737/4870 4736/4871 4734/4869
f 4735/4868 4619/4752 4621/4754 4737/4870
f 4737/4870 4739/4872 4738/4873 4736/4871
f 4737/4870 4621/4754 4623/4756 4739/4872
f 4739/4872 4628/4761 4740/4874 4738/4873
f 4739/4872 4623/4756 4625/4758 4628/4761
f 4740/4874 4742/4875 4741/4876 4738/4873
f 4740/4874 4631/4764 4743/4877 4742/4875
f 4740/4874 4628/4761 4629/4760 4631/4764
f 4743/4877 4745/4878 4744/4879 4742/4875
f 4743/4877 4747/4880 4746/4881 4745/4878
f 4743/4877 4631/4764 4632/4763 4747/4880
f 4747/4880 4749/4882 4748/4883 4746/4881
f 4747/4880 4632/4763 4633/4766 4749/4882
f 4749/4882 4751/4884 4750/4885 4748/4883
f 4749/4882 4633/4766 4635/4768 4751/4884
f 4751/4884 4753/4886 4752/4887 4750/4885
f 4751/4884 4635/4768 4637/4770 4753/4886
f 4753/4886 4755/4888 4754/4889 4752/4887
f 4753/4886 4637/4770 4639/4772 4755/4888
f 4755/4888 4757/4890 4756/4891 4754/4889
f 4755/4888 4639/4772 4641/4774 4757/4890
f 4757/4890 4759/4892 4758/4893 4756/4891
f 4757/4890 4641/4774 4643/4776 4759/4892
f 4759/4892 4761/4894 4760/4895 4758/4893
f 4759/4892 4643/4776 4645/4778 4761/4894
f 4761/4894 4763/4896 4762/4897 4760/4895
f 4761/4894 4645/4778 4647/4780 4763/4896
f 4763/4896 4765/4898 4764/4899 4762/4897
f 4763/4896 4647/4780 4649/4782 4765/4898
f 4765/4898 4767/4900 4766/4901 4764/4899
f 4765/4898 4649/4782 4651/4784 4767/4900
f 4767/4900 4769/4902 4768/4903 4766/4901
f 4767/4900 4651/4784 4653/4786 4769/4902
f 4769/4902 4771/4904 4770/4905 4768/4903
f 4769/4902 4653/4786 4655/4788 4771/4904
f 4771/4904 4773/4906 4772/4907 4770/4905
f 4771/4904 4655/4788 4657/4790 4773/4906
f 4773/4906 4775/4908 4774/4909 4772/4907
f 4773/4906 4657/4790 4659/4792 4775/4908
f 4775/4908 4777/4910 4776/4911 4774/4909
f 4775/4908 4659/4792 4661/4794 4777/4910
f 4777/4910 4779/4912 4778/4913 4776/4911
f 4777/4910 4661/4794 4663/4796 4779/4912
f 4779/4912 4781/4914 4780/4915 4778/4913
f 4779/4912 4663/4796 4665/4798 4781/4914
f 4781/4914 4783/4916 4782/4917 4780/4915
f 4781/4914 4665/4798 4667/4800 4783/4916
f 4783/4916 4785/4918 4784/4919 4782/4917
f 4783/4916 4667/4800 4669/4802 4785/4918
f 4785/4918 4787/4920 4786/4921 4784/4919
f 4785/4918 4669/4802 4671/4804 4787/4920
f 4787/4922 4789/4923 4788/4924 4786/4925
f 4787/4922 4671/4808 4673/4807 4789/4923
f 4789/4923 4791/4926 4790/4927 4788/4924
f 4789/4923 4673/4807 4675/4810 4791/4926
f 4791/4926 4793/4928 4792/4929 4790/4927
f 4791/4926 4675/4810 4677/4812 4793/4928
f 4793/4928 4795/4930 4794/4931 4792/4929
f 4793/4928 4677/4812 4679/4814 4795/4930
f 4795/4930 4797/4932 4796/4933 4794/4931
f 4795/4930 4679/4814 4681/4816 4797/4932
f 4797/4932 4799/4934 4798/4935 4796/4933
f 4797/4932 4681/4816 4683/4818 4799/4934
f 4799/4934 4801/4936 4800/4937 4798/4935
f 4799/4934 4683/4818 4685/4820 4801/4936
f 4801/4936 4803/4938 4802/4939 4800/4937
f 4801/4936 4685/4820 4687/4822 4803/4938
f 4803/4938 4805/4940 4804/4941 4802/4939
f 4803/4938 4687/4822 4689/4824 4805/4940
f 4805/4940 4807/4942 4806/4943 4804/4941
f 4805/4940 4689/4824 4691/4826 4807/4942
f 4807/4942 4809/4944 4808/4945 4806/4943
f 4807/4942 4691/4826 4693/4828 4809/4944
f 4809/4944 4811/4946 4810/4947 4808/4945
f 4809/4944 4693/4828 4695/4830 4811/4946
f 4811/4946 4813/4948 4812/4949 4810/4947
f 4811/4946 4695/4830 4697/4832 4813/4948
f 4813/4948 4815/4950 4814/4951 4812/4949
f 4813/4948 4697/4832 4699/4834 4815/4950
f 4815/4950 4817/4952 4816/4953 4814/4951
f 4815/4950 4699/4834 4701/4836 4817/4952
f 4817/4952 4819/4954 4818/4955 4816/4953
f 4817/4952 4701/4836 4703/4838 4819/4954
f 4819/4954 4821/4956 4820/4957 4818/4955
f 4819/4954 4703/4838 4705/4840 4821/4956
f 4821/4956 4823/4958 4822/4959 4820/4957
f 4821/4956 4705/4840 4707/4842 4823/4958
f 4823/4958 4825/4960 4824/4961 4822/4959
f 4823/4958 4707/4842 4709/4844 4825/4960
f 4825/4960 4827/4962 4826/4963 4824/4961
f 4825/4960 4709/4844 4711/4846 4827/4962
f 4827/4962 4829/4964 4828/4965 4826/4963
f 4827/4962 4711/4846 4713/4848 4829/4964
f 4829/4964 4831/4966 4830/4967 4828/4965
f 4829/4964 4713/4848 4715/4850 4831/4966
f 4831/4966 4833/4968 4832/4969 4830/4967
f 4831/4966 4715/4850 4717/4852 4833/4968
f 4833/4968 4835/4970 4834/4971 4832/4969
f 4833/4968 4717/4852 4719/4854 4835/4970
f 4835/4970 4837/4972 4836/4973 4834/4971
f 4835/4970 4719/4854 4721/4856 4837/4972
f 4837/4972 4839/4974 4838/4975 4836/4973
f 4837/4972 4721/4856 4723/4858 4839/4974
f 4839/4974 4841/4976 4840/4977 4838/4975
f 4839/4974 4723/4858 4725/4860 4841/4976
f 4841/4976 4843/4978 4842/4979 4840/4977
f 4841/4976 4725/4860 4727/4862 4843/4978
f 4843/4978 4845/4980 4844/4981 4842/4979
f 4843/4978 4727/4862 4731/4865 4845/4980
f 4845/4980 4847/4982 4846/4983 4844/4981
f 4845/4980 4731/4865 4732/4867 4847/4982
f 4847/4982 4849/4984 4848/4985 4846/4983
f 4847/4982 4732/4867 4734/4869 4849/4984
f 4849/4984 4851/4986 4850/4987 4848/4985
f 4849/4984 4734/4869 4736/4871 4851/4986
f 4851/4986 4741/4876 4852/4988 4850/4987
f 4851/4986 4736/4871 4738/4873 4741/4876
f 4852/4988 4854/4989 4853/4990 4850/4987
f 4852/4988 4744/4879 4855/4991 4854/4989
f 4852/4988 4741/4876 4742/4875 4744/4879
f 4855/4991 4857/4992 4856/4993 4854/4989
f 4855/4991 4859/4994 4858/4995 4857/4992
f 4855/4991 4744/4879 4745/4878 4859/4994
f 4859/4994 4861/4996 4860/4997 4858/4995
f 4859/4994 4745/4878 4746/4881 4861/4996
f 4861/4996 4863/4998 4862/4999 4860/4997
f 4861/4996 4746/4881 4748/4883 4863/4998
f 4863/4998 4865/5000 4864/5001 4862/4999
f 4863/4998 4748/4883 4750/4885 4865/5000
f 4865/5000 4867/5002 4866/5003 4864/5001
f 4865/5000 4750/4885 4752/4887 4867/5002
f 4867/5002 4869/5004 4868/5005 4866/5003
f 4867/5002 4752/4887 4754/4889 4869/5004
f 4869/5004 4871/5006 4870/5007 4868/5005
f 4869/5004 4754/4889 4756/4891 4871/5006
f 4871/5006 4873/5008 4872/5009 4870/5007
f 4871/5006 4756/4891 4758/4893 4873/5008
f 4873/5008 4875/5010 4874/5011 4872/5009
f 4873/5008 4758/4893 4760/4895 4875/5010
f 4875/5010 4877/5012 4876/5013 4874/5011
f 4875/5010 4760/4895 4762/4897 4877/5012
f 4877/5012 4879/5014 4878/5015 4876/5013
f 4877/5012 4762/4897 4764/4899 4879/5014
f 4879/5014 4881/5016 4880/5017 4878/5015
f 4879/5014 4764/4899 4766/4901 4881/5016
f 4881/5016 4883/5018 4882/5019 4880/5017
f 4881/5016 4766/4901 4768/4903 4883/5018
f 4883/5018 4885/5020 4884/5021 4882/5019
f 4883/5018 4768/4903 4770/4905 4885/5020
f 4885/5020 4887/5022 4886/5023 4884/5021
f 4885/5020 4770/4905 4772/4907 4887/5022
f 4887/5022 4889/5024 4888/5025 4886/5023
f 4887/5022 4772/4907 4774/4909 4889/5024
f 4889/5024 4891/5026 4890/5027 4888/5025
f 4889/5024 4774/4909 4776/4911 4891/5026
f 4891/5026 4893/5028 4892/5029 4890/5027
f 4891/5026 4776/4911 4778/4913 4893/5028
f 4893/5028 4895/5030 4894/5031 4892/5029
f 4893/5028 4778/4913 4780/4915 4895/5030
f 4895/5030 4897/5032 4896/5033 4894/5031
f 4895/5030 4780/4915 4782/4917 4897/5032
f 4897/5032 4899/5034 4898/5035 4896/5033
f 4897/5032 4782/4917 4784/4919 4899/5034
f 4899/5034 4901/5036 4900/5037 4898/5035
f 4899/5034 4784/4919 4786/4921 4901/5036
f 4901/5038 4903/5039 4902/5040 4900/5041
f 4901/5038 4786/4925 4788/4924 4903/5039
f 4903/5039 4905/5042 4904/5043 4902/5040
f 4903/5039 4788/4924 4790/4927 4905/5042
f 4905/5042 4907/5044 4906/5045 4904/5043
f 4905/5042 4790/4927 4792/4929 4907/5044
f 4907/5044 4909/5046 4908/5047 4906/5045
f 4907/5044 4792/4929 4794/4931 4909/5046
f 4909/5046 4911/5048 4910/5049 4908/5047
f 4909/5046 4794/4931 4796/4933 4911/5048
f 4911/5048 4913/5050 4912/5051 4910/5049
f 4911/5048 4796/4933 4798/4935 4913/5050
f 4913/5050 4915/5052 4914/5053 4912/5051
f 4913/5050 4798/4935 4800/4937 4915/5052
f 4915/5052 4917/5054 4916/5055 4914/5053
f 4915/5052 4800/4937 4802/4939 4917/5054
f 4917/5054 4919/5056 4918/5057 4916/5055
f 4917/5054 4802/4939 4804/4941 4919/5056
f 4919/5056 4921/5058 4920/5059 4918/5057
f 4919/5056 4804/4941 4806/4943 4921/5058
f 4921/5058 4923/5060 4922/5061 4920/5059
f 4921/5058 4806/4943 4808/4945 4923/5060
f 4923/5060 4925/5062 4924/5063 4922/5061
f 4923/5060 4808/4945 4810/4947 4925/5062
f 4925/5062 4927/5064 4926/5065 4924/5063
f 4925/5062 4810/4947 4812/4949 4927/5064
f 4927/5064 4929/5066 4928/5067 4926/5065
f 4927/5064 4812/4949 4814/4951 4929/5066
f 4929/5066 4931/5068 4930/5069 4928/5067
f 4929/5066 4814/4951 4816/4953 4931/5068
f 4931/5068 4933/5070 4932/5071 4930/5069
f 4931/5068 4816/4953 4818/4955 4933/5070
f 4933/5070 4935/5072 4934/5073 4932/5071
f 4933/5070 4818/4955 4820/4957 4935/5072
f 4935/5072 4937/5074 4936/5075 4934/5073
f 4935/5072 4820/4957 4822/4959 4937/5074
f 4937/5074 4939/5076 4938/5077 4936/5075
f 4937/5074 4822/4959 4824/4961 4939/5076
f 4939/5076 4941/5078 4940/5079 4938/5077
f 4939/5076 4824/4961 4826/4963 4941/5078
f 4941/5078 4943/5080 4942/5081 4940/5079
f 4941/5078 4826/4963 4828/4965 4943/5080
f 4943/5080 4945/5082 4944/5083 4942/5081
f 4943/5080 4828/4965 4830/4967 4945/5082
f 4945/5082 4947/5084 4946/5085 4944/5083
f 4945/5082 4830/4967 4832/4969 4947/5084
f 4947/5084 4949/5086 4948/5087 4946/5085
f 4947/5084 4832/4969 4834/4971 4949/5086
f 4949/5086 4951/5088 4950/5089 4948/5087
f 4949/5086 4834/4971 4836/4973 4951/5088
f 4951/5088 4953/5090 4952/5091 4950/5089
f 4951/5088 4836/4973 4838/4975 4953/5090
f 4953/5090 4955/5092 4954/5093 4952/5091
f 4953/5090 4838/4975 4840/4977 4955/5092
f 4955/5092 4957/5094 4956/5095 4954/5093
f 4955/5092 4840/4977 4842/4979 4957/5094
f 4957/5094 4959/5096 4958/5097 4956/5095
f 4957/5094 4842/4979 4844/4981 4959/5096
f 4959/5096 4961/5098 4960/5099 4958/5097
f 4959/5096 4844/4981 4846/4983 4961/5098
f 4961/5098 4963/5100 4962/5101 4960/5099
f 4961/5098 4846/4983 4848/4985 4963/5100
f 4963/5100 4853/4990 4964/5102 4962/5101
f 4963/5100 4848/4985 4850/4987 4853/4990
f 4964/5102 4966/5103 4965/5104 4962/5101
f 4964/5102 4856/4993 4967/5105 4966/5103
f 4964/5102 4853/4990 4854/4989 4856/4993
f 4967/5105 4969/5106 4968/5107 4966/5103
f 4967/5105 4971/5108 4970/5109 4969/5106
f 4967/5105 4856/4993 4857/4992 4971/5108
f 4971/5108 4973/5110 4972/5111 4970/5109
f 4971/5108 4857/4992 4858/4995 4973/5110
f 4973/5110 4975/5112 4974/5113 4972/5111
f 4973/5110 4858/4995 4860/4997 4975/5112
f 4975/5112 4977/5114 4976/5115 4974/5113
f 4975/5112 4860/4997 4862/4999 4977/5114
f 4977/5114 4979/5116 4978/5117 4976/5115
f 4977/5114 4862/4999 4864/5001 4979/5116
f 4979/5116 4981/5118 4980/5119 4978/5117
f 4979/5116 4864/5001 4866/5003 4981/5118
f 4981/5118 4983/5120 4982/5121 4980/5119
f 4981/5118 4866/5003 4868/5005 4983/5120
f 4983/5120 4985/5122 4984/5123 4982/5121
f 4983/5120 4868/5005 4870/5007 4985/5122
f 4985/5122 4987/5124 4986/5125 4984/5123
f 4985/5122 4870/5007 4872/5009 4987/5124
f 4987/5124 4989/5126 4988/5127 4986/5125
f 4987/5124 4872/5009 4874/5011 4989/5126
f 4989/5126 4991/5128 4990/5129 4988/5127
f 4989/5126 4874/5011 4876/5013 4991/5128
f 4991/5128 4993/5130 4992/5131 4990/5129
f 4991/5128 4876/5013 4878/5015 4993/5130
f 4993/5130 4995/5132 4994/5133 4992/5131
f 4993/5130 4878/5015 4880/5017 4995/5132
f 4995/5132 4997/5134 4996/5135 4994/5133
f 4995/5132 4880/5017 4882/5019 4997/5134
f 4997/5134 4999/5136 4998/5137 4996/5135
f 4997/5134 4882/5019 4884/5021 4999/5136
f 4999/5136 5001/5138 5000/5139 4998/5137
f 4999/5136 4884/5021 4886/5023 5001/5138
f 5001/5138 5003/5140 5002/5141 5000/5139
f 5001/5138 4886/5023 4888/5025 5003/5140
f 5003/5140 5005/5142 5004/5143 5002/5141
f 5003/5140 4888/5025 4890/5027 5005/5142
f 5005/5142 5007/5144 5006/5145 5004/5143
f 5005/5142 4890/5027 4892/5029 5007/5144
f 5007/5144 5009/5146 5008/5147 5006/5145
f 5007/5144 4892/5029 4894/5031 5009/5146
f 5009/5146 5011/5148 5010/5149 5008/5147
f 5009/5146 4894/5031 4896/5033 5011/5148
f 5011/5148 5013/5150 5012/5151 5010/5149
f 5011/5148 4896/5033 4898/5035 5013/5150
f 5013/5150 5015/5152 5014/5153 5012/5151
f 5013/5150 4898/5035 4900/5037 5015/5152
f 5015/5154 5017/5155 5016/5156 5014/5157
f 5015/5154 4900/5041 4902/5040 5017/5155
f 5017/5155 5019/5158 5018/5159 5016/5156
f 5017/5155 4902/5040 4904/5043 5019/5158
f 5019/5158 5021/5160 5020/5161 5018/5159
f 5019/5158 4904/5043 4906/5045 5021/5160
f 5021/5160 5023/5162 5022/5163 5020/5161
f 5021/5160 4906/5045 4908/5047 5023/5162
f 5023/5162 5025/5164 5024/5165 5022/5163
f 5023/5162 4908/5047 4910/5049 5025/5164
f 5025/5164 5027/5166 5026/5167 5024/5165
f 5025/5164 4910/5049 4912/5051 5027/5166
f 5027/5166 5029/5168 5028/5169 5026/5167
f 5027/5166 4912/5051 4914/5053 5029/5168
f 5029/5168 5031/5170 5030/5171 5028/5169
f 5029/5168 4914/5053 4916/5055 5031/5170
f 5031/5170 5033/5172 5032/5173 5030/5171
f 5031/5170 4916/5055 4918/5057 5033/5172
f 5033/5172 5035/5174 5034/5175 5032/5173
f 5033/5172 4918/5057 4920/5059 5035/5174
f 5035/5174 5037/5176 5036/5177 5034/5175
f 5035/5174 4920/5059 4922/5061 5037/5176
f 5037/5176 5039/5178 5038/5179 5036/5177
f 5037/5176 4922/5061 4924/5063 5039/5178
f 5039/5178 5041/5180 5040/5181 5038/5179
f 5039/5178 4924/5063 4926/5065 5041/5180
f 5041/5180 5043/5182 5042/5183 5040/5181
f 5041/5180 4926/5065 4928/5067 5043/5182
f 5043/5182 5045/5184 5044/5185 5042/5183
f 5043/5182 4928/5067 4930/5069 5045/5184
f 5045/5184 5047/5186 5046/5187 5044/5185
f 5045/5184 4930/5069 4932/5071 5047/5186
f 5047/5186 5049/5188 5048/5189 5046/5187
f 5047/5186 4932/5071 4934/5073 5049/5188
f 5049/5188 5051/5190 5050/5191 5048/5189
f 5049/5188 4934/5073 4936/5075 5051/5190
f 5051/5190 5053/5192 5052/5193 5050/5191
f 5051/5190 4936/5075 4938/5077 5053/5192
f 5053/5192 5055/5194 5054/5195 5052/5193
f 5053/5192 4938/5077 4940/5079 5055/5194
f 5055/5194 5057/5196 5056/5197 5054/5195
f 5055/5194 4940/5079 4942/5081 5057/5196
f 5057/5196 5059/5198 5058/5199 5056/5197
f 5057/5196 4942/5081 4944/5083 5059/5198
f 5059/5198 5061/5200 5060/5201 5058/5199
f 5059/5198 4944/5083 4946/5085 5061/5200
f 5061/5200 5063/5202 5062/5203 5060/5201
f 5061/5200 4946/5085 4948/5087 5063/5202
f 5063/5202 5065/5204 5064/5205 5062/5203
f 5063/5202 4948/5087 4950/5089 5065/5204
f 5065/5204 5067/5206 5066/5207 5064/5205
f 5065/5204 4950/5089 4952/5091 5067/5206
f 5067/5206 5069/5208 5068/5209 5066/5207
f 5067/5206 4952/5091 4954/5093 5069/5208
f 5069/5208 5071/5210 5070/5211 5068/5209
f 5069/5208 4954/5093 4956/5095 5071/5210
f 5071/5210 5073/5212 5072/5213 5070/5211
f 5071/5210 4956/5095 4958/5097 5073/5212
f 5073/5212 5075/5214 5074/5215 5072/5213
f 5073/5212 4958/5097 4960/5099 5075/5214
f 5075/5214 4965/5104 5076/5216 5074/5215
f 5075/5214 4960/5099 4962/5101 4965/5104
f 5076/5216 5078/5217 5077/5218 5074/5215
f 5076/5216 4968/5107 5079/5219 5078/5217
f 5076/5216 4965/5104 4966/5103 4968/5107
f 5079/5219 5081/5220 5080/5221 5078/5217
f 5079/5219 5083/5222 5082/5223 5081/5220
f 5079/5219 4968/5107 4969/5106 5083/5222
f 5083/5222 5085/5224 5084/5225 5082/5223
f 5083/5222 4969/5106 4970/5109 5085/5224
f 5085/5224 5087/5226 5086/5227 5084/5225
f 5085/5224 4970/5109 4972/5111 5087/5226
f 5087/5226 5089/5228 5088/5229 5086/5227
f 5087/5226 4972/5111 4974/5113 5089/5228
f 5089/5228 5091/5230 5090/5231 5088/5229
f 5089/5228 4974/5113 4976/5115 5091/5230
f 5091/5230 5093/5232 5092/5233 5090/5231
f 5091/5230 4976/5115 4978/5117 5093/5232
f 5093/5232 5095/5234 5094/5235 5092/5233
f 5093/5232 4978/5117 4980/5119 5095/5234
f 5095/5234 5097/5236 5096/5237 5094/5235
f 5095/5234 4980/5119 4982/5121 5097/5236
f 5097/5236 5099/5238 5098/5239 5096/5237
f 5097/5236 4982/5121 4984/5123 5099/5238
f 5099/5238 5101/5240 5100/5241 5098/5239
f 5099/5238 4984/5123 4986/5125 5101/5240
f 5101/5240 5103/5242 5102/5243 5100/5241
f 5101/5240 4986/5125 4988/5127 5103/5242
f 5103/5242 5105/5244 5104/5245 5102/5243
f 5103/5242 4988/5127 4990/5129 5105/5244
f 5105/5244 5107/5246 5106/5247 5104/5245
f 5105/5244 4990/5129 4992/5131 5107/5246
f 5107/5246 5109/5248 5108/5249 5106/5247
f 5107/5246 4992/5131 4994/5133 5109/5248
f 5109/5248 5111/5250 5110/5251 5108/5249
f 5109/5248 4994/5133 4996/5135 5111/5250
f 5111/5250 5113/5252 5112/5253 5110/5251
f 5111/5250 4996/5135 4998/5137 5113/5252
f 5113/5252 5115/5254 5114/5255 5112/5253
f 5113/5252 4998/5137 5000/5139 5115/5254
f 5115/5254 5117/5256 5116/5257 5114/5255
f 5115/5254 5000/5139 5002/5141 5117/5256
f 5117/5256 5119/5258 5118/5259 5116/5257
f 5117/5256 5002/5141 5004/5143 5119/5258
f 5119/5258 5121/5260 5120/5261 5118/5259
f 5119/5258 5004/5143 5006/5145 5121/5260
f 5121/5260 5123/5262 5122/5263 5120/5261
f 5121/5260 5006/5145 5008/5147 5123/5262
f 5123/5262 5125/5264 5124/5265 5122/5263
f 5123/5262 5008/5147 5010/5149 5125/5264
f 5125/5264 5127/5266 5126/5267 5124/5265
f 5125/5264 5010/5149 5012/5151 5127/5266
f 5127/5266 5129/5268 5128/5269 5126/5267
f 5127/5266 5012/5151 5014/5153 5129/5268
f 5129/5270 5131/5271 5130/5272 5128/5273
f 5129/5270 5014/5157 5016/5156 5131/5271
f 5131/5271 5133/5274 5132/5275 5130/5272
f 5131/5271 5016/5156 5018/5159 5133/5274
f 5133/5274 5135/5276 5134/5277 5132/5275
f 5133/5274 5018/5159 5020/5161 5135/5276
f 5135/5276 5137/5278 5136/5279 5134/5277
f 5135/5276 5020/5161 5022/5163 5137/5278
f 5137/5278 5139/5280 5138/5281 5136/5279
f 5137/5278 5022/5163 5024/5165 5139/5280
f 5139/5280 5141/5282 5140/5283 5138/5281
f 5139/5280 5024/5165 5026/5167 5141/5282
f 5141/5282 5143/5284 5142/5285 5140/5283
f 5141/5282 5026/5167 5028/5169 5143/5284
f 5143/5284 5145/5286 5144/5287 5142/5285
f 5143/5284 5028/5169 5030/5171 5145/5286
f 5145/5286 5147/5288 5146/5289 5144/5287
f 5145/5286 5030/5171 5032/5173 5147/5288
f 5147/5288 5149/5290 5148/5291 5146/5289
f 5147/5288 5032/5173 5034/5175 5149/5290
f 5149/5290 5151/5292 5150/5293 5148/5291
f 5149/5290 5034/5175 5036/5177 5151/5292
f 5151/5292 5153/5294 5152/5295 5150/5293
f 5151/5292 5036/5177 5038/5179 5153/5294
f 5153/5294 5155/5296 5154/5297 5152/5295
f 5153/5294 5038/5179 5040/5181 5155/5296
f 5155/5296 5157/5298 5156/5299 5154/5297
f 5155/5296 5040/5181 5042/5183 5157/5298
f 5157/5298 5159/5300 5158/5301 5156/5299
f 5157/5298 5042/5183 5044/5185 5159/5300
f 5159/5300 5161/5302 5160/5303 5158/5301
f 5159/5300 5044/5185 5046/5187 5161/5302
f 5161/5302 5163/5304 5162/5305 5160/5303
f 5161/5302 5046/5187 5048/5189 5163/5304
f 5163/5304 5165/5306 5164/5307 5162/5305
f 5163/5304 5048/5189 5050/5191 5165/5306
f 5165/5306 5167/5308 5166/5309 5164/5307
f 5165/5306 5050/5191 5052/5193 5167/5308
f 5167/5308 5169/5310 5168/5311 5166/5309
f 5167/5308 5052/5193 5054/5195 5169/5310
f 5169/5310 5171/5312 5170/5313 5168/5311
f 5169/5310 5054/5195 5056/5197 5171/5312
f 5171/5312 5173/5314 5172/5315 5170/5313
f 5171/5312 5056/5197 5058/5199 5173/5314
f 5173/5314 5175/5316 5174/5317 5172/5315
f 5173/5314 5058/5199 5060/5201 5175/5316
f 5175/5316 5177/5318 5176/5319 5174/5317
f 5175/5316 5060/5201 5062/5203 5177/5318
f 5177/5318 5179/5320 5178/5321 5176/5319
f 5177/5318 5062/5203 5064/5205 5179/5320
f 5179/5320 5181/5322 5180/5323 5178/5321
f 5179/5320 5064/5205 5066/5207 5181/5322
f 5181/5322 5183/5324 5182/5325 5180/5323
f 5181/5322 5066/5207 5068/5209 5183/5324
f 5183/5324 5185/5326 5184/5327 5182/5325
f 5183/5324 5068/5209 5070/5211 5185/5326
f 5185/5326 5187/5328 5186/5329 5184/5327
f 5185/5326 5070/5211 5072/5213 5187/5328
f 5187/5328 5077/5218 5188/5330 5186/5329
f 5187/5328 5072/5213 5074/5215 5077/5218
f 5188/5330 5190/5331 5189/5332 5186/5329
f 5188/5330 5080/5221 5191/5333 5190/5331
f 5188/5330 5077/5218 5078/5217 5080/5221
f 5191/5333 5193/5334 5192/5335 5190/5331
f 5191/5333 5195/5336 5194/5337 5193/5334
f 5191/5333 5080/5221 5081/5220 5195/5336
f 5195/5336 5197/5338 5196/5339 5194/5337
f 5195/5336 5081/5220 5082/5223 5197/5338
f 5197/5338 5199/5340 5198/5341 5196/5339
f 5197/5338 5082/5223 5084/5225 5199/5340
f 5199/5340 5201/5342 5200/5343 5198/5341
f 5199/5340 5084/5225 5086/5227 5201/5342
f 5201/5342 5203/5344 5202/5345 5200/5343
f 5201/5342 5086/5227 5088/5229 5203/5344
f 5203/5344 5205/5346 5204/5347 5202/5345
f 5203/5344 5088/5229 5090/5231 5205/5346
f 5205/5346 5207/5348 5206/5349 5204/5347
f 5205/5346 5090/5231 5092/5233 5207/5348
f 5207/5348 5209/5350 5208/5351 5206/5349
f 5207/5348 5092/5233 5094/5235 5209/5350
f 5209/5350 5211/5352 5210/5353 5208/5351
f 5209/5350 5094/5235 5096/5237 5211/5352
f 5211/5352 5213/5354 5212/5355 5210/5353
f 5211/5352 5096/5237 5098/5239 5213/5354
f 5213/5354 5215/5356 5214/5357 5212/5355
f 5213/5354 5098/5239 5100/5241 5215/5356
f 5215/5356 5217/5358 5216/5359 5214/5357
f 5215/5356 5100/5241 5102/5243 5217/5358
f 5217/5358 5219/5360 5218/5361 5216/5359
f 5217/5358 5102/5243 5104/5245 5219/5360
f 5219/5360 5221/5362 5220/5363 5218/5361
f 5219/5360 5104/5245 5106/5247 5221/5362
f 5221/5362 5223/5364 5222/5365 5220/5363
f 5221/5362 5106/5247 5108/5249 5223/5364
f 5223/5364 5225/5366 5224/5367 5222/5365
f 5223/5364 5108/5249 5110/5251 5225/5366
f 5225/5366 5227/5368 5226/5369 5224/5367
f 5225/5366 5110/5251 5112/5253 5227/5368
f 5227/5368 5229/5370 5228/5371 5226/5369
f 5227/5368 5112/5253 5114/5255 5229/5370
f 5229/5370 5231/5372 5230/5373 5228/5371
f 5229/5370 5114/5255 5116/5257 5231/5372
f 5231/5372 5233/5374 5232/5375 5230/5373
f 5231/5372 5116/5257 5118/5259 5233/5374
f 5233/5374 5235/5376 5234/5377 5232/5375
f 5233/5374 5118/5259 5120/5261 5235/5376
f 5235/5376 5237/5378 5236/5379 5234/5377
f 5235/5376 5120/5261 5122/5263 5237/5378
f 5237/5378 5239/5380 5238/5381 5236/5379
f 5237/5378 5122/5263 5124/5265 5239/5380
f 5239/5380 5241/5382 5240/5383 5238/5381
f 5239/5380 5124/5265 5126/5267 5241/5382
f 5241/5382 5243/5384 5242/5385 5240/5383
f 5241/5382 5126/5267 5128/5269 5243/5384
f 5243/5386 5245/5387 5244/5388 5242/5389
f 5243/5386 5128/5273 5130/5272 5245/5387
f 5245/5387 5247/5390 5246/5391 5244/5388
f 5245/5387 5130/5272 5132/5275 5247/5390
f 5247/5390 5249/5392 5248/5393 5246/5391
f 5247/5390 5132/5275 5134/5277 5249/5392
f 5249/5392 5251/5394 5250/5395 5248/5393
f 5249/5392 5134/5277 5136/5279 5251/5394
f 5251/5394 5253/5396 5252/5397 5250/5395
f 5251/5394 5136/5279 5138/5281 5253/5396
f 5253/5396 5255/5398 5254/5399 5252/5397
f 5253/5396 5138/5281 5140/5283 5255/5398
f 5255/5398 5257/5400 5256/5401 5254/5399
f 5255/5398 5140/5283 5142/5285 5257/5400
f 5257/5400 5259/5402 5258/5403 5256/5401
f 5257/5400 5142/5285 5144/5287 5259/5402
f 5259/5402 5261/5404 5260/5405 5258/5403
f 5259/5402 5144/5287 5146/5289 5261/5404
f 5261/5404 5263/5406 5262/5407 5260/5405
f 5261/5404 5146/5289 5148/5291 5263/5406
f 5263/5406 5265/5408 5264/5409 5262/5407
f 5263/5406 5148/5291 5150/5293 5265/5408
f 5265/5408 5267/5410 5266/5411 5264/5409
f 5265/5408 5150/5293 5152/5295 5267/5410
f 5267/5410 5269/5412 5268/5413 5266/5411
f 5267/5410 5152/5295 5154/5297 5269/5412
f 5269/5412 5271/5414 5270/5415 5268/5413
f 5269/5412 5154/5297 5156/5299 5271/5414
f 5271/5414 5273/5416 5272/5417 5270/5415
f 5271/5414 5156/5299 5158/5301 5273/5416
f 5273/5416 5275/5418 5274/5419 5272/5417
f 5273/5416 5158/5301 5160/5303 5275/5418
f 5275/5418 5277/5420 5276/5421 5274/5419
f 5275/5418 5160/5303 5162/5305 5277/5420
f 5277/5420 5279/5422 5278/5423 5276/5421
f 5277/5420 5162/5305 5164/5307 5279/5422
f 5279/5422 5281/5424 5280/5425 5278/5423
f 5279/5422 5164/5307 5166/5309 5281/5424
f 5281/5424 5283/5426 5282/5427 5280/5425
f 5281/5424 5166/5309 5168/5311 5283/5426
f 5283/5426 5285/5428 5284/5429 5282/5427
f 5283/5426 5168/5311 5170/5313 5285/5428
f 5285/5428 5287/5430 5286/5431 5284/5429
f 5285/5428 5170/5313 5172/5315 5287/5430
f 5287/5430 5289/5432 5288/5433 5286/5431
f 5287/5430 5172/5315 5174/5317 5289/5432
f 5289/5432 5291/5434 5290/5435 5288/5433
f 5289/5432 5174/5317 5176/5319 5291/5434
f 5291/5434 5293/5436 5292/5437 5290/5435
f 5291/5434 5176/5319 5178/5321 5293/5436
f 5293/5436 5295/5438 5294/5439 5292/5437
f 5293/5436 5178/5321 5180/5323 5295/5438
f 5295/5438 5297/5440 5296/5441 5294/5439
f 5295/5438 5180/5323 5182/5325 5297/5440
f 5297/5440 5299/5442 5298/5443 5296/5441
f 5297/5440 5182/5325 5184/5327 5299/5442
f 5299/5442 5189/5332 5300/5444 5298/5443
f 5299/5442 5184/5327 5186/5329 5189/5332
f 5300/5444 5302/5445 5301/5446 5298/5443
f 5300/5444 5192/5335 5303/5447 5302/5445
f 5300/5444 5189/5332 5190/5331 5192/5335
f 5303/5447 5305/5448 5304/5449 5302/5445
f 5303/5447 5307/5450 5306/5451 5305/5448
f 5303/5447 5192/5335 5193/5334 5307/5450
f 5307/5450 5309/5452 5308/5453 5306/5451
f 5307/5450 5193/5334 5194/5337 5309/5452
f 5309/5452 5311/5454 5310/5455 5308/5453
f 5309/5452 5194/5337 5196/5339 5311/5454
f 5311/5454 5313/5456 5312/5457 5310/5455
f 5311/5454 5196/5339 5198/5341 5313/5456
f 5313/5456 5315/5458 5314/5459 5312/5457
f 5313/5456 5198/5341 5200/5343 5315/5458
f 5315/5458 5317/5460 5316/5461 5314/5459
f 5315/5458 5200/5343 5202/5345 5317/5460
f 5317/5460 5319/5462 5318/5463 5316/5461
f 5317/5460 5202/5345 5204/5347 5319/5462
f 5319/5462 5321/5464 5320/5465 5318/5463
f 5319/5462 5204/5347 5206/5349 5321/5464
f 5321/5464 5323/5466 5322/5467 5320/5465
f 5321/5464 5206/5349 5208/5351 5323/5466
f 5323/5466 5325/5468 5324/5469 5322/5467
f 5323/5466 5208/5351 5210/5353 5325/5468
f 5325/5468 5327/5470 5326/5471 5324/5469
f 5325/5468 5210/5353 5212/5355 5327/5470
f 5327/5470 5329/5472 5328/5473 5326/5471
f 5327/5470 5212/5355 5214/5357 5329/5472
f 5329/5472 5331/5474 5330/5475 5328/5473
f 5329/5472 5214/5357 5216/5359 5331/5474
f 5331/5474 5333/5476 5332/5477 5330/5475
f 5331/5474 5216/5359 5218/5361 5333/5476
f 5333/5476 5335/5478 5334/5479 5332/5477
f 5333/5476 5218/5361 5220/5363 5335/5478
f 5335/5478 5337/5480 5336/5481 5334/5479
f 5335/5478 5220/5363 5222/5365 5337/5480
f 5337/5480 5339/5482 5338/5483 5336/5481
f 5337/5480 5222/5365 5224/5367 5339/5482
f 5339/5482 5341/5484 5340/5485 5338/5483
f 5339/5482 5224/5367 5226/5369 5341/5484
f 5341/5484 5343/5486 5342/5487 5340/5485
f 5341/5484 5226/5369 5228/5371 5343/5486
f 5343/5486 5345/5488 5344/5489 5342/5487
f 5343/5486 5228/5371 5230/5373 5345/5488
f 5345/5488 5347/5490 5346/5491 5344/5489
f 5345/5488 5230/5373 5232/5375 5347/5490
f 5347/5490 5349/5492 5348/5493 5346/5491
f 5347/5490 5232/5375 5234/5377 5349/5492
f 5349/5492 5351/5494 5350/5495 5348/5493
f 5349/5492 5234/5377 5236/5379 5351/5494
f 5351/5494 5353/5496 5352/5497 5350/5495
f 5351/5494 5236/5379 5238/5381 5353/5496
f 5353/5496 5355/5498 5354/5499 5352/5497
f 5353/5496 5238/5381 5240/5383 5355/5498
f 5355/5498 5357/5500 5356/5501 5354/5499
f 5355/5498 5240/5383 5242/5385 5357/5500
f 5357/5502 5359/5503 5358/5504 5356/5505
f 5357/5502 5242/5389 5244/5388 5359/5503
f 5359/5503 5361/5506 5360/5507 5358/5504
f 5359/5503 5244/5388 5246/5391 5361/5506
f 5361/5506 5363/5508 5362/5509 5360/5507
f 5361/5506 5246/5391 5248/5393 5363/5508
f 5363/5508 5365/5510 5364/5511 5362/5509
f 5363/5508 5248/5393 5250/5395 5365/5510
f 5365/5510 5367/5512 5366/5513 5364/5511
f 5365/5510 5250/5395 5252/5397 5367/5512
f 5367/5512 5369/5514 5368/5515 5366/5513
f 5367/5512 5252/5397 5254/5399 5369/5514
f 5369/5514 5371/5516 5370/5517 5368/5515
f 5369/5514 5254/5399 5256/5401 5371/5516
f 5371/5516 5373/5518 5372/5519 5370/5517
f 5371/5516 5256/5401 5258/5403 5373/5518
f 5373/5518 5375/5520 5374/5521 5372/5519
f 5373/5518 5258/5403 5260/5405 5375/5520
f 5375/5520 5377/5522 5376/5523 5374/5521
f 5375/5520 5260/5405 5262/5407 5377/5522
f 5377/5522 5379/5524 5378/5525 5376/5523
f 5377/5522 5262/5407 5264/5409 5379/5524
f 5379/5524 5381/5526 5380/5527 5378/5525
f 5379/5524 5264/5409 5266/5411 5381/5526
f 5381/5526 5383/5528 5382/5529 5380/5527
f 5381/5526 5266/5411 5268/5413 5383/5528
f 5383/5528 5385/5530 5384/5531 5382/5529
f 5383/5528 5268/5413 5270/5415 5385/5530
f 5385/5530 5387/5532 5386/5533 5384/5531
f 5385/5530 5270/5415 5272/5417 5387/5532
f 5387/5532 5389/5534 5388/5535 5386/5533
f 5387/5532 5272/5417 5274/5419 5389/5534
f 5389/5534 5391/5536 5390/5537 5388/5535
f 5389/5534 5274/5419 5276/5421 5391/5536
f 5391/5536 5393/5538 5392/5539 5390/5537
f 5391/5536 5276/5421 5278/5423 5393/5538
f 5393/5538 5395/5540 5394/5541 5392/5539
f 5393/5538 5278/5423 5280/5425 5395/5540
f 5395/5540 5397/5542 5396/5543 5394/5541
f 5395/5540 5280/5425 5282/5427 5397/5542
f 5397/5542 5399/5544 5398/5545 5396/5543
f 5397/5542 5282/5427 5284/5429 5399/5544
f 5399/5544 5401/5546 5400/5547 5398/5545
f 5399/5544 5284/5429 5286/5431 5401/5546
f 5401/5546 5403/5548 5402/5549 5400/5547
f 5401/5546 5286/5431 5288/5433 5403/5548
f 5403/5548 5405/5550 5404/5551 5402/5549
f 5403/5548 5288/5433 5290/5435 5405/5550
f 5405/5550 5407/5552 5406/5553 5404/5551
f 5405/5550 5290/5435 5292/5437 5407/5552
f 5407/5552 5409/5554 5408/5555 5406/5553
f 5407/5552 5292/5437 5294/5439 5409/5554
f 5409/5554 5411/5556 5410/5557 5408/5555
f 5409/5554 5294/5439 5296/5441 5411/5556
f 5411/5556 5301/5446 5412/5558 5410/5557
f 5411/5556 5296/5441 5298/5443 5301/5446
f 5412/5558 5414/5559 5413/5560 5410/5557
f 5412/5558 5304/5449 5415/5561 5414/5559
f 5412/5558 5301/5446 5302/5445 5304/5449
f 5415/5561 5417/5562 5416/5563 5414/5559
f 5415/5561 5419/5564 5418/5565 5417/5562
f 5415/5561 5304/5449 5305/5448 5419/5564
f 5419/5564 5421/5566 5420/5567 5418/5565
f 5419/5564 5305/5448 5306/5451 5421/5566
f 5421/5566 5423/5568 5422/5569 5420/5567
f 5421/5566 5306/5451 5308/5453 5423/5568
f 5423/5568 5425/5570 5424/5571 5422/5569
f 5423/5568 5308/5453 5310/5455 5425/5570
f 5425/5570 5427/5572 5426/5573 5424/5571
f 5425/5570 5310/5455 5312/5457 5427/5572
f 5427/5572 5429/5574 5428/5575 5426/5573
f 5427/5572 5312/5457 5314/5459 5429/5574
f 5429/5574 5431/5576 5430/5577 5428/5575
f 5429/5574 5314/5459 5316/5461 5431/5576
f 5431/5576 5433/5578 5432/5579 5430/5577
f 5431/5576 5316/5461 5318/5463 5433/5578
f 5433/5578 5435/5580 5434/5581 5432/5579
f 5433/5578 5318/5463 5320/5465 5435/5580
f 5435/5580 5437/5582 5436/5583 5434/5581
f 5435/5580 5320/5465 5322/5467 5437/5582
f 5437/5582 5439/5584 5438/5585 5436/5583
f 5437/5582 5322/5467 5324/5469 5439/5584
f 5439/5584 5441/5586 5440/5587 5438/5585
f 5439/5584 5324/5469 5326/5471 5441/5586
f 5441/5586 5443/5588 5442/5589 5440/5587
f 5441/5586 5326/5471 5328/5473 5443/5588
f 5443/5588 5445/5590 5444/5591 5442/5589
f 5443/5588 5328/5473 5330/5475 5445/5590
f 5445/5590 5447/5592 5446/5593 5444/5591
f 5445/5590 5330/5475 5332/5477 5447/5592
f 5447/5592 5449/5594 5448/5595 5446/5593
f 5447/5592 5332/5477 5334/5479 5449/5594
f 5449/5594 5451/5596 5450/5597 5448/5595
f 5449/5594 5334/5479 5336/5481 5451/5596
f 5451/5596 5453/5598 5452/5599 5450/5597
f 5451/5596 5336/5481 5338/5483 5453/5598
f 5453/5598 5455/5600 5454/5601 5452/5599
f 5453/5598 5338/5483 5340/5485 5455/5600
f 5455/5600 5457/5602 5456/5603 5454/5601
f 5455/5600 5340/5485 5342/5487 5457/5602
f 5457/5602 5459/5604 5458/5605 5456/5603
f 5457/5602 5342/5487 5344/5489 5459/5604
f 5459/5604 5461/5606 5460/5607 5458/5605
f 5459/5604 5344/5489 5346/5491 5461/5606
f 5461/5606 5463/5608 5462/5609 5460/5607
f 5461/5606 5346/5491 5348/5493 5463/5608
f 5463/5608 5465/5610 5464/5611 5462/5609
f 5463/5608 5348/5493 5350/5495 5465/5610
f 5465/5610 5467/5612 5466/5613 5464/5611
f 5465/5610 5350/5495 5352/5497 5467/5612
f 5467/5612 5469/5614 5468/5615 5466/5613
f 5467/5612 5352/5497 5354/5499 5469/5614
f 5469/5614 5471/5616 5470/5617 5468/5615
f 5469/5614 5354/5499 5356/5501 5471/5616
f 5471/5618 5473/5619 5472/5620 5470/5621
f 5471/5618 5356/5505 5358/5504 5473/5619
f 5473/5619 5475/5622 5474/5623 5472/5620
f 5473/5619 5358/5504 5360/5507 5475/5622
f 5475/5622 5477/5624 5476/5625 5474/5623
f 5475/5622 5360/5507 5362/5509 5477/5624
f 5477/5624 5479/5626 5478/5627 5476/5625
f 5477/5624 5362/5509 5364/5511 5479/5626
f 5479/5626 5481/5628 5480/5629 5478/5627
f 5479/5626 5364/5511 5366/5513 5481/5628
f 5481/5628 5483/5630 5482/5631 5480/5629
f 5481/5628 5366/5513 5368/5515 5483/5630
f 5483/5630 5485/5632 5484/5633 5482/5631
f 5483/5630 5368/5515 5370/5517 5485/5632
f 5485/5632 5487/5634 5486/5635 5484/5633
f 5485/5632 5370/5517 5372/5519 5487/5634
f 5487/5634 5489/5636 5488/5637 5486/5635
f 5487/5634 5372/5519 5374/5521 5489/5636
f 5489/5636 5491/5638 5490/5639 5488/5637
f 5489/5636 5374/5521 5376/5523 5491/5638
f 5491/5638 5493/5640 5492/5641 5490/5639
f 5491/5638 5376/5523 5378/5525 5493/5640
f 5493/5640 5495/5642 5494/5643 5492/5641
f 5493/5640 5378/5525 5380/5527 5495/5642
f 5495/5642 5497/5644 5496/5645 5494/5643
f 5495/5642 5380/5527 5382/5529 5497/5644
f 5497/5644 5499/5646 5498/5647 5496/5645
f 5497/5644 5382/5529 5384/5531 5499/5646
f 5499/5646 5501/5648 5500/5649 5498/5647
f 5499/5646 5384/5531 5386/5533 5501/5648
f 5501/5648 5503/5650 5502/5651 5500/5649
f 5501/5648 5386/5533 5388/5535 5503/5650
f 5503/5650 5505/5652 5504/5653 5502/5651
f 5503/5650 5388/5535 5390/5537 5505/5652
f 5505/5652 5507/5654 5506/5655 5504/5653
f 5505/5652 5390/5537 5392/5539 5507/5654
f 5507/5654 5509/5656 5508/5657 5506/5655
f 5507/5654 5392/5539 5394/5541 5509/5656
f 5509/5656 5511/5658 5510/5659 5508/5657
f 5509/5656 5394/5541 5396/5543 5511/5658
f 5511/5658 5513/5660 5512/5661 5510/5659
f 5511/5658 5396/5543 5398/5545 5513/5660
f 5513/5660 5515/5662 5514/5663 5512/5661
f 5513/5660 5398/5545 5400/5547 5515/5662
f 5515/5662 5517/5664 5516/5665 5514/5663
f 5515/5662 5400/5547 5402/5549 5517/5664
f 5517/5664 5519/5666 5518/5667 5516/5665
f 5517/5664 5402/5549 5404/5551 5519/5666
f 5519/5666 5521/5668 5520/5669 5518/5667
f 5519/5666 5404/5551 5406/5553 5521/5668
f 5521/5668 5523/5670 5522/5671 5520/5669
f 5521/5668 5406/5553 5408/5555 5523/5670
f 5523/5670 5413/5560 5524/5672 5522/5671
f 5523/5670 5408/5555 5410/5557 5413/5560
f 5524/5672 5526/5673 5525/5674 5522/5671
f 5524/5672 5416/5563 5527/5675 5526/5673
f 5524/5672 5413/5560 5414/5559 5416/5563
f 5527/5675 2706/2776 2705/2775 5526/5673
f 5527/5675 5528/5676 2707/2777 2706/2776
f 5527/5675 5416/5563 5417/5562 5528/5676
f 5528/5676 5529/5677 2709/2779 2707/2777
f 5528/5676 5417/5562 5418/5565 5529/5677
f 5529/5677 5530/5678 2711/2781 2709/2779
f 5529/5677 5418/5565 5420/5567 5530/5678
f 5530/5678 5531/5679 2713/2783 2711/2781
f 5530/5678 5420/5567 5422/5569 5531/5679
f 5531/5679 5532/5680 2715/2785 2713/2783
f 5531/5679 5422/5569 5424/5571 5532/5680
f 5532/5680 5533/5681 2717/2787 2715/2785
f 5532/5680 5424/5571 5426/5573 5533/5681
f 5533/5681 5534/5682 2719/2789 2717/2787
f 5533/5681 5426/5573 5428/5575 5534/5682
f 5534/5682 5535/5683 2721/2791 2719/2789
f 5534/5682 5428/5575 5430/5577 5535/5683
f 5535/5683 5536/5684 2723/2793 2721/2791
f 5535/5683 5430/5577 5432/5579 5536/5684
f 5536/5684 5537/5685 2725/2795 2723/2793
f 5536/5684 5432/5579 5434/5581 5537/5685
f 5537/5685 5538/5686 2727/2797 2725/2795
f 5537/5685 5434/5581 5436/5583 5538/5686
f 5538/5686 5539/5687 2729/2799 2727/2797
f 5538/5686 5436/5583 5438/5585 5539/5687
f 5539/5687 5540/5688 2731/2801 2729/2799
f 5539/5687 5438/5585 5440/5587 5540/5688
f 5540/5688 5541/5689 2733/2803 2731/2801
f 5540/5688 5440/5587 5442/5589 5541/5689
f 5541/5689 5542/5690 2735/2805 2733/2803
f 5541/5689 5442/5589 5444/5591 5542/5690
f 5542/5690 5543/5691 2737/2807 2735/2805
f 5542/5690 5444/5591 5446/5593 5543/5691
f 5543/5691 5544/5692 2739/2809 2737/2807
f 5543/5691 5446/5593 5448/5595 5544/5692
f 5544/5692 5545/5693 2741/2811 2739/2809
f 5544/5692 5448/5595 5450/5597 5545/5693
f 5545/5693 5546/5694 2743/2813 2741/2811
f 5545/5693 5450/5597 5452/5599 5546/5694
f 5546/5694 5547/5695 2745/2815 2743/2813
f 5546/5694 5452/5599 5454/5601 5547/5695
f 5547/5695 5548/5696 2747/2817 2745/2815
f 5547/5695 5454/5601 5456/5603 5548/5696
f 5548/5696 5549/5697 2749/2819 2747/2817
f 5548/5696 5456/5603 5458/5605 5549/5697
f 5549/5697 5550/5698 2751/2821 2749/2819
f 5549/5697 5458/5605 5460/5607 5550/5698
f 5550/5698 5551/5699 2753/2823 2751/2821
f 5550/5698 5460/5607 5462/5609 5551/5699
f 5551/5699 5552/5700 2755/2825 2753/2823
f 5551/5699 5462/5609 5464/5611 5552/5700
f 5552/5700 5553/5701 2757/2827 2755/2825
f 5552/5700 5464/5611 5466/5613 5553/5701
f 5553/5701 5554/5702 2759/2829 2757/2827
f 5553/5701 5466/5613 5468/5615 5554/5702
f 5554/5702 5555/5703 2761/2831 2759/2829
f 5554/5702 5468/5615 5470/5617 5555/5703
f 5555/5704 5556/5705 2763/2835 2761/2834
f 5555/5704 5470/5621 5472/5620 5556/5705
f 5556/5705 5557/5706 2765/2838 2763/2835
f 5556/5705 5472/5620 5474/5623 5557/5706
f 5557/5706 5558/5707 2767/2840 2765/2838
f 5557/5706 5474/5623 5476/5625 5558/5707
f 5558/5707 5559/5708 2769/2842 2767/2840
f 5558/5707 5476/5625 5478/5627 5559/5708
f 5559/5708 5560/5709 2771/2844 2769/2842
f 5559/5708 5478/5627 5480/5629 5560/5709
f 5560/5709 5561/5710 2773/2846 2771/2844
f 5560/5709 5480/5629 5482/5631 5561/5710
f 5561/5710 5562/5711 2775/2848 2773/2846
f 5561/5710 5482/5631 5484/5633 5562/5711
f 5562/5711 5563/5712 2777/2850 2775/2848
f 5562/5711 5484/5633 5486/5635 5563/5712
f 5563/5712 5564/5713 2779/2852 2777/2850
f 5563/5712 5486/5635 5488/5637 5564/5713
f 5564/5713 5565/5714 2781/2854 2779/2852
f 5564/5713 5488/5637 5490/5639 5565/5714
f 5565/5714 5566/5715 2783/2856 2781/2854
f 5565/5714 5490/5639 5492/5641 5566/5715
f 5566/5715 5567/5716 2785/2858 2783/2856
f 5566/5715 5492/5641 5494/5643 5567/5716
f 5567/5716 5568/5717 2787/2860 2785/2858
f 5567/5716 5494/5643 5496/5645 5568/5717
f 5568/5717 5569/5718 2789/2862 2787/2860
f 5568/5717 5496/5645 5498/5647 5569/5718
f 5569/5718 5570/5719 2791/2864 2789/2862
f 5569/5718 5498/5647 5500/5649 5570/5719
f 5570/5719 5571/5720 2793/2866 2791/2864
f 5570/5719 5500/5649 5502/5651 5571/5720
f 5571/5720 5572/5721 2795/2868 2793/2866
f 5571/5720 5502/5651 5504/5653 5572/5721
f 5572/5721 5573/5722 2797/2870 2795/2868
f 5572/5721 5504/5653 5506/5655 5573/5722
f 5573/5722 5574/5723 2799/2872 2797/2870
f 5573/5722 5506/5655 5508/5657 5574/5723
f 5574/5723 5575/5724 2801/2874 2799/2872
f 5574/5723 5508/5657 5510/5659 5575/5724
f 5575/5724 5576/5725 2803/2876 2801/2874
f 5575/5724 5510/5659 5512/5661 5576/5725
f 5576/5725 5577/5726 2805/2878 2803/2876
f 5576/5725 5512/5661 5514/5663 5577/5726
f 5577/5726 5578/5727 2807/2880 2805/2878
f 5577/5726 5514/5663 5516/5665 5578/5727
f 5578/5727 5579/5728 2809/2882 2807/2880
f 5578/5727 5516/5665 5518/5667 5579/5728
f 5579/5728 5580/5729 2811/2884 2809/2882
f 5579/5728 5518/5667 5520/5669 5580/5729
f 5580/5729 5525/5674 2813/2886 2811/2884
f 5580/5729 5520/5669 5522/5671 5525/5674
f 2813/2886 5525/5674 5526/5673 2705/2775
f 4262/4389 4256/4383 4257/4382 4259/4386
f 3542/3652 3536/3646 3537/3645 3539/3649
f 3445/3553 3436/3544 3437/3543 3439/3547
f 3408/3516 3370/3469 3371/3468 3373/3472
f 3302/3401 3296/3393 3297/3392 3299/3398
f 3212/3305 2976/3052 2971/3049 3210/3303
f 3210/3303 2971/3049 2972/3048 3208/3300
f 3206/3297 2972/3048 2973/3047 3205/3298
f 3167/3260 2925/2994 2926/2993 3164/3256
f 3150/3243 2929/2998 2930/2997 3148/3241
f 3148/3241 2930/2997 2931/2999 3147/3238
f 3131/3224 3118/3206 3119/3205 3121/3211
f 3084/3171 2851/2904 3081/3168 3082/3167
f 3069/3156 3014/3094 3066/3153 3067/3152
f 3066/3153 3014/3094 3015/3093 2964/3038
f 3066/3153 2964/3038 2959/3035 3062/3148
f 3055/3141 2961/3033 2962/3037 3018/3100
f 3051/3137 3018/3100 3019/3099 3021/3103
f 3011/3087 3004/3080 2969/3043 2970/3045
f 2989/3064 2983/3060 2984/3059 3035/3118
f 2915/2981 2855/2908 2860/2915 2914/2982
f 2874/2932 3406/3513 3244/3340 2873/2933
f 3156/3247 2856/2913 2857/2912 3034/3117
f 2832/2957 2831/2951 2891/2954 2899/2959
f 2834/2968 2833/2962 2900/2965 2908/2970
f 3155/3248 5581/5730 5582/5731 3157/3249
f 3159/3251 3157/3249 5582/5731 3035/3118
f 5581/5730 3034/3117 3035/3118 5582/5731
f 3156/3247 3034/3117 5581/5730 3155/3248
f 3097/3183 5583/5732 5584/5733 3100/3186
f 3101/3187 3100/3186 5584/5733 3047/3130
f 5583/5732 3046/3131 3047/3130 5584/5733
f 3092/3178 3046/3131 5583/5732 3097/3183
f 3258/3353 5585/5734 5586/5735 3261/3356
f 3090/3177 3261/3356 5586/5735 3088/3173
f 5585/5734 3087/3174 3088/3173 5586/5735
f 3253/3348 3087/3174 5585/5734 3258/3353
f 3192/3285 5587/5736 5588/5737 3360/3457
f 3359/3458 3360/3457 5588/5737 3386/3490
f 5587/5736 3195/3288 3386/3490 5588/5737
f 3193/3284 3195/3288 5587/5736 3192/3285
f 3379/3478 5589/5738 5590/5739 3406/3513
f 3244/3340 3406/3513 5590/5739 3242/3337
f 5589/5738 3383/3482 3242/3337 5590/5739
f 3380/3477 3383/3482 5589/5738 3379/3478

 