# File produced by Open Asset Import Library (http://www.assimp.sf.net)
# (assimp v3.1.236340372)

mtllib odyswordues.mtl

# vertex positions
v -0.104729 -1.242450 -0.846440
v -0.141041 -3.039962 -0.741323
v -0.151452 -1.159899 -0.752365
v -0.080295 8.606682 -0.129531
v -0.080109 8.657475 -0.119677
v -0.079171 8.723155 -0.131858
v -0.149251 -1.162508 0.757401
v -0.150587 -1.162941 0.745663
v -0.150123 -1.218955 0.747030
v -0.157992 -1.779395 0.650967
v -0.150221 -2.560293 0.681372
v -0.143256 -2.918858 0.725115
v 0.074055 6.007253 0.610230
v 0.097160 6.256198 0.468949
v 0.096455 6.350731 0.462147
v 0.097002 6.430835 0.450728
v 0.053114 6.646288 0.644190
v 0.135722 -0.452667 0.888431
v 0.032881 -1.754278 0.903370
v 0.041237 -3.791840 0.960378
v -0.055300 7.743360 -0.439443
v -0.000289 7.005922 -0.603161
v -0.070612 6.979090 -0.488339
v 0.102970 -0.862974 -0.857501
v 0.088675 -2.795762 -0.851094
v 0.030997 -2.155857 -0.901876
v 0.014371 -2.440846 0.923749
v -0.003024 -2.402608 0.923624
v -0.042436 -3.114265 0.945857
v 0.016535 -3.355289 0.949421
v 0.026714 -3.674237 0.957858
v -0.002941 -3.434098 0.952712
v 0.023766 -1.918861 0.908511
v 0.093561 6.611393 0.435132
v 0.077023 7.019219 0.418932
v 0.070461 6.982250 0.488565
v 0.055092 7.726753 -0.441768
v -0.000324 7.747613 -0.491214
v 0.090403 4.932030 -0.667379
v 0.109027 5.064815 -0.536352
v 0.123635 4.515682 -0.558128
v 0.141666 4.009652 -0.552254
v 0.142497 3.891067 -0.570144
v 0.034138 -0.917032 -0.914822
v 0.027161 0.973519 -0.877736
v -0.079181 8.132715 0.216740
v -0.079252 8.092237 0.223423
v -0.079584 7.770387 0.280109
v -0.072951 7.844533 0.365711
v -0.063468 8.657457 0.352667
v -0.128095 -0.486229 0.896613
v -0.033121 -0.992718 0.912455
v -0.135440 2.461614 0.610527
v -0.134913 2.442444 0.611756
v -0.135219 2.463349 0.612230
v -0.075815 3.723707 0.742556
v -0.102159 2.323965 0.769684
v -0.136085 -4.972149 -0.867740
v -0.142522 -4.972037 -0.834468
v -0.158283 -4.971713 -0.752998
v -0.165122 -4.971557 -0.717645
v -0.135093 -4.790451 -0.865528
v 0.134784 2.435797 0.612316
v 0.135586 2.456363 0.609374
v 0.135117 2.459677 0.613023
v 0.075878 3.709760 0.745855
v 0.098048 2.267693 0.761672
v -0.044113 -3.271674 -0.951974
v -0.103237 -3.094857 -0.880836
v 0.097301 -3.048219 0.871210
v 0.140648 -3.015812 0.743239
v -0.134768 2.439468 -0.612152
v -0.135583 2.460562 -0.609151
v -0.135145 2.463678 -0.612554
v 0.001285 8.081285 0.463481
v 0.063579 8.659432 0.349967
v 0.072927 7.845102 0.365584
v 0.079144 7.772800 0.285785
v 0.078549 8.025763 0.246134
v 0.081007 8.063210 0.201897
v -0.063744 8.653713 -0.351083
v -0.078903 8.079091 -0.207875
v -0.079617 8.086659 -0.197247
v -0.080259 8.602462 -0.130512
v 0.026884 9.937823 -0.079742
v 0.040813 9.065691 -0.214204
v 0.001150 9.057272 -0.328679
v -0.076609 3.727610 -0.741388
v -0.102225 2.325027 -0.769831
v -0.133196 0.014039 -0.886948
v -0.027170 0.980846 -0.877897
v -0.036661 -1.080962 -0.910962
v 0.135458 2.461619 -0.610474
v 0.134919 2.442026 -0.611731
v 0.135231 2.463394 -0.612214
v 0.074466 3.685307 -0.748383
v 0.098085 2.268946 -0.761933
v 0.026780 3.657582 0.822584
v -0.037115 2.550217 0.871664
v 0.124983 -4.253959 -0.940587
v 0.079550 -4.741973 -0.986751
v 0.054077 -4.214726 -1.042486
v -0.050638 -4.251717 -1.050253
v -0.001726 -4.798487 -1.044076
v -0.078095 -4.736836 -0.988440
v 0.147379 -1.187865 0.761199
v 0.076842 1.123008 0.825125
v 0.027663 0.945272 0.877255
v 0.130352 0.926596 0.709456
v 0.006261 4.386809 0.775664
v 0.014676 4.473547 0.754332
v -0.002055 4.682341 0.756649
v 0.002824 4.508951 0.767805
v 0.001146 4.642392 0.756205
v 0.020297 5.973279 0.702557
v 0.076098 1.116412 -0.826233
v 0.153921 0.177713 -0.753939
v 0.153051 -1.235169 -0.758048
v 0.159539 -0.329293 -0.723992
v 0.158221 -0.665660 -0.730854
v 0.157482 -0.958194 -0.734666
v 0.156974 -1.083605 -0.737314
v 0.157061 -1.084748 -0.736854
v 0.168685 0.062444 -0.675666
v -0.076129 1.106677 0.826162
v -0.027385 0.980638 0.877807
v 0.070567 6.980114 -0.488334
v -0.133995 -4.970802 0.871422
v -0.122432 -4.971028 0.893891
v -0.132444 -4.767268 0.869684
v 0.143667 3.905396 -0.554228
v -0.069885 5.420179 -0.600968
v -0.077009 5.680116 -0.562834
v -0.061885 5.525315 -0.624928
v 0.095841 5.506292 0.537731
v 0.051921 -4.971026 1.006719
v 0.081500 -4.969661 0.983018
v 0.078368 -4.718057 0.987247
v -0.000276 -4.759746 1.043670
v -0.078853 -4.739015 0.986987
v -0.052407 -4.972396 1.005566
v -0.002117 -4.973380 1.041871
v 0.000002 -4.980294 1.043385
v 0.000385 -4.981751 1.043659
v 0.120281 -4.967872 0.897955
v 0.132073 -4.719813 0.869494
v -0.127122 -4.242651 -0.937825
v -0.172313 -4.971389 -0.679228
v -0.149733 -4.207968 -0.747154
v -0.061439 -4.321025 1.049880
v 0.034281 -4.444845 1.011346
v 0.123842 -4.278337 0.940884
v 0.007975 10.162450 0.014413
v -0.011625 9.872141 -0.113748
v -0.045675 9.976789 0.006118
v -0.025685 9.894867 0.091901
v -0.000941 9.057337 0.328545
v 0.004792 9.514317 0.194404
v -0.096399 4.968284 0.623833
v -0.108675 5.059850 0.537788
v -0.123132 4.522396 0.558706
v -0.141658 4.008790 0.552331
v -0.142541 3.891294 0.569652
v -0.143709 3.902374 0.554332
v -0.037099 2.550210 -0.871675
v -0.022594 1.952998 -0.882627
v 0.022343 2.000072 -0.884498
v 0.040258 2.371425 -0.859036
v 0.026765 3.656952 -0.822593
v 0.084187 5.236099 -0.586480
v 0.086709 5.241313 -0.573304
v 0.102179 5.117357 -0.548264
v 0.071717 5.383166 -0.589793
v 0.059550 5.412310 -0.633934
v 0.040248 2.371560 0.859041
v 0.022357 1.999355 0.884594
v -0.022585 1.953041 0.882617
v 0.080792 8.565151 -0.138380
v 0.081169 8.119017 -0.213251
v 0.081173 7.946479 -0.244131
v 0.063706 8.651663 -0.353538
v 0.079178 8.724042 -0.131700
v 0.073084 8.835810 -0.108396
v 0.073902 8.826805 -0.107723
v 0.050704 9.278673 -0.002293
v 0.073726 8.830235 -0.106922
v -0.000775 -4.983422 -1.043990
v -0.002401 -4.978693 -1.042820
v -0.003758 -4.973356 -1.041849
v -0.004223 -4.973330 -1.041509
v -0.005371 -4.973342 -1.040669
v -0.007184 -4.973338 -1.039341
v -0.010977 -4.973310 -1.036565
v -0.025474 -4.973181 -1.025955
v -0.051744 -4.972934 -1.006728
v -0.097060 -3.035945 0.869350
v -0.080206 8.662063 0.121412
v -0.079497 8.712252 0.123481
v -0.079484 8.712678 0.113500
v -0.079200 8.722188 -0.109202
v -0.051168 9.272297 0.006361
v -0.035219 9.198372 -0.207026
v -0.163105 0.028313 -0.764002
v -0.076505 1.107874 -0.825688
v -0.128289 -4.225088 0.931082
v -0.153981 -4.331825 0.727037
v -0.163405 -4.970228 0.724691
v -0.068659 6.972853 0.514721
v -0.096216 6.550986 0.437341
v -0.095781 6.351305 0.463985
v -0.097968 6.259152 0.465071
v -0.074407 6.004718 0.607017
v -0.054939 7.719303 0.441951
v -0.026537 6.999080 0.588206
v -0.000253 7.748428 0.491098
v -0.022872 4.726027 -0.752514
v -0.066916 4.878204 -0.737523
v 0.034922 4.933809 -0.755505
v 0.135187 -2.228521 -0.740370
v 0.151649 -4.327150 -0.737993
v 0.132069 -4.719898 -0.869471
v -0.099987 5.941401 0.480630
v -0.097740 5.696031 0.512220
v 0.122452 -1.688721 -0.786672
v 0.119800 -1.790798 -0.791380
v 0.123813 -1.746431 -0.781722
v 0.161329 -1.211399 -0.705803
v 0.152642 -1.261560 -0.732196
v -0.077625 7.022411 0.417255
v -0.014345 -0.860928 -0.909407
v -0.013154 -1.026533 -0.912243
v -0.016433 -0.396234 -0.901563
v -0.010952 0.478784 -0.887665
v 0.011702 -0.968982 -0.913598
v 0.014559 -0.391818 -0.904361
v 0.014613 -0.312619 -0.903062
v 0.055096 7.723235 0.441994
v 0.026594 6.992526 0.588404
v -0.074946 6.015298 -0.605319
v -0.100806 6.061357 -0.478277
v -0.095123 6.291753 -0.470206
v -0.043966 6.760716 -0.637712
v 0.001771 5.500543 -0.723446
v -0.157280 0.141468 0.750562
v -0.150579 -2.694751 0.682841
v -0.151003 -2.932493 0.686491
v 0.053099 6.646093 -0.644321
v -0.000676 6.281141 -0.670008
v 0.001611 6.313190 -0.667783
v 0.001890 6.412999 -0.660943
v 0.001188 6.438290 -0.659219
v 0.000327 6.461875 -0.657615
v -0.000510 6.438129 -0.659252
v -0.001191 6.413011 -0.660981
v -0.001448 6.384515 -0.662937
v -0.153905 -1.101118 -0.741032
v -0.160913 -0.670873 -0.727548
v -0.162731 -0.574074 -0.722981
v -0.164832 -0.441609 -0.719190
v -0.185035 -0.184993 -0.609453
v -0.001071 5.381173 0.723896
v -0.066388 4.886751 0.741026
v 0.063642 4.893147 0.743423
v -0.023503 6.727683 0.649475
v -0.142697 3.875333 -0.556542
v -0.141602 3.919047 -0.555684
v -0.141055 3.865405 -0.575778
v -0.095774 4.908696 -0.636430
v -0.133268 4.148218 -0.555986
v -0.113219 4.654371 -0.569915
v -0.113325 4.737157 -0.544863
v 0.142477 3.918595 0.554077
v 0.140851 3.966685 0.553913
v 0.140268 3.907721 0.579666
v 0.070373 5.442611 0.615270
v 0.132423 4.154901 0.557101
v 0.100725 4.820520 0.584052
v 0.099140 4.907867 0.566225
v 0.087941 5.117445 0.584826
v 0.083104 5.213870 0.590760
v 0.077769 5.336970 0.591375
v 0.054178 -4.972910 -1.005319
v 0.046002 -4.972988 -1.011067
v 0.041141 -4.907711 -1.014279
v 0.019578 -4.973238 -1.029647
v 0.006935 -4.973354 -1.038538
v 0.004334 -4.973374 -1.040366
v 0.003170 -4.973378 -1.041184
v 0.002458 -4.973372 -1.041685
v 0.001856 -4.973343 -1.042108
v -0.000005 -4.980489 -1.043439
v 0.037377 -4.973070 -1.017132
v 0.134203 -4.967230 0.870713
v 0.036182 9.184950 0.206219
v -0.041982 9.067726 0.208173
v -0.076564 8.774063 -0.106706
v -0.073732 8.828338 -0.020454
v -0.071338 8.874454 0.038321
v -0.073122 8.838282 0.097125
v -0.076397 8.773548 0.110662
v -0.079888 8.587293 0.137266
v -0.172916 -4.195210 -0.628176
v -0.160350 -3.413086 -0.658734
v -0.018972 -1.361990 -0.908586
v -0.013655 -2.342679 -0.923402
v -0.001947 -2.645267 -0.923849
v 0.030771 -2.159213 -0.902026
v 0.030826 -2.153141 -0.901899
v 0.098456 6.253698 -0.464388
v 0.100203 5.943546 -0.480057
v 0.097761 5.693231 -0.512520
v 0.073891 6.002222 -0.610760
v -0.027422 6.064215 0.711218
v -0.059554 5.412407 0.633914
v 0.166236 -0.019891 0.762910
v -0.076898 6.933047 -0.430226
v -0.073609 7.117481 -0.413805
v -0.071045 7.374654 -0.367897
v -0.074231 7.205757 -0.380954
v 0.127037 -1.653126 -0.780855
v 0.071042 7.399466 -0.370531
v 0.074779 7.102811 -0.413136
v 0.077275 6.964397 -0.425500
v 0.001848 -4.977478 1.042602
v 0.002465 -4.973307 1.042151
v -0.093932 6.352407 -0.467426
v -0.093397 6.543418 -0.444187
v 0.035669 -0.957322 0.914891
v -0.013229 -2.167920 0.923344
v -0.016202 -1.187942 0.910126
v 0.025436 -1.668376 0.904394
v 0.012824 -0.805694 0.910881
v 0.011330 -0.969845 0.914029
v 0.015296 -0.394064 0.902930
v 0.012565 0.463892 0.885999
v -0.016397 -0.459507 0.902770
v -0.012052 -0.981877 0.913201
v -0.149562 -4.351052 -0.696777
v -0.166761 -4.248815 -0.641766
v -0.170319 -4.971337 -0.662198
v -0.028839 3.764782 0.828620
v 0.076374 8.775166 0.106936
v 0.073783 8.827148 0.020337
v 0.071482 8.873053 -0.038435
v 0.079202 8.719592 0.125752
v 0.079200 8.719872 0.109566
v 0.079179 8.723706 -0.112321
v 0.016137 -2.564715 -0.924005
v 0.151862 -4.430579 0.737074
v 0.146131 -2.225491 -0.685627
v 0.150085 -2.625359 -0.683545
v 0.140301 -1.951211 -0.695770
v 0.044301 9.985701 0.006715
v 0.174986 -4.286263 0.623544
v 0.165544 -3.594426 0.646942
v -0.013253 4.536799 0.754509
v -0.010929 4.587903 0.754886
v -0.008815 4.594478 0.755357
v -0.141762 3.785936 0.564306
v -0.138812 3.764539 0.570956
v -0.110113 3.542643 0.634653
v -0.143676 3.875155 0.555880
v 0.024771 4.707854 -0.747294
v -0.028841 3.764884 -0.828603
v 0.082189 -4.972655 -0.982896
v 0.134239 -4.972168 -0.870742
v 0.120070 -4.972321 -0.898440
v 0.006623 4.689578 0.754984
v 0.079949 8.668128 -0.121037
v 0.080321 8.638717 0.122796
v 0.080618 8.585567 -0.135415
v -0.007274 2.481281 -0.866803
v -0.003394 2.080817 -0.875421
v 0.006398 2.146009 -0.871745
v 0.008840 2.444037 -0.864170
v -0.003137 3.714993 -0.825825
v -0.003702 3.678969 -0.827158
v -0.003542 3.649826 -0.828129
v -0.004233 3.119770 -0.846416
v 0.004159 3.679432 -0.825769
v 0.003894 3.701344 -0.825065
v 0.006737 3.309875 -0.837985
v 0.152825 -4.493760 0.693716
v 0.171832 -4.321232 0.630502
v 0.172521 -4.965463 0.676177
v 0.179421 -4.965638 0.635208
v 0.167562 -4.895356 0.667179
v 0.170936 -4.965536 0.685645
v 0.118352 -4.972340 -0.902270
v 0.098013 -4.972545 -0.947616
v 0.085819 -4.972640 -0.974802
v 0.171365 -4.965516 0.698069
v 0.081519 8.069135 0.193934
v 0.080145 8.602564 0.130779
v 0.150537 -2.684409 -0.683531
v 0.161717 -4.325722 -0.689778
v 0.171743 -4.971456 -0.697330
v 0.152543 -4.382497 -0.711281
v 0.160463 -4.633076 -0.698402
v 0.168983 -4.917962 -0.670245
v 0.171344 -4.971418 -0.686241
v -0.081094 -4.972663 -0.984168
v -0.125202 -4.972266 -0.888659
v 0.179577 -4.971213 -0.638693
v 0.140352 3.765478 0.568135
v 0.142200 3.883724 0.556895
v 0.140067 3.739197 0.569275
v 0.114537 3.477914 0.623289
v -0.151907 -3.023571 0.686245
v -0.161329 -4.334730 0.690666
v 0.004007 8.688392 0.412940
v -0.085188 -4.972645 -0.975303
v -0.097935 -4.972546 -0.947701
v -0.119576 -4.972330 -0.900841
v -0.011497 0.978732 -0.877851
v -0.010856 0.898484 -0.879423
v -0.009959 0.784738 -0.881651
v 0.015134 -0.155640 -0.899977
v 0.013239 0.898619 -0.879285
v 0.008539 0.955979 -0.878185
v 0.008646 0.976016 -0.877791
v 0.003662 1.615512 -0.882007
v -0.004401 1.449543 -0.880932
v 0.081238 1.860723 -0.806874
v 0.151103 0.096666 0.698788
v 0.136480 0.571709 0.690149
v 0.130024 0.899217 0.703668
v 0.185552 -0.098736 0.596040
v 0.143670 3.874419 -0.555914
v 0.141677 3.782027 -0.564662
v 0.139475 3.764960 -0.569684
v 0.110199 3.522840 -0.635388
v 0.094023 6.592296 -0.436832
v 0.097474 6.412487 -0.452437
v 0.171788 -0.526990 0.704576
v -0.004668 2.072382 0.875894
v -0.007364 2.481511 0.866810
v 0.010165 2.441031 0.863950
v 0.005897 2.142753 0.871930
v -0.006957 3.072884 0.848499
v -0.003435 3.678996 0.827124
v -0.003073 3.715122 0.825824
v 0.004055 3.701382 0.825050
v 0.004470 3.679462 0.825728
v 0.004238 3.644419 0.826969
v 0.004806 3.276750 0.839463
v -0.081870 -4.971821 0.982917
v -0.001838 1.990999 0.882295
v -0.016790 -0.396058 0.901669
v -0.017205 -0.126595 0.896963
v -0.013540 0.898955 0.878942
v -0.008727 0.957754 0.877811
v -0.008773 0.968681 0.877620
v 0.012101 0.955271 0.877411
v 0.011752 0.899495 0.878394
v 0.010988 0.775528 0.880580
v -0.140545 3.727592 -0.568656
v -0.141035 3.765916 -0.566855
v -0.142488 3.848797 -0.558684
v -0.115096 3.480735 -0.622183
v 0.096940 6.350561 -0.461569
v 0.075741 7.090809 0.412569
v 0.077378 7.175148 0.376168
v 0.071863 7.460896 0.354441
v 0.126996 1.698824 -0.734344
v 0.132094 1.112327 -0.684062
v 0.127662 1.108135 -0.695028
v 0.103305 1.112045 -0.757003
v 0.103410 1.141291 -0.758601
v 0.100124 1.112555 -0.765099
v -0.001385 8.083476 -0.463267
v -0.073107 7.840673 -0.365408
v -0.077178 8.039703 -0.247674
v -0.078169 7.793502 -0.285116
v -0.071108 7.468717 0.357934
v -0.076458 7.081849 0.412151
v -0.081473 7.549087 0.314414
v 0.006217 4.199992 -0.788525
v 0.002023 4.307737 -0.781794
v 0.004566 3.763065 -0.820447
v -0.004510 4.192842 -0.791701
v -0.156913 -4.347595 0.700710
v -0.170372 -4.970092 0.688742
v -0.003925 8.688833 -0.412870
v 0.078785 7.533598 0.325837
v 0.081280 7.555402 0.315344
v -0.160860 -4.623718 0.697286
v -0.169353 -4.970112 0.668509
v -0.154780 -4.395922 0.706376
v -0.074978 7.534402 -0.336289
v -0.077446 7.603435 -0.318159
v 0.016355 -3.704307 0.965049
v 0.141035 -1.956097 -0.692449
v 0.002293 1.588430 0.881856
v -0.005045 1.438153 0.880855
v 0.073098 7.840343 -0.365675
v 0.080830 7.712877 -0.286915
v -0.084996 7.658039 -0.288257
v -0.080273 1.866774 0.808708
v -0.100535 1.073840 0.768756
v -0.103067 1.106858 0.757894
v -0.129899 1.107039 0.689897
v -0.133014 1.067579 0.687319
v -0.099885 1.106837 0.765958
v -0.126999 1.699163 0.734038
v -0.131963 1.109014 0.684787
v -0.103188 1.135991 0.759399
v 0.001784 1.894879 -0.883249
v 0.001834 1.997716 -0.882222
v 0.167422 -4.965698 0.718043
v 0.081711 1.861168 0.806030
v 0.111505 2.069419 0.683034
v -0.135330 2.491765 0.610148
v -0.135428 2.463767 0.610532
v -0.111582 3.370561 0.639846
v -0.001794 1.901801 0.883186
v -0.079722 1.868630 -0.809391
v -0.115373 2.059550 -0.675814
v -0.099303 1.861648 -0.721119
v -0.138932 0.491873 -0.730139
v 0.168305 -4.971531 -0.714216
v 0.160913 -4.971684 -0.748182
v 0.141959 -4.972044 -0.835271
v -0.121220 1.706949 -0.728981
v -0.122959 1.764121 -0.679179
v 0.135446 2.463727 -0.610478
v 0.135343 2.493014 -0.610076
v 0.111481 3.369980 -0.640040
v 0.071075 7.644994 -0.326481
v -0.125585 1.660632 -0.680420
v -0.132413 1.408331 -0.676908
v -0.010465 4.549736 0.758196
v -0.003266 3.739430 0.824139
v -0.003897 4.009706 0.805034
v 0.126963 1.700443 0.734092
v 0.126792 1.766783 0.671184
v 0.099966 1.855494 0.720145
v -0.136140 0.461171 -0.706151
v -0.139758 0.536371 -0.682602
v -0.144754 0.627069 -0.670360
v -0.137305 0.994630 -0.686013
v 0.100780 1.079677 -0.767878
v 0.134289 1.015566 -0.690586
v 0.134821 0.994693 -0.691855
v 0.135612 2.462448 0.608935
v 0.135594 2.552456 0.605636
v 0.134639 2.613004 0.605295
v -0.180916 0.062876 -0.591820
v -0.148743 0.131881 -0.702916
v 0.127233 1.699428 -0.674569
v 0.129244 1.471789 -0.647312
v 0.126640 1.773992 -0.667323
v -0.127221 1.699047 0.674629
v -0.129172 1.470624 0.647639
v -0.126642 1.773952 0.667334
v -0.156305 -3.028584 -0.668989
v -0.160415 -2.687249 -0.660878
v -0.158949 -2.287676 -0.681292
v -0.122483 2.074878 0.639958
v -0.118733 1.999065 0.651913
v -0.109050 1.857091 0.677108
v -0.135591 2.462497 -0.609011
v -0.135571 2.557693 -0.605519
v -0.134766 2.612098 -0.605105
v -0.171237 0.018083 0.672712
v -0.166412 -0.236262 0.701463
v -0.135042 0.994678 0.691352
v 0.119370 2.044358 -0.646450
v 0.116582 1.994925 -0.654607
v 0.109268 1.854878 -0.677101
v -0.066452 8.894583 0.116469
v -0.071845 5.382834 0.589619
v -0.152560 -1.143111 0.743082
v -0.161040 -0.360904 0.722648
v -0.157483 -0.664231 0.731768
v -0.154130 -1.003103 0.739190
v 0.128099 1.719817 0.671514
v 0.138966 1.338241 0.664945
v 0.010692 2.464372 0.863107
v 0.006972 2.668206 0.857700
v -0.009212 2.671264 0.861398
v -0.009466 2.728670 0.859689
v 0.132485 0.932064 0.697700
v 0.132737 0.994735 0.696781
v -0.084061 5.233594 0.586963
v -0.086566 5.239221 0.573913
v -0.101368 5.117348 0.550347
v 0.156805 -3.009045 0.668417
v 0.160070 -2.678138 0.662169
v 0.152262 -1.505643 0.729974
v 0.012025 2.744810 -0.854155
v 0.011594 2.667341 -0.856643
v -0.007763 2.514231 -0.865902
v -0.005501 2.670575 -0.860554
v -0.109914 4.799010 -0.543848
v -0.088518 5.117437 -0.583352
v -0.082737 5.206205 -0.592223
v 0.151241 -1.180650 0.745510
v 0.164973 -0.678576 0.722661
v 0.167058 -0.612514 0.718490
v 0.169134 -0.532931 0.715290
v 0.150956 -1.198296 0.746070
v -0.007741 4.720255 -0.750856
v -0.001225 4.717770 -0.750142
v -0.006903 4.735566 -0.751399
v -0.153982 -1.185891 -0.739674
v -0.153584 -1.152371 -0.742008
v 0.007521 -4.973307 -1.017633
v 0.004916 -4.973313 -1.017676
v -0.000005 -4.973429 -1.041932
v -0.075251 -4.972737 -0.953143
v -0.087513 -4.972574 -0.914546
v -0.030750 -4.973146 -1.005654
v -0.017435 -4.973259 -1.016558
v -0.041842 -4.972603 1.006742
v -0.076628 -4.971923 0.947249
v -0.101205 -4.971443 0.869191
v -0.141611 -4.970654 0.746688
v -0.145632 -4.970575 0.737767
v 0.000002 -4.973421 1.017951
v 0.000002 -4.973421 1.041917
v -0.002457 -4.973382 -1.017800
v -0.000005 -4.973429 -1.017762
v -0.100010 -4.971467 0.870574
v -0.004894 -4.973314 -1.017838
v -0.007455 -4.973309 -1.017879
v 0.076773 -4.972735 -0.966556
v 0.073680 -4.972764 -0.971030
v 0.084165 -4.972655 -0.942611
v 0.025561 -4.973198 -1.017332
v 0.020774 -4.973238 -1.017412
v 0.141676 -4.971762 -0.746656
v 0.145597 -4.971714 -0.737925
v 0.120230 -4.972126 -0.822446
v 0.010307 -4.973298 -1.017587
v 0.013359 -4.973285 -1.017536
v -0.140385 -4.971774 -0.748101
v -0.141646 -4.971763 -0.746639
v -0.013130 -4.973287 -1.017972
v -0.010175 -4.973300 -1.017924
v -0.111979 -4.972215 -0.837525
v 0.053712 -4.972936 -0.999916
v 0.031575 -4.973139 -1.017230
v -0.068353 -4.972812 -0.974856
v 0.170920 -4.965537 0.660238
v 0.002426 -4.973317 -1.017717
v 0.101300 -4.972426 -0.889347
v 0.097175 -4.972482 -0.900465
v 0.100235 -4.972435 -0.890550
v 0.016793 -4.973266 -1.017479
v -0.014642 -4.973279 -1.017996
v -0.015705 -4.973273 -1.017976
v 0.014640 -4.972745 1.021832
v 0.015699 -4.972697 1.021843
v 0.068396 -4.970266 0.991961
v 0.140119 -4.966958 0.748511
v 0.141504 -4.966894 0.746920
v -0.070044 -2.756112 -0.862665
v 0.078408 5.117507 0.609306
v 0.070045 -2.737251 0.863741
v -0.078414 5.117503 -0.609294
v 0.017010 5.088190 -0.711493
v 0.078407 5.117516 -0.609302
v 0.039578 7.541850 0.433443
v -0.000357 6.413983 0.664186
v -0.039583 7.541844 0.433443
v -0.017748 -2.795556 0.923934
v 0.097193 0.995632 -0.780531
v 0.017764 -2.790015 -0.924246
v -0.039583 7.541844 -0.433451
v -0.009461 5.136316 -0.720171
v -0.070054 -2.756120 0.862659
v -0.015453 9.412303 -0.000002
v -0.000255 9.490117 0.196987
v 0.070049 -2.737257 -0.863738
v 0.039577 7.541848 -0.433460
v 0.015446 9.412303 0.000013
v -0.097196 0.995620 0.780532
v -0.097194 0.995634 -0.780538
v 0.009477 5.136323 0.720170
v -0.078404 5.117499 0.609308
v -0.017013 5.088190 0.711496
v -0.016834 -2.795085 -0.923802
v 0.097188 0.995621 0.780550
v 0.016827 -2.789844 0.924102
v -0.000501 8.801578 -0.336405
v 0.000276 9.492576 -0.196919
v 0.000480 8.800925 0.336514
v -0.000010 9.932656 0.000079
v 0.481824 -6.342584 1.163226
v 0.726204 -6.718670 1.086841
v 0.699500 -6.342584 1.046875
v 1.086842 -6.718670 0.726204
v -0.350877 -6.718666 -1.265987
v 1.207633 -6.718670 0.500218
v 0.045671 -6.468132 -0.565032
v 0.521460 -6.468132 0.215998
v 0.566173 -6.468121 0.037686
v 0.319873 -7.222547 -0.374680
v 0.318741 -8.000973 -0.253369
v 0.196397 -8.001547 -0.358111
v 0.408319 -10.593822 -0.378868
v 0.409033 -10.899505 -0.385284
v 0.218368 -10.892877 -0.521084
v -0.762598 -11.663360 -0.284366
v -0.554677 -11.751466 -0.046909
v -0.881124 -11.634649 0.032090
v 0.000239 -0.364522 -0.921646
v -0.070051 -2.756110 -0.862663
v -0.177070 -0.701574 -0.708101
v 0.137379 -5.598875 0.786185
v 0.157957 -5.603304 0.264608
v 0.240106 -5.532101 0.423339
v -0.215104 3.989824 -0.205856
v -0.221754 3.842694 0.000000
v -0.175730 6.476531 -0.094144
v -0.137379 -5.598875 -0.786185
v -0.159488 -5.602533 -0.259800
v -0.240106 -5.532101 -0.423339
v 0.279854 -2.389998 -0.232673
v 0.219191 -5.058053 -0.522009
v 0.248841 -2.619863 -0.463428
v 0.078407 5.117508 0.609303
v 0.206597 3.821394 0.342965
v 0.184581 5.116806 0.336690
v -0.000239 -0.364518 0.921646
v 0.070051 -2.737262 0.863739
v 0.177070 -0.701574 0.708101
v -0.279854 -2.389999 0.232673
v -0.219191 -5.058053 0.522009
v -0.248841 -2.619862 0.463427
v 0.274815 -0.705031 -0.213661
v -0.078407 5.117508 -0.609303
v -0.206597 3.821394 -0.342965
v -0.184581 5.116806 -0.336690
v 0.137215 6.324104 -0.377076
v 0.078407 5.117509 -0.609304
v 0.017018 5.088194 -0.711487
v -0.000353 6.413982 0.664184
v 0.137215 6.324104 0.377076
v 0.039581 7.541843 0.433450
v -0.039581 7.541845 0.433449
v -0.137215 6.324104 0.377076
v -0.177070 -0.701574 0.708101
v -0.017755 -2.795545 0.923931
v 0.193838 2.431284 -0.378870
v 0.256555 0.991645 -0.405000
v 0.097186 0.995628 -0.780538
v 0.177070 -0.701574 -0.708103
v 0.017755 -2.790012 -0.924247
v 0.248841 -2.619862 0.463427
v 0.219189 -5.058053 0.522009
v 0.338310 -5.118247 0.263813
v 0.266676 0.996321 0.209420
v 0.298450 -2.360401 0.000524
v 0.290146 -0.707030 -0.000000
v -0.248841 -2.619863 -0.463427
v -0.219191 -5.058053 -0.522009
v -0.338310 -5.118247 -0.263813
v -0.266676 0.996321 -0.209420
v -0.298450 -2.360401 -0.000524
v -0.290146 -0.707030 0.000000
v 0.000354 6.414011 -0.664182
v -0.137215 6.324104 -0.377076
v -0.039581 7.541843 -0.433450
v -0.109304 8.509109 0.064344
v -0.000000 -5.465080 -1.146916
v 0.106016 -5.698931 -1.074491
v -0.294377 -5.698711 -1.037126
v -0.245631 -6.342584 1.234874
v -0.255010 -6.718670 1.282017
v -0.000000 -6.718670 1.307133
v -0.000152 3.676724 -0.833905
v -0.009468 5.136325 -0.720177
v -0.178213 3.789450 -0.496377
v -0.000000 -4.973421 -1.041918
v 0.414382 -4.963665 1.000406
v 0.601590 -4.963665 0.900342
v -1.062026 -4.963665 0.211250
v -1.059612 -5.465081 0.438906
v -1.000406 -4.963665 0.414382
v 1.046876 -6.342584 0.699500
v 1.163226 -6.342584 0.481824
v 0.601589 -4.963665 -0.900342
v 0.637192 -5.465080 -0.953626
v 0.414382 -4.963665 -1.000407
v -0.143320 -5.023364 0.743929
v -0.070051 -2.756110 0.862663
v -0.084583 -5.658324 0.590107
v 0.103445 -5.648190 0.574109
v -1.046876 -6.342584 -0.699500
v -1.086841 -6.718670 -0.726204
v -1.163225 -6.342584 -0.481824
v 0.143321 -5.023357 0.743958
v -0.042667 -5.047724 1.009602
v -0.078331 -5.614890 0.843818
v 0.060576 -5.616756 0.854949
v -0.211250 -4.969287 -1.037286
v -0.223752 -5.465080 -1.124878
v -0.438906 -5.465081 -1.059612
v 0.345514 -7.220955 0.349226
v 0.356072 -8.000604 0.197503
v 0.437916 -7.224375 0.225448
v -0.319400 -7.230142 -0.374311
v -0.357145 -8.001698 -0.197772
v -0.433977 -7.225895 -0.235449
v 1.178958 -5.715786 0.000001
v 1.227024 -6.091875 -0.000000
v 1.203448 -6.091875 -0.239380
v 1.307133 -6.718670 0.000000
v 1.282017 -6.718670 -0.255009
v -0.443630 -6.751854 0.356013
v -0.241372 -7.243351 0.427749
v -0.313583 -6.758824 0.469312
v -0.431813 -6.468132 0.367266
v -0.260673 -6.468125 0.505179
v 0.000000 -6.342584 1.259067
v -0.211250 -4.969287 1.037286
v 0.000000 -4.973421 1.041918
v -1.282017 -6.718670 0.255009
v -1.207633 -6.718670 0.500219
v -0.900342 -4.963665 0.601590
v -0.953625 -5.465079 0.637193
v -0.810992 -5.465080 0.810992
v -0.527927 -11.032372 -0.363725
v -0.742056 -11.212835 -0.474261
v -0.823816 -11.189684 -0.228066
v -0.170365 -11.010182 0.596761
v -0.413904 -11.217316 0.785602
v -0.146259 -11.225260 0.879432
v 0.255009 -6.718670 1.282017
v 0.500218 -6.718670 1.207633
v -0.027441 -11.648993 0.848749
v -0.087666 -11.749121 0.555816
v 0.243729 -11.760320 0.485395
v 0.540357 -11.034243 0.359142
v 0.841394 -11.190072 0.142517
v 0.605227 -11.013814 0.135784
v 0.588787 -11.667665 -0.551529
v 0.320488 -11.755861 -0.449321
v 0.208143 -11.670554 -0.777193
v 0.821379 -11.629137 0.333922
v 0.509160 -11.759456 0.192357
v 0.786683 -11.675275 -0.010024
v -0.601589 -4.963665 0.900342
v -0.637192 -5.465079 0.953626
v -0.414382 -4.963665 1.000407
v 1.062026 -4.963665 0.211250
v 1.082832 -4.963665 0.000000
v 1.156305 -5.715786 0.230003
v 1.203447 -6.091875 0.239381
v -1.086841 -6.718670 0.726204
v -0.924283 -6.718670 0.924283
v -0.699500 -6.342584 1.046876
v -0.726204 -6.718670 1.086841
v -0.481824 -6.342584 1.163226
v 0.170983 -9.095300 0.347382
v 0.281612 -9.638917 0.335193
v 0.264168 -9.093910 0.278877
v -0.489441 -7.233171 0.047965
v -0.403982 -8.000441 -0.050730
v -0.398742 -8.000660 0.072513
v 0.726205 -6.718670 -1.086841
v 0.500218 -6.718670 -1.207634
v 0.438906 -5.465079 -1.059612
v 0.223752 -5.465080 -1.124878
v -0.598668 -11.010355 0.177530
v -0.648154 -11.190224 0.555853
v -0.428775 -11.013228 0.453442
v 0.505806 -10.495496 0.234011
v 0.469770 -10.885571 0.306330
v 0.538632 -10.847965 0.128981
v -0.015452 9.412311 -0.000000
v -0.000260 9.490128 0.196981
v 0.161604 6.358131 0.248550
v 0.129180 7.522999 0.187503
v 0.699500 -6.342584 -1.046875
v 1.133622 -6.091875 -0.469563
v 1.089215 -5.715786 -0.451168
v -0.081442 -10.074183 0.007071
v 0.208335 -10.109182 0.110200
v 0.145480 -10.099573 -0.126827
v 0.243624 -10.535470 -0.501098
v 0.061838 -10.551898 -0.551361
v -0.765679 -4.963665 -0.765678
v -0.900342 -4.963665 -0.601589
v -0.810992 -5.465079 -0.810992
v -0.953626 -5.465079 -0.637193
v -0.015692 -11.747705 -0.566121
v -0.206146 -11.649154 -0.823132
v -0.149773 -11.030871 -0.621391
v -0.494398 -11.174788 -0.683246
v -0.369409 -11.032363 -0.530200
v -1.000407 -4.963665 -0.414382
v -1.059612 -5.465079 -0.438906
v -1.124878 -5.465080 -0.223752
v -0.118325 -10.540561 -0.545105
v -0.063895 -10.888058 -0.556980
v -0.303638 -10.887881 -0.472268
v -0.539689 -10.482890 0.136550
v -0.547631 -10.847601 0.084335
v -0.481476 -10.855008 0.279626
v -0.347159 -10.488564 -0.433284
v -0.486392 -10.888737 -0.284092
v -0.480738 -10.465829 -0.264417
v -0.120224 -10.115595 -0.222325
v 0.246159 -10.654006 0.491739
v 0.000000 -10.537992 0.000000
v 0.381170 -10.649673 0.393614
v 0.407211 -9.652587 -0.160207
v 0.399267 -10.202621 -0.329833
v 0.343150 -9.641649 -0.273376
v 0.529236 -10.652136 -0.173754
v 0.393690 -10.650117 -0.381090
v -0.146298 -7.245489 -0.470091
v -0.112112 -8.000884 -0.392821
v -0.256107 -8.002079 -0.316554
v -0.481824 -6.342584 -1.163225
v -0.726204 -6.718670 -1.086841
v -0.699500 -6.342584 -1.046875
v -1.207633 -6.718670 -0.500218
v -0.437159 -9.641393 0.036701
v -0.458071 -10.188404 0.241084
v -0.393293 -9.636102 0.194617
v -0.077556 -9.651178 -0.430541
v -0.098633 -10.228024 -0.507670
v -0.235876 -10.165293 -0.455026
v -0.000000 -6.342584 -1.259067
v -0.245632 -6.342584 -1.234874
v 0.062055 -6.770820 0.563750
v 0.226606 -7.222344 0.438765
v 0.271224 -6.748166 0.499531
v 0.024934 -6.468138 0.574022
v 0.283204 -6.468126 0.491701
v -0.276747 -10.461781 0.474401
v -0.164099 -10.841815 0.532199
v -0.100523 -10.492717 0.546101
v 0.041293 -11.009101 0.613630
v 0.415975 -11.189169 0.753361
v 0.283199 -11.011590 0.557605
v 0.049753 -9.643823 -0.436203
v 0.248908 -10.205145 -0.455872
v 0.238464 -10.470269 0.496061
v 0.315580 -10.890295 0.459744
v 0.383482 -10.469802 0.393837
v 0.079724 -10.497309 0.546587
v 0.033284 -10.843167 0.552795
v 0.174390 -10.827236 0.525346
v 0.543645 -10.651854 0.086178
v 0.437374 -9.643248 -0.037231
v 0.519350 -10.256951 0.068305
v 0.498456 -10.222803 -0.146375
v -0.232501 -11.189226 -0.820962
v 0.256247 -11.033186 -0.593952
v 0.506608 -11.194866 -0.703069
v 0.186128 -11.202899 -0.849432
v 0.688273 -11.202516 0.530745
v 0.784065 -11.188519 0.336243
v 0.075867 -11.400058 0.973314
v 0.047702 -11.555905 0.943802
v 0.314820 -11.548735 0.894151
v -0.438725 -6.468132 -0.360367
v -0.542886 -6.468132 -0.166745
v 0.043681 -7.228559 -0.491406
v 0.143320 -5.023357 -0.743958
v 0.070049 -2.737263 -0.863741
v 0.084782 -5.658282 -0.590347
v -0.103445 -5.648190 -0.574108
v 0.160194 -9.652517 0.407205
v -0.093107 -9.651127 0.427441
v -0.154310 -10.217904 0.495350
v 0.053245 -10.202826 0.515210
v -1.259067 -6.342584 0.000000
v -1.234874 -6.342584 0.245632
v 0.042667 -5.045333 -1.020123
v 0.078331 -5.614890 -0.843818
v -0.060578 -5.616760 -0.854947
v -0.143320 -5.023364 -0.743929
v 0.036512 -9.642480 0.437403
v -0.159398 -6.772270 0.542268
v -0.061411 -7.225506 0.488449
v 1.124878 -5.465080 0.223752
v 0.765679 -4.963665 0.765677
v 0.810993 -5.465079 0.810992
v 0.953626 -5.465079 0.637192
v 0.000000 -5.465080 1.146916
v 0.637193 -5.465078 0.953626
v 0.215104 3.989827 0.205856
v 0.221754 3.842694 -0.000000
v 0.175730 6.476532 0.094143
v 0.218426 3.843891 -0.182353
v 0.174613 6.420655 -0.128465
v 0.963012 -11.354721 0.000004
v 0.952113 -11.500748 -0.172953
v 0.928732 -11.356701 -0.262048
v 0.682767 -11.342886 -0.667670
v 0.695719 -11.483035 -0.675314
v 0.521793 -11.493454 -0.818506
v -0.279854 -2.389998 -0.232673
v -0.383356 -5.150456 0.000000
v -0.338310 -5.118247 0.263813
v -0.364083 -8.000424 0.182300
v -0.438666 -7.235229 0.222978
v -0.564426 -6.468132 0.000002
v -0.537497 -6.468124 0.181856
v 0.718579 -11.386511 0.649968
v 0.860705 -11.506912 0.440075
v 0.858072 -11.354709 0.432821
v 0.948565 -11.511371 0.157187
v 0.901270 -11.608460 0.007860
v -0.033328 -10.653891 -0.548833
v -0.201509 -10.649343 -0.509622
v -0.506761 -10.228025 -0.103144
v -0.547972 -10.649014 -0.008794
v -0.510590 -10.164890 0.043809
v 0.851011 -11.189312 -0.070676
v 0.456034 -11.035022 -0.455856
v -0.341317 -10.250786 0.396022
v -0.520365 -10.654390 -0.177499
v -0.646336 -11.632190 0.604557
v -0.327454 -11.751499 0.449776
v -0.335432 -11.651505 0.775929
v -0.879473 -11.363383 0.401301
v -0.787696 -11.518394 0.546741
v -0.754247 -11.359141 0.602347
v -0.914462 -11.455156 -0.329915
v -0.871289 -11.572557 -0.334436
v -0.963923 -11.494441 -0.096944
v 0.657765 -5.698730 0.855473
v 0.980268 -5.715786 0.654994
v 0.892527 -5.698871 0.596367
v 1.133623 -6.091875 0.469561
v 1.089216 -5.715786 0.451167
v 0.338310 -5.118247 -0.263813
v 0.279854 -2.389999 0.232672
v 0.383356 -5.150456 -0.000000
v -0.187336 -11.359604 -0.946859
v -0.426172 -11.454079 -0.874923
v -0.417463 -11.305567 -0.838922
v -0.788383 -11.356782 -0.545504
v -0.893475 -11.336845 -0.328047
v -0.590739 -11.502937 0.765445
v -0.310314 -11.560370 0.892888
v -0.165864 -11.420890 0.959570
v 0.039581 7.541843 -0.433451
v 0.109292 8.509227 -0.064379
v 0.015452 9.412312 0.000003
v 0.521460 -6.758824 0.215998
v 0.480572 -7.223155 0.097564
v 0.566095 -6.749538 0.051284
v 0.437698 -7.228029 -0.225759
v -0.890295 -6.342584 0.890294
v 0.158265 2.426234 -0.565147
v 0.481824 -6.342584 -1.163226
v 0.135811 -6.718551 -1.307106
v 0.324968 -10.153349 0.010070
v 0.467523 -10.309033 0.042517
v 0.379700 -10.232413 -0.163750
v 0.537768 -10.482592 -0.125800
v 0.551792 -10.848744 -0.084790
v 0.485951 -10.478088 -0.259959
v -1.227024 -6.091875 0.000000
v -1.093411 -6.126068 0.368014
v -1.203447 -6.091875 0.239380
v -0.980268 -5.715786 -0.654994
v -1.133623 -6.091875 -0.469561
v -1.089215 -5.715786 -0.451168
v 0.900342 -4.963665 -0.601590
v 0.953626 -5.465079 -0.637192
v 0.810992 -5.465080 -0.810992
v 1.000406 -4.963665 -0.414382
v 1.146916 -5.465080 0.000000
v 1.046875 -6.342584 -0.699500
v 0.924282 -6.718670 -0.924283
v 0.890294 -6.342584 -0.890295
v 1.259067 -6.342584 -0.000000
v 1.234874 -6.342584 -0.245632
v 0.427574 -9.652509 0.093030
v 0.488979 -7.234446 -0.044747
v 0.406392 -7.999887 -0.028108
v 0.377036 -7.999325 -0.148920
v -0.218426 3.843890 0.182353
v -0.254762 -0.704502 0.418000
v -0.298143 -10.239597 -0.303500
v -0.450878 -10.279106 -0.057322
v -0.427226 -10.487275 0.353546
v 0.023757 -11.363193 -0.964556
v 0.044939 -11.555572 -0.951589
v -0.212387 -11.532780 -0.934327
v 0.439317 -11.330713 -0.844272
v -0.254762 -0.704502 -0.418000
v -0.287444 -10.233969 0.296107
v -0.122865 -10.252803 0.407738
v -0.417402 -10.298039 0.186790
v -0.531071 -10.654467 0.142326
v -0.460494 -10.649014 0.297137
v -0.069829 -10.654273 0.545416
v 0.098276 -10.649343 0.539097
v -0.193838 2.431284 0.378870
v -0.097187 0.995628 0.780537
v -0.158265 2.426233 0.565147
v -0.001299 0.884812 0.893332
v -1.163225 -6.342584 0.481824
v -1.046875 -6.342584 0.699500
v -1.147376 -6.125553 0.000000
v 0.254762 -0.704502 0.417999
v -1.062026 -4.963665 -0.211250
v -0.074164 -5.610350 0.240355
v -0.369021 -8.543069 0.065425
v -0.383710 -9.085245 0.035753
v -0.346186 -9.095318 0.172113
v -0.270484 -8.543113 0.259418
v -0.186868 -9.099018 0.338649
v -0.186662 -8.543484 0.327067
v -0.256555 0.991645 0.405000
v -0.274815 -0.705031 0.213660
v 0.254762 -0.704502 -0.418000
v -0.631583 -11.034751 -0.129780
v -0.223752 -5.465080 1.124878
v -0.438906 -5.465079 1.059612
v -0.174613 6.420656 0.128465
v -0.161604 6.358130 -0.248550
v -0.129180 7.522997 -0.187504
v -0.304295 -9.654431 -0.314938
v -0.448962 -10.165410 -0.247207
v -0.384241 -9.644983 -0.212576
v -0.373382 -8.540112 -0.052899
v -0.093694 -8.539227 -0.365311
v -0.174258 -9.080537 -0.342968
v -0.236028 -8.541682 -0.295823
v -0.264623 -9.093335 -0.279030
v -0.338774 -9.100334 -0.186728
v 0.438906 -5.465080 1.059612
v 0.002178 2.682840 -0.875389
v -0.097186 0.995628 -0.780538
v -0.158265 2.426233 -0.565147
v 1.020233 -6.091875 -0.681699
v 0.954008 -6.125553 -0.637448
v 0.716461 -6.125936 -0.902779
v 0.960720 -5.698967 -0.495514
v 0.833649 -5.715786 -0.833649
v 0.698792 -5.698711 -0.820962
v 0.009468 5.136327 0.720177
v 0.000152 3.676724 0.833905
v 0.178213 3.789450 0.496377
v -0.078407 5.117509 0.609303
v -0.017018 5.088194 0.711487
v 0.070454 -5.612453 -0.259493
v 0.309949 -11.420737 0.919016
v 0.525632 -11.496377 0.813599
v 0.562853 -11.326202 0.766837
v 0.101063 -11.202628 0.863284
v 0.681698 -6.091875 -1.020233
v 0.654994 -5.715786 -0.980268
v 0.451168 -5.715786 -1.089215
v 0.469561 -6.091875 -1.133623
v 0.239380 -6.091875 -1.203447
v 0.287022 -5.521043 -0.075537
v 0.236150 -5.530099 -0.437053
v -1.033162 -5.698931 -0.313602
v -1.074628 -5.698711 0.086386
v -1.082832 -4.963665 0.000000
v -1.146916 -5.465080 0.000000
v -1.124878 -5.465080 0.223752
v -0.942313 -11.330662 -0.122880
v -0.956465 -11.358915 0.140637
v -0.852433 -11.188400 -0.017381
v -0.804924 -11.195311 0.314207
v 0.268228 -5.526174 0.217865
v -1.178958 -5.715786 -0.000000
v -1.089215 -5.715786 0.451168
v -1.133622 -6.091875 0.469562
v -1.020233 -6.091875 0.681699
v 0.182655 -10.244479 -0.378825
v 0.350620 -10.407757 -0.391330
v 0.077380 -10.398737 -0.520209
v -1.156305 -5.715786 0.230003
v -0.343491 -10.847095 0.434632
v -0.527455 -11.659923 -0.640096
v -0.471101 -11.751731 -0.293418
v -0.636489 -11.461131 -0.742962
v 0.211456 -10.189886 0.314304
v -0.514664 -11.748349 0.236918
v -0.955628 -11.504198 0.116763
v -0.891679 -11.533306 0.347910
v 0.190386 -7.221690 -0.452753
v 0.439026 -6.468132 -0.360015
v 0.354546 -6.774664 -0.439617
v 0.262291 -6.467973 -0.504556
v -0.220963 2.441933 -0.198154
v -0.269810 0.998321 0.000000
v -0.256555 0.991645 -0.404999
v -0.287021 -5.521047 0.075543
v -0.236143 -5.530094 0.437075
v -0.080775 -8.543002 0.365974
v -0.085111 -9.093909 0.374589
v 0.028443 -9.096625 0.385818
v 0.093275 -7.225967 0.480984
v -0.268228 -5.526174 -0.217865
v 0.043169 -8.546721 -0.373836
v 0.042785 -9.100413 -0.384464
v -0.064639 -9.092587 -0.378551
v 0.297581 -8.542248 -0.230739
v 0.188299 -9.097671 -0.339490
v 0.184403 -8.543526 -0.330242
v 0.031662 -8.547367 0.375543
v 0.167336 -8.542799 0.337451
v 0.924283 -6.718670 0.924282
v 1.059612 -5.465080 -0.438906
v 0.375693 -8.543806 -0.025553
v 0.359082 -9.093622 -0.137830
v 0.349166 -8.543042 -0.136163
v 0.302311 -9.098979 -0.241246
v 1.163225 -6.342584 -0.481824
v 1.207633 -6.718670 -0.500218
v 1.086841 -6.718670 -0.726204
v 0.689452 -11.541359 0.657790
v 0.614472 -11.656651 0.560927
v -0.106016 -5.698931 1.074491
v 0.294376 -5.698711 1.037126
v -0.055161 -10.208878 -0.388150
v 1.033162 -5.698931 0.313602
v 1.074628 -5.698711 -0.086387
v 0.451168 -5.715786 1.089215
v 0.654994 -5.715786 0.980268
v 0.230003 -5.715786 1.156305
v 0.326609 -8.543420 0.187207
v 0.375135 -9.093591 0.084897
v 0.365950 -8.543779 0.080837
v 0.385285 -9.098610 -0.031317
v 0.486640 -10.844362 -0.265329
v 0.613710 -11.011348 -0.099346
v 0.717882 -11.201271 -0.486383
v 0.535134 -11.011043 -0.307511
v 0.001299 0.884813 -0.893332
v -0.364051 -10.228025 -0.367309
v -0.333377 -10.654199 -0.437216
v -0.450712 -10.649123 -0.311768
v 0.900343 -4.963665 0.601589
v 0.220963 2.441933 -0.198154
v 0.266676 0.996321 -0.209420
v -0.016831 -2.795088 -0.923806
v -0.069878 -5.037023 -0.976360
v 0.278229 -10.653469 -0.474294
v 0.115602 -10.649673 -0.535650
v 0.214158 -9.637559 -0.384156
v 0.056654 -10.165651 -0.509445
v 0.531919 -11.749482 -0.182915
v 0.834860 -11.512886 -0.480119
v -0.328846 -8.545536 -0.182907
v 0.980268 -5.715786 -0.654994
v 0.867637 -6.091875 -0.867638
v 1.020234 -6.091875 0.681698
v 0.681699 -6.091875 1.020233
v 0.048709 -10.263256 0.436890
v -0.075034 -10.114591 0.256549
v 0.837223 -11.353797 -0.472495
v 0.802717 -11.186743 -0.281337
v 1.108237 -6.125936 0.316447
v 1.147376 -6.125553 -0.000000
v 1.097273 -6.125936 -0.352588
v 0.230004 -5.715786 -1.156305
v -0.230003 -5.715786 -1.156305
v -0.239381 -6.091875 -1.203447
v -0.469562 -6.091875 -1.133622
v -0.002178 2.682842 0.875389
v 0.097187 0.995627 0.780537
v 0.158265 2.426233 0.565147
v -0.451168 -5.715786 -1.089215
v -0.654994 -5.715786 -0.980268
v -0.681699 -6.091875 -1.020233
v -0.867638 -6.091875 -0.867637
v 0.539487 -6.468132 -0.174049
v -0.833649 -5.715786 0.833649
v -0.867637 -6.091875 0.867638
v -0.681699 -6.091875 1.020233
v -0.980268 -5.715786 0.654994
v 0.410785 -5.698871 -0.991722
v 0.549928 -10.480753 0.024138
v 0.353560 -10.245833 0.233432
v -0.654994 -5.715786 0.980268
v -0.451168 -5.715786 1.089215
v 0.000000 -5.715786 1.178958
v 0.000001 -6.091875 1.227025
v 0.239381 -6.091875 1.203447
v -0.469562 -6.091875 1.133623
v -0.239381 -6.091875 1.203447
v -0.637448 -6.125553 0.954008
v -0.316447 -6.125936 1.108237
v -0.179385 -10.412145 -0.491984
v -0.547322 -10.518488 -0.096992
v -0.555485 -10.889483 -0.066615
v -0.312890 -10.159511 0.110543
v -0.303865 -10.146711 -0.070303
v -0.279012 -9.093680 0.264756
v -0.314907 -9.652587 0.303843
v -0.212385 -9.641835 0.383926
v 0.220963 2.441933 0.198154
v 0.269810 0.998321 -0.000000
v 0.256555 0.991644 0.404999
v -0.414382 -4.963665 -1.000406
v -0.601589 -4.963665 -0.900343
v 0.047602 -7.997463 -0.404680
v 0.101916 -5.017159 -0.889864
v 0.078225 -5.026366 -0.967600
v 0.137216 -5.600362 -0.790303
v -0.015659 -5.042451 -1.020964
v 0.016831 -2.789842 0.924106
v 0.069878 -5.033031 0.993927
v -0.292567 -11.870374 0.032940
v -0.190396 -11.850245 0.304733
v 0.397558 -11.827507 0.137309
v 0.284566 -11.855424 -0.179046
v -0.101916 -5.021821 0.869348
v -0.078225 -5.030848 0.947875
v -0.137216 -5.600367 0.790303
v 0.152438 -11.879805 0.167120
v 0.004045 -11.871383 -0.306512
v -0.279408 -11.753289 -0.477255
v 0.015659 -5.041549 1.024932
v 0.597719 -11.610855 -0.679445
v 0.285677 -11.601982 -0.861370
v 0.281460 -11.387042 -0.927145
v 0.478754 -10.653625 0.270686
v 0.456165 -10.221443 0.249863
v 0.383922 -9.642318 0.212690
v 0.469562 -6.091875 1.133622
v -0.220963 2.441933 0.198154
v -0.266676 0.996321 0.209420
v -0.711944 -5.698734 0.811078
v -0.410785 -5.698871 0.991722
v 0.134523 -11.839733 0.352387
v -0.525346 -11.576560 -0.766831
v -0.739197 -11.598277 -0.534705
v -0.804120 -11.479456 -0.541201
v -0.657766 -5.698730 -0.855473
v -0.892526 -5.698871 -0.596367
v 0.954008 -6.125553 0.637448
v -0.337145 -8.544575 0.167562
v -0.291259 -8.000652 0.281825
v -1.282017 -6.718670 -0.255010
v -1.307133 -6.718670 0.000000
v 0.244805 2.453706 -0.000000
v 0.435583 -6.751935 0.365791
v 0.444425 -6.468132 0.351884
v -0.833649 -5.715786 -0.833649
v -1.020233 -6.091875 -0.681699
v 0.336232 -6.125430 -1.104025
v -0.361864 -10.654427 0.413975
v -0.217800 -10.649121 0.502884
v 0.259417 -8.543092 0.270478
v 0.281791 -8.000000 0.291349
v -0.500218 -6.718670 1.207633
v -0.244805 2.453706 0.000000
v -0.967359 -5.698730 0.478232
v 0.890295 -6.342584 0.890294
v 0.352587 -6.125936 1.097274
v 0.731162 -6.125429 0.892931
v 0.000000 -6.125553 -1.147376
v -0.878820 -6.125936 0.745656
v -0.427437 -9.651155 -0.093103
v -0.374461 -9.092558 -0.085143
v -1.108237 -6.125936 -0.316446
v -0.954008 -6.125553 -0.637448
v -0.000001 -6.091875 -1.227025
v -0.368014 -6.126068 -1.093411
v 0.000000 -6.125553 1.147376
v 0.245632 -6.342584 1.234874
v -0.372882 -11.409336 0.899239
v -0.606351 -11.347525 0.741624
v 0.183962 -5.590586 -0.275097
v -0.745656 -6.125936 -0.878819
v -0.183971 -5.590568 0.274078
v -0.765678 -4.963665 0.765678
v 0.934233 -11.355272 0.234655
v -0.024534 -11.190831 -0.854987
v 0.021138 -11.032543 -0.641220
v 0.000274 9.492575 -0.196914
v -0.000495 8.801576 -0.336414
v -0.100246 8.552545 -0.078888
v 0.195776 -10.228027 0.478670
v 1.234874 -6.342584 0.245631
v 0.193838 2.431284 0.378870
v 0.279853 -11.300508 0.891763
v -0.193838 2.431284 -0.378870
v 0.245632 -6.342584 -1.234874
v -0.924283 -6.718670 -0.924283
v 0.000484 8.800915 0.336509
v 0.100246 8.552546 0.078888
v -0.890295 -6.342584 -0.890295
v 1.124878 -5.465080 -0.223752
v 0.211250 -4.963672 -1.061993
v -0.542734 -6.749603 0.168876
v -0.348070 -7.226792 0.344625
v -1.234874 -6.342584 -0.245632
v -0.593482 -11.300503 -0.721329
v -0.201432 -8.000784 0.353847
v -0.085699 -7.999902 0.396181
v 0.223753 -5.465080 1.124878
v 1.059612 -5.465080 0.438906
v 1.000407 -4.963665 0.414381
v 0.178212 3.789450 -0.496378
v 0.161604 6.358130 -0.248551
v 0.184581 5.116806 -0.336691
v 0.832447 -11.625343 -0.319052
v 1.062026 -4.963665 -0.211250
v 0.867638 -6.091875 0.867637
v 0.833649 -5.715786 0.833649
v 0.395624 -8.002233 0.085513
v 0.036945 -8.004789 0.405710
v -0.178213 3.789450 0.496377
v -0.161604 6.358130 0.248550
v -0.184581 5.116806 0.336690
v -0.775828 -11.651131 0.329314
v -0.110107 -6.758824 -0.553589
v -0.271666 -6.748552 -0.499351
v 0.216001 -6.758824 -0.521471
v 0.053163 -6.745627 -0.566535
v 0.139050 7.549559 0.092701
v -0.326095 -11.833890 -0.221479
v 0.469304 -6.758824 -0.313584
v -0.637193 -5.465079 -0.953626
v -0.139050 7.549559 -0.092701
v -0.230004 -5.715786 1.156305
v 0.206597 3.821394 -0.342966
v -0.481891 -7.215990 -0.099277
v -0.500342 -6.774655 -0.261898
v -0.206597 3.821394 0.342965
v 0.374870 -11.638259 0.790569
v 1.282017 -6.718670 0.255009
v 0.181282 -7.998750 0.364911
v -0.564357 -6.761838 -0.054152
v -1.203447 -6.091875 -0.239380
v 0.307505 -11.501428 -0.912524
v 0.260670 -10.175756 -0.237379
v 0.545845 -6.753093 -0.160078
v -0.000000 -5.715786 -1.178958
v 0.335392 -9.095231 0.192280
v -1.156305 -5.715786 -0.230003
v -0.200846 -9.640601 -0.389934
v 0.211250 -4.963672 1.061993
v 0.765678 -4.963665 -0.765678
v 1.156305 -5.715786 -0.230003
v -0.399103 -6.758824 -0.399113
v 0.067815 -10.135129 -0.277240
v -0.110107 -6.468132 -0.553589
v -0.275946 -6.468132 -0.495170
v 0.334504 -10.198874 0.395288
v -0.000009 9.932666 0.000078

# UV coordinates
vt 0.595320 0.483499
vt 0.736989 0.613362
vt 0.581631 0.487471
vt 0.866678 0.224678
vt 0.871267 0.225938
vt 0.875887 0.230223
vt 0.239731 0.106734
vt 0.240363 0.105563
vt 0.245881 0.108168
vt 0.306606 0.123115
vt 0.383241 0.160524
vt 0.417778 0.180518
vt 0.954098 0.657250
vt 0.938374 0.634413
vt 0.936699 0.624957
vt 0.934988 0.617093
vt 0.948532 0.592789
vt 0.158692 0.371285
vt 0.090215 0.248166
vt 0.000000 0.047730
vt 0.782835 0.182118
vt 0.731918 0.123378
vt 0.743076 0.115120
vt 0.282336 0.048659
vt 0.078707 0.026065
vt 0.147064 0.025080
vt 0.365241 0.192465
vt 0.359875 0.189596
vt 0.437694 0.216418
vt 0.436952 0.232852
vt 0.057724 0.181566
vt 0.017084 0.091681
vt 0.003833 0.059915
vt 0.438961 0.246031
vt 0.081967 0.232408
vt 0.930246 0.599232
vt 0.918207 0.559003
vt 0.926999 0.561396
vt 0.769296 0.190795
vt 0.776552 0.186972
vt 0.901792 0.036434
vt 0.917561 0.046902
vt 0.862363 0.055251
vt 0.811823 0.065410
vt 0.799552 0.065755
vt 0.277416 0.038329
vt 0.483196 0.053784
vt 0.952388 0.436224
vt 0.952964 0.440252
vt 0.957271 0.472330
vt 0.945152 0.467901
vt 0.925635 0.386099
vt 0.163318 0.090711
vt 0.211742 0.123115
vt 0.489646 0.458318
vt 0.492183 0.459505
vt 0.489334 0.458426
vt 0.364741 0.409959
vt 0.492890 0.479561
vt 0.835201 0.775392
vt 0.835839 0.772122
vt 0.837578 0.764183
vt 0.838350 0.760737
vt 0.854643 0.748453
vt 0.311911 0.580653
vt 0.313948 0.579733
vt 0.314387 0.580027
vt 0.444692 0.565131
vt 0.297909 0.600827
vt 0.775394 0.611705
vt 0.753751 0.606229
vt 0.043295 0.116223
vt 0.057962 0.113431
vt 0.182764 0.773844
vt 0.185123 0.773517
vt 0.185468 0.773894
vt 0.925308 0.446609
vt 0.908078 0.382737
vt 0.913478 0.472184
vt 0.904734 0.479824
vt 0.898941 0.452688
vt 0.897283 0.444225
vt 0.854397 0.247314
vt 0.824888 0.193281
vt 0.826216 0.193146
vt 0.866305 0.224555
vt 0.975201 0.287712
vt 0.887348 0.290668
vt 0.887328 0.275368
vt 0.324284 0.787656
vt 0.170507 0.791693
vt 0.487632 0.410518
vt 0.410910 0.345552
vt 0.587655 0.465135
vt 0.647639 0.079798
vt 0.645405 0.079951
vt 0.647791 0.079558
vt 0.775077 0.050325
vt 0.625182 0.065874
vt 0.439950 0.575597
vt 0.466227 0.479225
vt 0.858038 0.677195
vt 0.883829 0.741481
vt 0.843525 0.679438
vt 0.837422 0.687968
vt 0.873645 0.747339
vt 0.865207 0.745222
vt 0.138317 0.293387
vt 0.229370 0.529899
vt 0.213819 0.513861
vt 0.233469 0.504348
vt 0.514068 0.579498
vt 0.523737 0.578776
vt 0.266577 0.376187
vt 0.282975 0.385008
vt 0.269967 0.379217
vt 0.964168 0.658813
vt 0.497943 0.062582
vt 0.394946 0.067507
vt 0.223626 0.069925
vt 0.365781 0.065952
vt 0.315238 0.070964
vt 0.281308 0.071238
vt 0.251831 0.071723
vt 0.239179 0.071815
vt 0.239071 0.071871
vt 0.355357 0.075247
vt 0.000000 0.019447
vt 0.009356 0.032044
vt 0.719385 0.129633
vt 0.574145 0.140474
vt 0.575901 0.138948
vt 0.562969 0.170595
vt 0.801324 0.067184
vt 0.488603 0.746201
vt 0.496046 0.730521
vt 0.498365 0.742289
vt 0.196406 0.282558
vt 0.204453 0.205450
vt 0.211947 0.234597
vt 0.594548 0.149123
vt 0.596710 0.154075
vt 0.578975 0.184992
vt 0.575840 0.178761
vt 0.566584 0.178982
vt 0.585650 0.131688
vt 0.590305 0.133008
vt 0.590958 0.132456
vt 0.591092 0.132314
vt 0.603822 0.161912
vt 0.589142 0.187824
vt 0.825086 0.693924
vt 0.839244 0.757004
vt 0.805116 0.699557
vt 0.524323 0.215625
vt 0.544208 0.208914
vt 0.539898 0.226070
vt 0.999999 0.287914
vt 0.969037 0.283579
vt 0.983832 0.277977
vt 0.982963 0.305928
vt 0.924435 0.348710
vt 0.953824 0.323879
vt 0.253949 0.341792
vt 0.259153 0.329613
vt 0.298643 0.355496
vt 0.346745 0.377895
vt 0.356778 0.384896
vt 0.356533 0.382881
vt 0.195476 0.804221
vt 0.130563 0.809125
vt 0.594484 0.053630
vt 0.634352 0.052550
vt 0.770840 0.041066
vt 0.496885 0.784810
vt 0.498279 0.785546
vt 0.489975 0.797504
vt 0.486550 0.802691
vt 0.465465 0.802813
vt 0.508924 0.772543
vt 0.508302 0.766459
vt 0.306061 0.609978
vt 0.277612 0.641008
vt 0.226930 0.634989
vt 0.271785 0.636276
vt 0.213265 0.646619
vt 0.824811 0.279512
vt 0.788156 0.239025
vt 0.774129 0.223209
vt 0.843845 0.264857
vt 0.848478 0.295428
vt 0.862237 0.310294
vt 0.861027 0.309338
vt 0.912473 0.310093
vt 0.861928 0.311120
vt 0.839019 0.795696
vt 0.838637 0.794969
vt 0.838515 0.794032
vt 0.838157 0.794111
vt 0.837333 0.794292
vt 0.836242 0.794529
vt 0.834642 0.794861
vt 0.832858 0.794824
vt 0.833061 0.791900
vt 0.429464 0.202205
vt 0.947387 0.383043
vt 0.946035 0.378255
vt 0.947011 0.378178
vt 0.877181 0.228082
vt 0.925902 0.249604
vt 0.906172 0.266993
vt 0.478634 0.420695
vt 0.395512 0.343843
vt 0.516871 0.195894
vt 0.519946 0.164196
vt 0.565065 0.148832
vt 0.958737 0.555806
vt 0.976319 0.593742
vt 0.980280 0.613958
vt 0.982822 0.622857
vt 0.978105 0.651289
vt 0.942273 0.483100
vt 0.947176 0.556883
vt 0.933266 0.482017
vt 0.433430 0.798184
vt 0.448149 0.790257
vt 0.458896 0.793793
vt 0.041053 0.344408
vt 0.026862 0.403148
vt 0.029973 0.184818
vt 0.881246 0.671515
vt 0.894962 0.734230
vt 0.244773 0.206682
vt 0.246042 0.238180
vt 0.247816 0.262589
vt 0.234062 0.233822
vt 0.037059 0.545480
vt 0.030851 0.459397
vt 0.031649 0.448791
vt 0.030403 0.453356
vt 0.226792 0.075783
vt 0.221321 0.072878
vt 0.971974 0.547715
vt 0.570575 0.451056
vt 0.584287 0.460877
vt 0.530360 0.424334
vt 0.455187 0.373200
vt 0.272087 0.035313
vt 0.334652 0.040580
vt 0.343261 0.041314
vt 0.925054 0.485249
vt 0.940428 0.558957
vt 0.508894 0.709695
vt 0.496677 0.702223
vt 0.502034 0.684443
vt 0.534181 0.662893
vt 0.509285 0.749476
vt 0.104967 0.049341
vt 0.395921 0.166468
vt 0.417114 0.174223
vt 0.711979 0.093782
vt 0.557118 0.704156
vt 0.541093 0.696366
vt 0.542394 0.696862
vt 0.557200 0.699300
vt 0.563549 0.705083
vt 0.564791 0.707327
vt 0.541146 0.668359
vt 0.540011 0.684290
vt 0.540098 0.686046
vt 0.540198 0.687898
vt 0.540691 0.690857
vt 0.575834 0.485257
vt 0.537500 0.462704
vt 0.528786 0.457774
vt 0.517008 0.450808
vt 0.487965 0.446693
vt 0.226088 0.298933
vt 0.249993 0.358036
vt 0.236076 0.362922
vt 0.953379 0.583294
vt 0.340694 0.766733
vt 0.345279 0.766765
vt 0.339577 0.768827
vt 0.448602 0.778109
vt 0.369278 0.767385
vt 0.422138 0.770306
vt 0.430582 0.768265
vt 0.323668 0.006754
vt 0.318592 0.006783
vt 0.325008 0.004048
vt 0.157730 0.000000
vt 0.298076 0.006412
vt 0.225531 0.003431
vt 0.216013 0.005302
vt 0.193171 0.003290
vt 0.182660 0.002645
vt 0.169245 0.002553
vt 0.867840 0.779905
vt 0.864676 0.781353
vt 0.862442 0.773931
vt 0.850649 0.788409
vt 0.845248 0.791106
vt 0.844121 0.791675
vt 0.843615 0.791931
vt 0.843305 0.792086
vt 0.843043 0.792215
vt 0.840191 0.794683
vt 0.853728 0.788041
vt 0.606171 0.164674
vt 0.920555 0.333047
vt 0.982536 0.267614
vt 0.924167 0.222208
vt 0.931681 0.211845
vt 0.881290 0.230698
vt 0.891255 0.225978
vt 0.898650 0.223475
vt 0.900050 0.216358
vt 0.947486 0.372455
vt 0.947946 0.390602
vt 0.938098 0.344863
vt 0.795408 0.702240
vt 0.750076 0.646972
vt 0.612706 0.480195
vt 0.698676 0.545158
vt 0.737717 0.561656
vt 0.146714 0.025053
vt 0.147353 0.025089
vt 0.556472 0.733844
vt 0.544638 0.751213
vt 0.530232 0.762973
vt 0.537000 0.737872
vt 0.724995 0.099422
vt 0.966847 0.648925
vt 0.240903 0.293143
vt 0.223689 0.230369
vt 0.189941 0.409621
vt 0.746008 0.108138
vt 0.756029 0.124042
vt 0.772035 0.144990
vt 0.763013 0.130330
vt 0.025527 0.506341
vt 0.029953 0.463038
vt 0.181098 0.067579
vt 0.177409 0.066870
vt 0.259426 0.056271
vt 0.740212 0.170356
vt 0.722184 0.144203
vt 0.713231 0.131888
vt 0.590934 0.133519
vt 0.590706 0.134524
vt 0.503635 0.680069
vt 0.507587 0.664146
vt 0.539651 0.634125
vt 0.532012 0.633289
vt 0.125608 0.326360
vt 0.335364 0.178176
vt 0.231640 0.133586
vt 0.093268 0.256933
vt 0.130470 0.342327
vt 0.122660 0.326199
vt 0.149965 0.382700
vt 0.189829 0.467212
vt 0.156254 0.099995
vt 0.209712 0.124451
vt 0.799831 0.716713
vt 0.797429 0.706584
vt 0.564613 0.575830
vt 0.466376 0.547742
vt 0.622656 0.567911
vt 0.206599 0.291922
vt 0.838583 0.757744
vt 0.356135 0.417156
vt 0.265550 0.375454
vt 0.879613 0.355919
vt 0.872188 0.339502
vt 0.867286 0.326319
vt 0.881303 0.362691
vt 0.880807 0.364895
vt 0.848231 0.296912
vt 0.743063 0.554367
vt 0.726577 0.520872
vt 0.726461 0.520586
vt 0.771541 0.562090
vt 0.564083 0.308127
vt 0.572057 0.215893
vt 0.579544 0.311308
vt 0.020451 0.403354
vt 0.021303 0.361758
vt 0.022813 0.503500
vt 0.021116 0.431752
vt 0.983437 0.293044
vt 0.585159 0.224156
vt 0.586932 0.270829
vt 0.281442 0.380710
vt 0.276124 0.378589
vt 0.275292 0.378540
vt 0.367431 0.389294
vt 0.369190 0.390997
vt 0.387686 0.408004
vt 0.359052 0.384286
vt 0.877548 0.029858
vt 0.327989 0.798297
vt 0.876680 0.774990
vt 0.897692 0.765555
vt 0.892744 0.767890
vt 0.549713 0.582174
vt 0.554316 0.582880
vt 0.265565 0.376453
vt 0.839663 0.291236
vt 0.882259 0.378752
vt 0.827770 0.281766
vt 0.188160 0.807918
vt 0.144477 0.811019
vt 0.609425 0.049633
vt 0.641455 0.048296
vt 0.322652 0.801350
vt 0.318721 0.801495
vt 0.315545 0.801678
vt 0.257766 0.804607
vt 0.772646 0.038375
vt 0.774976 0.038213
vt 0.733808 0.041511
vt 0.582196 0.212788
vt 0.584076 0.221991
vt 0.625374 0.178552
vt 0.629419 0.180810
vt 0.620103 0.185008
vt 0.624500 0.178035
vt 0.892074 0.768190
vt 0.883780 0.771996
vt 0.878310 0.774359
vt 0.623339 0.177612
vt 0.896949 0.442493
vt 0.882753 0.385410
vt 0.021388 0.355620
vt 0.024586 0.185021
vt 0.084905 0.011893
vt 0.019374 0.001536
vt 0.025528 0.000000
vt 0.050961 0.004107
vt 0.080537 0.007954
vt 0.085145 0.011235
vt 0.833133 0.788539
vt 0.834475 0.778092
vt 0.022182 0.179057
vt 0.087746 0.007599
vt 0.337849 0.000965
vt 0.326956 0.005462
vt 0.340295 0.000000
vt 0.418591 0.556941
vt 0.447483 0.545493
vt 0.423966 0.173688
vt 0.518863 0.159516
vt 0.916803 0.382693
vt 0.833060 0.787570
vt 0.833503 0.784451
vt 0.834140 0.779412
vt 0.037389 0.811403
vt 0.129900 0.808593
vt 0.024668 0.820866
vt 0.411984 0.344127
vt 0.419045 0.348673
vt 0.428831 0.355369
vt 0.360346 0.042714
vt 0.475171 0.051501
vt 0.481502 0.051694
vt 0.483686 0.051647
vt 0.592750 0.054522
vt 0.552304 0.051544
vt 0.075706 0.817150
vt 0.024648 0.822606
vt 0.577613 0.064440
vt 0.201174 0.418979
vt 0.221172 0.467281
vt 0.232960 0.501317
vt 0.203006 0.394593
vt 0.798124 0.067566
vt 0.788407 0.068201
vt 0.786526 0.067951
vt 0.759890 0.064862
vt 0.445088 0.801391
vt 0.691868 0.100284
vt 0.684699 0.084450
vt 0.173381 0.356647
vt 0.263794 0.640900
vt 0.221610 0.647283
vt 0.312564 0.612668
vt 0.292867 0.641562
vt 0.417445 0.454994
vt 0.362615 0.424097
vt 0.359310 0.421819
vt 0.444406 0.578145
vt 0.442260 0.578301
vt 0.438801 0.578578
vt 0.400043 0.588483
vt 0.581916 0.135939
vt 0.276473 0.652795
vt 0.149777 0.097011
vt 0.122203 0.084460
vt 0.017048 0.037198
vt 0.010873 0.034652
vt 0.009767 0.034239
vt 0.213137 0.515698
vt 0.210108 0.510106
vt 0.204251 0.497937
vt 0.324506 0.767577
vt 0.328718 0.767507
vt 0.337844 0.766887
vt 0.297110 0.774242
vt 0.560452 0.725627
vt 0.558428 0.728456
vt 0.916864 0.551696
vt 0.915063 0.541309
vt 0.911987 0.512817
vt 0.559690 0.073563
vt 0.498795 0.079840
vt 0.498231 0.078653
vt 0.497827 0.071779
vt 0.500867 0.071499
vt 0.497755 0.070726
vt 0.803002 0.213328
vt 0.795781 0.185775
vt 0.819093 0.192909
vt 0.799911 0.176665
vt 0.962197 0.503759
vt 0.970713 0.541977
vt 0.961480 0.494191
vt 0.825764 0.032673
vt 0.836890 0.031508
vt 0.781488 0.037450
vt 0.374953 0.800444
vt 0.519596 0.158125
vt 0.562494 0.152583
vt 0.851589 0.257362
vt 0.909833 0.504596
vt 0.910022 0.501875
vt 0.539624 0.155820
vt 0.562344 0.151636
vt 0.522938 0.156937
vt 0.782300 0.157777
vt 0.787092 0.162951
vt 0.457434 0.257982
vt 0.505269 0.255020
vt 0.468030 0.264939
vt 0.020764 0.431229
vt 0.251073 0.592155
vt 0.237143 0.567189
vt 0.203919 0.507938
vt 0.204711 0.505251
vt 0.773626 0.205685
vt 0.757217 0.201733
vt 0.792244 0.166014
vt 0.255621 0.621980
vt 0.207309 0.528037
vt 0.006287 0.014600
vt 0.003360 0.012134
vt 0.006608 0.004855
vt 0.010865 0.006126
vt 0.003200 0.012886
vt 0.236529 0.601358
vt 0.195310 0.539553
vt 0.195640 0.538977
vt 0.201551 0.533852
vt 0.203501 0.536952
vt 0.202239 0.533191
vt 0.124087 0.811975
vt 0.582302 0.051407
vt 0.591706 0.051295
vt 0.593252 0.053515
vt 0.593373 0.051129
vt 0.135307 0.811093
vt 0.621159 0.176151
vt 0.273414 0.614665
vt 0.285249 0.595799
vt 0.486809 0.456839
vt 0.489381 0.458244
vt 0.403382 0.417023
vt 0.269600 0.629165
vt 0.120818 0.799437
vt 0.140777 0.782985
vt 0.119391 0.789659
vt 0.438438 0.392770
vt 0.921132 0.759455
vt 0.916046 0.760780
vt 0.903004 0.764174
vt 0.923637 0.758993
vt 0.100718 0.791979
vt 0.106483 0.786032
vt 0.117684 0.789893
vt 0.119480 0.799643
vt 0.647855 0.079750
vt 0.650950 0.079464
vt 0.743312 0.066103
vt 0.754731 0.193179
vt 0.338987 0.314030
vt 0.095397 0.786909
vt 0.067721 0.787751
vt 0.279943 0.380840
vt 0.275500 0.379007
vt 0.357038 0.420337
vt 0.331081 0.408133
vt 0.268814 0.589222
vt 0.277501 0.592415
vt 0.275112 0.601610
vt 0.439274 0.396811
vt 0.431594 0.393881
vt 0.423305 0.389021
vt 0.394308 0.363850
vt 0.359851 0.337768
vt 0.493162 0.069802
vt 0.496437 0.071320
vt 0.495052 0.078166
vt 0.484973 0.078232
vt 0.067560 0.084442
vt 0.122702 0.150437
vt 0.121294 0.148813
vt 0.052969 0.082129
vt 0.314581 0.579522
vt 0.323700 0.577006
vt 0.329878 0.575529
vt 0.220168 0.239791
vt 0.189485 0.298920
vt 0.464878 0.433436
vt 0.465926 0.418945
vt 0.582169 0.067214
vt 0.560693 0.080197
vt 0.536901 0.083170
vt 0.569036 0.079888
vt 0.231204 0.604197
vt 0.214717 0.581133
vt 0.235045 0.607454
vt 0.728351 0.618821
vt 0.701881 0.596179
vt 0.670314 0.568328
vt 0.521564 0.486266
vt 0.527152 0.492234
vt 0.232112 0.618093
vt 0.238080 0.613501
vt 0.185336 0.773504
vt 0.195780 0.773024
vt 0.201751 0.772937
vt 0.121287 0.046502
vt 0.146418 0.060638
vt 0.018314 0.009429
vt 0.603657 0.081168
vt 0.598417 0.080918
vt 0.584098 0.080867
vt 0.947861 0.360728
vt 0.905600 0.218289
vt 0.250781 0.293787
vt 0.238431 0.104395
vt 0.158367 0.068250
vt 0.189365 0.082397
vt 0.224115 0.097904
vt 0.275729 0.588193
vt 0.258038 0.547024
vt 0.314124 0.610491
vt 0.335927 0.605154
vt 0.470776 0.484984
vt 0.453869 0.475781
vt 0.448526 0.472638
vt 0.234918 0.504440
vt 0.238073 0.511190
vt 0.253299 0.310729
vt 0.254298 0.313088
vt 0.257750 0.324458
vt 0.065727 0.110728
vt 0.081208 0.142822
vt 0.127157 0.260813
vt 0.588039 0.311506
vt 0.577370 0.078257
vt 0.673794 0.046470
vt 0.665431 0.047060
vt 0.191758 0.807690
vt 0.208810 0.807044
vt 0.436912 0.768763
vt 0.462844 0.761832
vt 0.470553 0.757483
vt 0.140231 0.293412
vt 0.164818 0.342347
vt 0.168173 0.348738
vt 0.172031 0.356518
vt 0.139374 0.291673
vt 0.433686 0.800987
vt 0.878280 0.026696
vt 0.441170 0.800697
vt 0.435529 0.801146
vt 0.582911 0.490275
vt 0.580344 0.487984
vt 0.822691 0.795241
vt 0.822899 0.795057
vt 0.828522 0.796648
vt 0.829680 0.785986
vt 0.830769 0.782062
vt 0.825822 0.792040
vt 0.824669 0.793400
vt 0.574836 0.120371
vt 0.573075 0.126945
vt 0.570350 0.134466
vt 0.565490 0.146110
vt 0.565218 0.146975
vt 0.575162 0.116155
vt 0.589958 0.132245
vt 0.823487 0.794536
vt 0.823296 0.794715
vt 0.570379 0.134302
vt 0.823675 0.794357
vt 0.823876 0.794173
vt 0.878980 0.775410
vt 0.877569 0.776029
vt 0.883922 0.773547
vt 0.821234 0.796507
vt 0.821624 0.796173
vt 0.827060 0.796863
vt 0.824060 0.797048
vt 0.059429 0.014698
vt 0.059282 0.015241
vt 0.059005 0.014705
vt 0.916074 0.762838
vt 0.917400 0.762307
vt 0.925018 0.759033
vt 0.931679 0.757785
vt 0.904658 0.766389
vt 0.822468 0.795438
vt 0.822223 0.795653
vt 0.059103 0.015728
vt 0.059012 0.015428
vt 0.835453 0.765143
vt 0.835510 0.764973
vt 0.824319 0.793764
vt 0.824088 0.793977
vt 0.832938 0.774233
vt 0.828103 0.796799
vt 0.827944 0.796808
vt 0.590554 0.132141
vt 0.869816 0.779841
vt 0.820742 0.796924
vt 0.829066 0.788194
vt 0.627025 0.178958
vt 0.823097 0.794880
vt 0.827673 0.796825
vt 0.893682 0.769944
vt 0.891826 0.770654
vt 0.893469 0.770091
vt 0.821947 0.795894
vt 0.058793 0.014698
vt 0.828227 0.796794
vt 0.824436 0.793654
vt 0.824519 0.793577
vt 0.820267 0.797326
vt 0.589388 0.131139
vt 0.574667 0.114005
vt 0.593211 0.140260
vt 0.593188 0.140443
vt 0.595978 0.152055
vt 0.618501 0.171369
vt 0.618649 0.171619
vt 0.567801 0.419742
vt 0.601098 0.445585
vt 0.604431 0.448736
vt 0.729591 0.550050
vt 0.592347 0.606780
vt 0.570271 0.607774
vt 0.592584 0.603971
vt 0.700945 0.431912
vt 0.739180 0.449477
vt 0.700121 0.463122
vt 0.653368 0.420074
vt 0.651900 0.418502
vt 0.519999 0.276736
vt 0.473410 0.827698
vt 0.439580 0.831105
vt 0.473583 0.824651
vt 0.623421 0.633686
vt 0.606242 0.658392
vt 0.589828 0.675466
vt 0.635645 0.605498
vt 0.642656 0.616079
vt 0.635172 0.625408
vt 0.896671 0.508859
vt 0.914822 0.628104
vt 0.974218 0.495954
vt 0.999342 0.606919
vt 0.201780 0.144859
vt 0.166116 0.130546
vt 0.395688 0.215302
vt 0.128531 0.158724
vt 0.129826 0.158240
vt 0.156199 0.184100
vt 0.113739 0.156416
vt 0.275052 0.011418
vt 0.306880 0.013808
vt 0.103846 0.024701
vt 0.080214 0.022877
vt 0.571624 0.738659
vt 0.561050 0.707887
vt 0.562649 0.707109
vt 0.667102 0.782433
vt 0.608385 0.756808
vt 0.625275 0.766470
vt 0.560048 0.739625
vt 0.915340 0.019227
vt 0.917513 0.007578
vt 0.371512 0.827645
vt 0.347149 0.831182
vt 0.342489 0.831744
vt 0.339639 0.831885
vt 0.330719 0.832144
vt 0.476177 0.810430
vt 0.399106 0.151033
vt 0.820029 0.893952
vt 0.813565 0.894870
vt 0.813994 0.887111
vt 0.866493 0.858566
vt 0.884003 0.873751
vt 0.019384 0.117729
vt 0.086037 0.000000
vt 0.085971 0.001018
vt 0.000000 0.349799
vt 0.582629 0.695888
vt 0.587263 0.697560
vt 0.599197 0.704780
vt 0.628135 0.726088
vt 0.640710 0.734601
vt 0.676431 0.767287
vt 0.811020 0.346064
vt 0.806432 0.365397
vt 0.123346 0.163814
vt 0.120291 0.162054
vt 0.168555 0.203770
vt 0.125112 0.166203
vt 0.275193 0.192492
vt 0.224038 0.155121
vt 0.386719 0.220955
vt 0.607006 0.450256
vt 0.690438 0.501991
vt 0.720645 0.520827
vt 0.691344 0.615897
vt 0.086294 0.015168
vt 0.197551 0.012813
vt 0.201350 0.012302
vt 0.261784 0.010800
vt 0.186731 0.012634
vt 0.215226 0.744107
vt 0.215624 0.747137
vt 0.215410 0.754157
vt 0.214804 0.743893
vt 0.213831 0.751714
vt 0.214392 0.717540
vt 0.223464 0.704615
vt 0.215817 0.742092
vt 0.226522 0.755724
vt 0.215934 0.744388
vt 0.228999 0.695801
vt 0.225077 0.699790
vt 0.000727 0.045036
vt 0.230272 0.686701
vt 0.231151 0.681910
vt 0.623071 0.394066
vt 0.522509 0.308820
vt 0.004130 0.092691
vt 0.003513 0.092528
vt 0.000000 0.056154
vt 0.014849 0.103312
vt 0.003995 0.104072
vt 0.003706 0.096711
vt 0.019825 0.059062
vt 0.014186 0.504192
vt 0.017122 0.509549
vt 0.013564 0.522691
vt 0.013511 0.522809
vt 0.008900 0.453095
vt 0.018722 0.431759
vt 0.007914 0.448494
vt 0.019097 0.431249
vt 0.008934 0.462891
vt 0.647866 0.782234
vt 0.632265 0.773566
vt 0.662035 0.792757
vt 0.507130 0.303935
vt 0.478218 0.310149
vt 0.442164 0.318816
vt 0.440184 0.318303
vt 0.218311 0.152377
vt 0.216123 0.151664
vt 0.188777 0.839598
vt 0.188570 0.839601
vt 0.186291 0.839450
vt 0.144673 0.836254
vt 0.122662 0.833212
vt 0.101331 0.840602
vt 0.027810 0.836644
vt 0.112596 0.839481
vt 0.491795 0.605470
vt 0.473700 0.608029
vt 0.469066 0.608564
vt 0.465680 0.608625
vt 0.454193 0.608628
vt 0.595618 0.590012
vt 0.218068 0.373829
vt 0.279502 0.386006
vt 0.278516 0.384792
vt 0.224425 0.363436
vt 0.274556 0.383347
vt 0.073965 0.844000
vt 0.028910 0.847840
vt 0.005407 0.241059
vt 0.003050 0.228600
vt 0.000000 0.203068
vt 0.134491 0.117149
vt 0.343376 0.016376
vt 0.485959 0.037180
vt 0.577993 0.026345
vt 0.593090 0.023750
vt 0.498489 0.035495
vt 0.501574 0.034703
vt 0.561368 0.025304
vt 0.569316 0.024618
vt 0.598417 0.022802
vt 0.494965 0.035749
vt 0.686200 0.624372
vt 0.332356 0.636982
vt 0.332012 0.637283
vt 0.330754 0.638180
vt 0.307532 0.661815
vt 0.292872 0.680508
vt 0.238105 0.764201
vt 0.290242 0.696724
vt 0.292876 0.692069
vt 0.269287 0.735432
vt 0.246944 0.768117
vt 0.668854 0.751459
vt 0.693271 0.765288
vt 0.742833 0.790114
vt 0.702088 0.766748
vt 0.725554 0.780150
vt 0.814754 0.801720
vt 0.812622 0.803351
vt 0.808868 0.806219
vt 0.807985 0.806893
vt 0.682959 0.626288
vt 0.815804 0.792511
vt 0.405726 0.310013
vt 0.410049 0.278324
vt 0.513547 0.262943
vt 0.400958 0.141577
vt 0.270243 0.320166
vt 0.261613 0.320716
vt 0.878045 0.514564
vt 0.872618 0.497824
vt 0.878277 0.499818
vt 0.225948 0.764019
vt 0.258484 0.697398
vt 0.274089 0.666538
vt 0.460441 0.511871
vt 0.458706 0.511099
vt 0.458518 0.510998
vt 0.238069 0.659781
vt 0.241914 0.725114
vt 0.226822 0.755059
vt 0.418275 0.331290
vt 0.641247 0.018492
vt 0.643355 0.018336
vt 0.643582 0.018336
vt 0.735771 0.556592
vt 0.550582 0.295988
vt 0.598512 0.339882
vt 0.621303 0.360996
vt 0.686202 0.417908
vt 0.405744 0.310252
vt 0.793687 0.851548
vt 0.788945 0.817274
vt 0.796987 0.821764
vt 0.802345 0.824741
vt 0.811686 0.831037
vt 0.840548 0.291954
vt 0.861598 0.310810
vt 0.862080 0.313423
vt 0.792978 0.333614
vt 0.796509 0.877037
vt 0.787665 0.874437
vt 0.776755 0.870343
vt 0.768198 0.866934
vt 0.767488 0.866632
vt 0.865117 0.835754
vt 0.451733 0.608839
vt 0.427186 0.607424
vt 0.343541 0.633551
vt 0.326554 0.832394
vt 0.299153 0.828588
vt 0.204993 0.838730
vt 0.561289 0.605477
vt 0.433046 0.830822
vt 0.424500 0.827828
vt 0.424319 0.322083
vt 0.457557 0.341498
vt 0.464694 0.347838
vt 0.857463 0.383494
vt 0.968273 0.371639
vt 0.822765 0.920821
vt 0.548532 0.405787
vt 0.559735 0.413762
vt 0.499037 0.372272
vt 0.532726 0.381370
vt 0.469866 0.354210
vt 0.511833 0.365780
vt 0.874782 0.523804
vt 0.868379 0.521561
vt 0.865185 0.519770
vt 0.830510 0.509808
vt 0.715534 0.469509
vt 0.707353 0.466244
vt 0.859827 0.493121
vt 0.780987 0.492724
vt 0.756974 0.497058
vt 0.715794 0.470861
vt 0.807848 0.806998
vt 0.801897 0.811482
vt 0.795107 0.816508
vt 0.672884 0.627170
vt 0.780329 0.008029
vt 0.782088 0.007461
vt 0.791528 0.006397
vt 0.794672 0.006158
vt 0.805221 0.005696
vt 0.856475 0.004355
vt 0.647434 0.621351
vt 0.635663 0.626941
vt 0.341221 0.445520
vt 0.339052 0.445152
vt 0.330881 0.441725
vt 0.328404 0.440577
vt 0.318794 0.435641
vt 0.271634 0.409271
vt 0.806337 0.883308
vt 0.646657 0.018168
vt 0.738767 0.018128
vt 0.456053 0.509736
vt 0.379383 0.460767
vt 0.355147 0.229504
vt 0.367514 0.237003
vt 0.244812 0.197585
vt 0.266978 0.189958
vt 0.584520 0.691093
vt 0.622402 0.599209
vt 0.630017 0.607564
vt 0.542689 0.657700
vt 0.545406 0.657124
vt 0.557242 0.648441
vt 0.582913 0.633227
vt 0.601651 0.619195
vt 0.615444 0.603753
vt 0.186506 0.321077
vt 0.173230 0.316165
vt 0.184240 0.185962
vt 0.189163 0.311622
vt 0.409968 0.319107
vt 0.402534 0.318563
vt 0.430531 0.312449
vt 0.402005 0.321371
vt 0.737190 0.555375
vt 0.397516 0.212004
vt 0.431120 0.239074
vt 0.428104 0.236445
vt 0.415211 0.267838
vt 0.415117 0.267785
vt 0.482352 0.261691
vt 0.339058 0.635120
vt 0.363699 0.451509
vt 0.199105 0.839166
vt 0.755023 0.016925
vt 0.710705 0.826069
vt 0.686682 0.810412
vt 0.672744 0.803776
vt 0.668400 0.797953
vt 0.713755 0.833706
vt 0.713355 0.832206
vt 0.827577 0.481526
vt 0.819460 0.798332
vt 0.818297 0.799206
vt 0.815231 0.801388
vt 0.917111 0.832317
vt 0.760122 0.365861
vt 0.620367 0.596965
vt 0.911934 0.000000
vt 0.917231 0.001206
vt 0.189212 0.321996
vt 0.920654 0.021397
vt 0.880183 0.027057
vt 0.220598 0.384115
vt 0.215823 0.380645
vt 0.272966 0.315187
vt 0.273988 0.382340
vt 0.274464 0.382796
vt 0.225879 0.362534
vt 0.222538 0.357839
vt 0.786959 0.816046
vt 0.745589 0.552777
vt 0.719979 0.526525
vt 0.749485 0.534466
vt 0.674466 0.501341
vt 0.518262 0.613551
vt 0.656727 0.491934
vt 0.856528 0.548133
vt 0.918248 0.515036
vt 0.914319 0.529160
vt 0.639095 0.794085
vt 0.575544 0.802768
vt 0.575551 0.789970
vt 0.799886 0.742027
vt 0.779531 0.735006
vt 0.788932 0.715248
vt 0.798236 0.924772
vt 0.773170 0.920640
vt 0.793646 0.901363
vt 0.574259 0.474321
vt 0.698412 0.333143
vt 0.609175 0.467993
vt 0.701813 0.066665
vt 0.741892 0.088776
vt 0.725231 0.088874
vt 0.183723 0.547039
vt 0.203550 0.550192
vt 0.100639 0.687966
vt 0.815971 0.139213
vt 0.793125 0.095542
vt 0.805841 0.103201
vt 0.622902 0.311358
vt 0.763046 0.165623
vt 0.649236 0.309416
vt 0.219759 0.670052
vt 0.297593 0.628201
vt 0.238905 0.688132
vt 0.447092 0.366541
vt 0.563076 0.231072
vt 0.480817 0.361267
vt 0.488913 0.209120
vt 0.629035 0.054835
vt 0.515103 0.206526
vt 0.540976 0.411204
vt 0.112482 0.585547
vt 0.180702 0.530475
vt 0.133100 0.601174
vt 0.228695 0.788661
vt 0.299819 0.748185
vt 0.308656 0.754335
vt 0.157970 0.725637
vt 0.181707 0.741005
vt 0.118224 0.786260
vt 0.106698 0.776416
vt 0.139183 0.704221
vt 0.444183 0.332423
vt 0.558244 0.221681
vt 0.405298 0.603328
vt 0.471720 0.523783
vt 0.496322 0.548001
vt 0.573107 0.438853
vt 0.692381 0.325173
vt 0.586768 0.261175
vt 0.696226 0.111965
vt 0.716024 0.122357
vt 0.433115 0.488770
vt 0.605829 0.301188
vt 0.527389 0.399306
vt 0.720739 0.363566
vt 0.836378 0.217061
vt 0.858522 0.226564
vt 0.305786 0.382617
vt 0.471667 0.199631
vt 0.396825 0.295130
vt 0.059577 0.653758
vt 0.085526 0.664730
vt 0.042396 0.730471
vt 0.049626 0.811139
vt 0.481987 0.094420
vt 0.466375 0.079742
vt 0.497937 0.068479
vt 0.740977 0.611458
vt 0.714389 0.605657
vt 0.716759 0.586379
vt 0.381420 0.696573
vt 0.102585 0.579657
vt 0.148884 0.493748
vt 0.171145 0.520313
vt 0.025781 0.296781
vt 0.185318 0.259787
vt 0.183955 0.276506
vt 0.080638 0.183253
vt 0.095178 0.145372
vt 0.096541 0.181623
vt 0.762275 0.498841
vt 0.734916 0.487195
vt 0.770349 0.481705
vt 0.929299 0.812046
vt 0.959219 0.833609
vt 0.916312 0.824382
vt 0.641338 0.068713
vt 0.550974 0.220025
vt 0.728185 0.061782
vt 0.720920 0.072164
vt 0.242206 0.859020
vt 0.260916 0.883079
vt 0.225135 0.868852
vt 0.680711 0.102415
vt 0.659309 0.081801
vt 0.683490 0.050047
vt 0.695393 0.059116
vt 0.891399 0.877075
vt 0.923571 0.892281
vt 0.915792 0.909001
vt 0.635330 0.854993
vt 0.573950 0.840673
vt 0.636642 0.843541
vt 0.634703 0.741074
vt 0.572752 0.739914
vt 0.632876 0.727212
vt 0.336213 0.110528
vt 0.329798 0.081339
vt 0.346325 0.077962
vt 0.617526 0.484221
vt 0.597565 0.486207
vt 0.646671 0.915226
vt 0.621593 0.900932
vt 0.653755 0.905895
vt 0.858545 0.469089
vt 0.875344 0.463983
vt 0.743976 0.591488
vt 0.168667 0.213152
vt 0.175482 0.228433
vt 0.637892 0.685924
vt 0.657081 0.680079
vt 0.112670 0.182404
vt 0.112774 0.145981
vt 0.130510 0.147861
vt 0.837873 0.660015
vt 0.833861 0.638546
vt 0.853944 0.634494
vt 0.811592 0.860524
vt 0.803854 0.889005
vt 0.787728 0.876616
vt 0.716235 0.566688
vt 0.712425 0.547120
vt 0.713219 0.865501
vt 0.722251 0.888534
vt 0.698155 0.898276
vt 0.770178 0.806767
vt 0.743975 0.786651
vt 0.766933 0.786415
vt 0.678417 0.983290
vt 0.699937 0.973417
vt 0.708508 0.999998
vt 0.652218 0.916417
vt 0.679969 0.924328
vt 0.659352 0.942649
vt 0.144439 0.191326
vt 0.148027 0.150606
vt 0.159820 0.199401
vt 0.148898 0.331699
vt 0.134400 0.339954
vt 0.318528 0.113448
vt 0.313292 0.084832
vt 0.674766 0.670618
vt 0.690272 0.657902
vt 0.729319 0.649003
vt 0.701257 0.641828
vt 0.736288 0.630709
vt 0.485729 0.858889
vt 0.442154 0.855272
vt 0.485599 0.849537
vt 0.627476 0.705211
vt 0.571231 0.727911
vt 0.569543 0.718382
vt 0.375075 0.766917
vt 0.377298 0.852628
vt 0.368651 0.786116
vt 0.447638 0.106929
vt 0.465073 0.100687
vt 0.854172 0.887113
vt 0.825248 0.899163
vt 0.831089 0.875844
vt 0.808022 0.788040
vt 0.782648 0.802467
vt 0.780406 0.785199
vt 0.060795 0.330494
vt 0.000689 0.297570
vt 0.071209 0.317628
vt 0.188096 0.750564
vt 0.135415 0.801938
vt 0.350136 0.753253
vt 0.362686 0.073610
vt 0.370705 0.102631
vt 0.868653 0.756954
vt 0.846153 0.775846
vt 0.846157 0.757080
vt 0.810332 0.730249
vt 0.817116 0.718381
vt 0.896186 0.859406
vt 0.862211 0.921994
vt 0.847639 0.932044
vt 0.897087 0.940009
vt 0.888744 0.954871
vt 0.780482 0.999998
vt 0.775710 0.979436
vt 0.798897 0.978062
vt 0.802424 0.682009
vt 0.811573 0.653235
vt 0.819731 0.669200
vt 0.846308 0.956664
vt 0.881797 0.970632
vt 0.875085 0.987088
vt 0.853668 0.939699
vt 0.827080 0.709842
vt 0.806119 0.695043
vt 0.824915 0.680666
vt 0.877161 0.852995
vt 0.864650 0.878282
vt 0.849940 0.870763
vt 0.844765 0.703415
vt 0.845745 0.669889
vt 0.859706 0.700300
vt 0.856782 0.739435
vt 0.906133 0.080042
vt 0.867858 0.105376
vt 0.898404 0.071821
vt 0.440101 0.812652
vt 0.396298 0.800643
vt 0.441077 0.802460
vt 0.858256 0.053405
vt 0.840656 0.062415
vt 0.635249 0.756442
vt 0.574858 0.764945
vt 0.573893 0.752128
vt 0.291069 0.825190
vt 0.291266 0.856803
vt 0.274136 0.835811
vt 0.321792 0.843113
vt 0.250773 0.900081
vt 0.449313 0.715843
vt 0.412374 0.689167
vt 0.452869 0.703539
vt 0.441890 0.765622
vt 0.396367 0.760135
vt 0.402263 0.749913
vt 0.320142 0.801334
vt 0.306338 0.814339
vt 0.666397 0.883670
vt 0.633277 0.865898
vt 0.672482 0.870036
vt 0.897840 0.470540
vt 0.912554 0.486470
vt 0.850654 0.834322
vt 0.822382 0.850854
vt 0.838235 0.828109
vt 0.798833 0.847643
vt 0.764198 0.840956
vt 0.785143 0.831032
vt 0.441838 0.775610
vt 0.396565 0.786334
vt 0.822691 0.810086
vt 0.790925 0.819938
vt 0.815706 0.799960
vt 0.828647 0.819796
vt 0.809929 0.839153
vt 0.802741 0.828832
vt 0.877605 0.058584
vt 0.440810 0.822576
vt 0.392052 0.831639
vt 0.394535 0.815787
vt 0.790983 0.665284
vt 0.778109 0.709829
vt 0.753231 0.712486
vt 0.766093 0.688104
vt 0.751289 0.817635
vt 0.747238 0.802156
vt 0.263868 0.268946
vt 0.252116 0.264217
vt 0.263754 0.246292
vt 0.832322 0.516631
vt 0.832491 0.500548
vt 0.637763 0.770954
vt 0.775908 0.178795
vt 0.684544 0.324393
vt 0.795625 0.131647
vt 0.803888 0.124694
vt 0.441873 0.866470
vt 0.444146 0.886607
vt 0.400745 0.898397
vt 0.399638 0.882514
vt 0.707658 0.740895
vt 0.680795 0.718118
vt 0.710132 0.722177
vt 0.240490 0.890920
vt 0.795663 0.190921
vt 0.806926 0.152003
vt 0.818286 0.155305
vt 0.819172 0.208440
vt 0.826323 0.163105
vt 0.854756 0.188762
vt 0.443564 0.876335
vt 0.659791 0.896619
vt 0.627488 0.887313
vt 0.328459 0.179675
vt 0.323178 0.140727
vt 0.345513 0.176977
vt 0.275300 0.188240
vt 0.270439 0.148983
vt 0.288029 0.146558
vt 0.180239 0.196601
vt 0.199423 0.154911
vt 0.199981 0.194925
vt 0.238257 0.192544
vt 0.252860 0.151365
vt 0.256897 0.190316
vt 0.298667 0.644557
vt 0.318385 0.650190
vt 0.192265 0.765455
vt 0.329868 0.661461
vt 0.208705 0.776929
vt 0.054635 0.545471
vt 0.050898 0.530687
vt 0.064801 0.530370
vt 0.088906 0.504212
vt 0.080432 0.497191
vt 0.091690 0.484430
vt 0.724951 0.389141
vt 0.878552 0.237006
vt 0.738990 0.402599
vt 0.614700 0.036782
vt 0.567657 0.709585
vt 0.623335 0.691592
vt 0.836934 0.489044
vt 0.845101 0.478141
vt 0.293685 0.222462
vt 0.295861 0.200772
vt 0.306598 0.207204
vt 0.037253 0.549723
vt 0.019345 0.558457
vt 0.034105 0.538058
vt 0.927008 0.216477
vt 0.882393 0.235948
vt 0.921685 0.206184
vt 0.947333 0.161951
vt 0.912005 0.158690
vt 0.951001 0.150523
vt 0.742502 0.770002
vt 0.768377 0.730058
vt 0.451245 0.916602
vt 0.409923 0.928399
vt 0.401446 0.914987
vt 0.915049 0.171637
vt 0.870742 0.179530
vt 0.761612 0.870893
vt 0.741900 0.892111
vt 0.736358 0.865933
vt 0.219085 0.345558
vt 0.215809 0.327941
vt 0.229000 0.330685
vt 0.185655 0.391326
vt 0.176655 0.387798
vt 0.191666 0.373872
vt 0.256949 0.131611
vt 0.284610 0.119541
vt 0.285461 0.127771
vt 0.296731 0.087665
vt 0.301709 0.116686
vt 0.748382 0.148374
vt 0.591614 0.287135
vt 0.733598 0.133568
vt 0.138055 0.451990
vt 0.147497 0.434376
vt 0.155761 0.442853
vt 0.196747 0.414750
vt 0.183326 0.412046
vt 0.193675 0.396037
vt 0.228710 0.310348
vt 0.211691 0.313059
vt 0.237283 0.287606
vt 0.253117 0.283632
vt 0.173570 0.842768
vt 0.243507 0.812914
vt 0.074571 0.377681
vt 0.002139 0.395395
vt 0.062766 0.365985
vt 0.675485 0.843844
vt 0.637729 0.833486
vt 0.677125 0.831941
vt 0.638629 0.808530
vt 0.687295 0.678199
vt 0.722026 0.666957
vt 0.683815 0.698273
vt 0.417177 0.614717
vt 0.342152 0.770570
vt 0.350604 0.812401
vt 0.835398 0.769995
vt 0.819758 0.773704
vt 0.825790 0.759574
vt 0.805028 0.763394
vt 0.778148 0.766027
vt 0.805807 0.753594
vt 0.733460 0.744182
vt 0.730877 0.713328
vt 0.736633 0.725633
vt 0.005523 0.127775
vt 0.018527 0.095471
vt 0.023218 0.124696
vt 0.947603 0.783299
vt 0.979232 0.801849
vt 0.970067 0.818531
vt 0.889627 0.831016
vt 0.953197 0.766705
vt 0.340883 0.137702
vt 0.369310 0.717959
vt 0.384533 0.749287
vt 0.358770 0.735322
vt 0.788662 0.448550
vt 0.773460 0.416730
vt 0.798558 0.432379
vt 0.440174 0.832837
vt 0.637569 0.822742
vt 0.575095 0.822164
vt 0.575471 0.812277
vt 0.216114 0.560126
vt 0.424478 0.316869
vt 0.856748 0.721536
vt 0.875972 0.715279
vt 0.861131 0.843714
vt 0.125738 0.462204
vt 0.113686 0.451852
vt 0.130529 0.440538
vt 0.107579 0.504372
vt 0.105227 0.488191
vt 0.126866 0.482513
vt 0.629071 0.483147
vt 0.870205 0.820805
vt 0.856236 0.813075
vt 0.878286 0.834005
vt 0.907545 0.147158
vt 0.911581 0.133920
vt 0.914130 0.100393
vt 0.910641 0.089509
vt 0.285775 0.494564
vt 0.374954 0.437638
vt 0.298873 0.504703
vt 0.389666 0.439686
vt 0.713150 0.703570
vt 0.717144 0.685080
vt 0.726801 0.742950
vt 0.500359 0.376874
vt 0.839671 0.972888
vt 0.831928 0.939365
vt 0.815558 0.943609
vt 0.755259 0.075819
vt 0.530171 0.724499
vt 0.490474 0.724805
vt 0.491373 0.713709
vt 0.527948 0.895838
vt 0.487191 0.888552
vt 0.528306 0.887143
vt 0.347807 0.415120
vt 0.410907 0.306318
vt 0.554086 0.422427
vt 0.858029 0.652048
vt 0.181794 0.154978
vt 0.164591 0.153639
vt 0.118287 0.696530
vt 0.093739 0.673339
vt 0.061780 0.742481
vt 0.443460 0.745496
vt 0.405174 0.727511
vt 0.445467 0.735538
vt 0.530688 0.733743
vt 0.531300 0.768699
vt 0.487885 0.760959
vt 0.530981 0.756107
vt 0.487408 0.752043
vt 0.487512 0.742628
vt 0.235073 0.152938
vt 0.185425 0.438637
vt 0.264597 0.351296
vt 0.220202 0.442925
vt 0.840305 0.415770
vt 0.834860 0.411747
vt 0.851387 0.388859
vt 0.379965 0.109025
vt 0.404717 0.092416
vt 0.414152 0.098384
vt 0.210355 0.662913
vt 0.270122 0.589138
vt 0.289216 0.617281
vt 0.200911 0.653720
vt 0.210334 0.658841
vt 0.779893 0.109658
vt 0.271854 0.252649
vt 0.276188 0.234355
vt 0.289846 0.237687
vt 0.777568 0.861624
vt 0.411719 0.058665
vt 0.421072 0.086678
vt 0.438369 0.081178
vt 0.428133 0.053194
vt 0.444273 0.047171
vt 0.755896 0.114504
vt 0.778095 0.131803
vt 0.042916 0.150487
vt 0.033019 0.131877
vt 0.066194 0.128154
vt 0.065206 0.187372
vt 0.060427 0.148248
vt 0.077493 0.146111
vt 0.201885 0.382028
vt 0.209178 0.363362
vt 0.869002 0.630155
vt 0.888407 0.625175
vt 0.877635 0.648619
vt 0.738309 0.099173
vt 0.058601 0.120337
vt 0.056155 0.090839
vt 0.075157 0.089483
vt 0.094630 0.118706
vt 0.094285 0.089251
vt 0.113132 0.089705
vt 0.830568 0.741384
vt 0.814182 0.743210
vt 0.824946 0.726230
vt 0.076231 0.118924
vt 0.835748 0.861457
vt 0.803328 0.953550
vt 0.780217 0.939306
vt 0.161109 0.421672
vt 0.840807 0.792074
vt 0.760516 0.903079
vt 0.198355 0.359445
vt 0.205507 0.342211
vt 0.638856 0.782532
vt 0.885936 0.571391
vt 0.862134 0.578343
vt 0.872602 0.554666
vt 0.245365 0.463646
vt 0.320005 0.393831
vt 0.292709 0.372099
vt 0.599702 0.022781
vt 0.627945 0.000002
vt 0.648274 0.021422
vt 0.528727 0.878039
vt 0.486898 0.879900
vt 0.486130 0.870782
vt 0.630651 0.876053
vt 0.870755 0.199433
vt 0.530709 0.779698
vt 0.485547 0.778745
vt 0.486508 0.770130
vt 0.530888 0.803797
vt 0.485425 0.791045
vt 0.530914 0.791606
vt 0.528760 0.868920
vt 0.529524 0.857534
vt 0.702856 0.529473
vt 0.690040 0.514016
vt 0.727060 0.506517
vt 0.395286 0.124400
vt 0.986449 0.784310
vt 0.530448 0.821764
vt 0.485427 0.812811
vt 0.530686 0.812533
vt 0.485097 0.803235
vt 0.808669 0.416486
vt 0.784111 0.400075
vt 0.795329 0.383651
vt 0.578382 0.492035
vt 0.560711 0.501477
vt 0.282377 0.217769
vt 0.667878 0.894005
vt 0.679845 0.923068
vt 0.190665 0.135348
vt 0.223583 0.134752
vt 0.843350 0.732108
vt 0.311563 0.123402
vt 0.344772 0.117579
vt 0.232977 0.125057
vt 0.250497 0.123848
vt 0.216356 0.126399
vt 0.530039 0.839639
vt 0.485382 0.831182
vt 0.530250 0.830437
vt 0.484960 0.821721
vt 0.948246 0.847142
vt 0.938413 0.860974
vt 0.780065 0.749085
vt 0.765082 0.765107
vt 0.744436 0.735152
vt 0.767205 0.745117
vt 0.763153 0.433630
vt 0.743876 0.468771
vt 0.510372 0.550570
vt 0.398724 0.737607
vt 0.915495 0.196915
vt 0.916289 0.183205
vt 0.179405 0.292641
vt 0.171837 0.307585
vt 0.293325 0.185372
vt 0.393467 0.592692
vt 0.459371 0.512737
vt 0.694957 0.326630
vt 0.803672 0.196935
vt 0.932083 0.235707
vt 0.930234 0.225324
vt 0.441739 0.789156
vt 0.400468 0.772045
vt 0.681651 0.953776
vt 0.064878 0.508758
vt 0.530526 0.744547
vt 0.379034 0.069068
vt 0.387218 0.097619
vt 0.395480 0.064225
vt 0.280235 0.090278
vt 0.247326 0.094453
vt 0.845213 0.806724
vt 0.865061 0.793323
vt 0.075121 0.517038
vt 0.742852 0.753144
vt 0.785765 0.509256
vt 0.792390 0.480814
vt 0.794466 0.493006
vt 0.810719 0.461846
vt 0.805060 0.458161
vt 0.820543 0.433493
vt 0.455010 0.075007
vt 0.487871 0.062886
vt 0.476622 0.034690
vt 0.492584 0.028370
vt 0.311553 0.538004
vt 0.394423 0.454420
vt 0.345432 0.545257
vt 0.503215 0.057103
vt 0.519095 0.052523
vt 0.508728 0.022784
vt 0.524246 0.017395
vt 0.904173 0.542702
vt 0.130485 0.120907
vt 0.131577 0.091397
vt 0.149208 0.093255
vt 0.112309 0.118945
vt 0.440991 0.089082
vt 0.805654 0.773607
vt 0.830206 0.785717
vt 0.147627 0.122347
vt 0.165180 0.125198
vt 0.198904 0.126553
vt 0.198733 0.096949
vt 0.214878 0.096868
vt 0.166178 0.095091
vt 0.182570 0.096492
vt 0.754037 0.656429
vt 0.747720 0.654119
vt 0.757802 0.623431
vt 0.837435 0.714387
vt 0.870961 0.693614
vt 0.888968 0.694349
vt 0.863201 0.663877
vt 0.884565 0.734046
vt 0.891474 0.755834
vt 0.871994 0.731800
vt 0.488546 0.897882
vt 0.447521 0.906615
vt 0.446355 0.896361
vt 0.368418 0.568459
vt 0.446202 0.500823
vt 0.420867 0.477522
vt 0.884821 0.893440
vt 0.874620 0.908413
vt 0.575654 0.777581
vt 0.102784 0.857864
vt 0.785228 0.186094
vt 0.790799 0.189198
vt 0.801399 0.148656
vt 0.413130 0.118898
vt 0.799301 0.193617
vt 0.560305 0.223814
vt 0.665836 0.088834
vt 0.748756 0.928608
vt 0.734738 0.908278
vt 0.690578 0.927419
vt 0.702643 0.951025
vt 0.649026 0.075686
vt 0.654401 0.079095
vt 0.676964 0.045007
vt 0.710346 0.923334
vt 0.725887 0.959317
vt 0.780644 0.959300
vt 0.662532 0.085241
vt 0.076491 0.485489
vt 0.096290 0.464449
vt 0.110912 0.475029
vt 0.890016 0.064931
vt 0.395286 0.845676
vt 0.441274 0.842770
vt 0.231006 0.095748
vt 0.272842 0.485191
vt 0.334338 0.404885
vt 0.136209 0.129721
vt 0.164902 0.133626
vt 0.709022 0.908607
vt 0.148710 0.419784
vt 0.164648 0.401565
vt 0.174695 0.406552
vt 0.527685 0.059107
vt 0.546376 0.046296
vt 0.547243 0.055359
vt 0.007859 0.135694
vt 0.779724 0.506243
vt 0.026577 0.152253
vt 0.545670 0.075439
vt 0.556059 0.074556
vt 0.258957 0.337362
vt 0.426557 0.649890
vt 0.527420 0.905022
vt 0.613571 0.921820
vt 0.563392 0.910941
vt 0.565638 0.900977
vt 0.244356 0.918662
vt 0.241910 0.938120
vt 0.220365 0.897263
vt 0.199982 0.903242
vt 0.187401 0.884389
vt 0.123969 0.429779
vt 0.380466 0.581158
vt 0.674769 0.855804
vt 0.918248 0.502565
vt 0.532781 0.048185
vt 0.000002 0.098783
vt 0.830263 0.385417
vt 0.336009 0.738563
vt 0.499281 0.088282
vt 0.516110 0.082957
vt 0.851640 0.401089
vt 0.860803 0.385764
vt 0.866354 0.358263
vt 0.913967 0.122815
vt 0.915179 0.110949
vt 0.529805 0.848313
vt 0.573193 0.850185
vt 0.709200 0.624201
vt 0.258661 0.475017
vt 0.100704 0.126815
vt 0.755167 0.516422
vt 0.764048 0.564288
vt 0.770229 0.531112
vt 0.321278 0.768430
vt 0.305771 0.788530
vt 0.377378 0.129623
vt 0.894052 0.211323
vt 0.772017 0.558692
vt 0.775483 0.540697
vt 0.738742 0.708963
vt 0.738584 0.679218
vt 0.446604 0.725653
vt 0.402516 0.714808
vt 0.409792 0.704974
vt 0.488877 0.734227
vt 0.726548 0.777916
vt 0.724326 0.766680
vt 0.730005 0.771558
vt 0.208828 0.397120
vt 0.217599 0.381480
vt 0.231812 0.844540
vt 0.206136 0.860219
vt 0.869185 0.368931
vt 0.875232 0.351631
vt 0.704573 0.856895
vt 0.698361 0.854432
vt 0.706300 0.826192
vt 0.930210 0.876039
vt 0.762138 0.594694
vt 0.744850 0.571961
vt 0.245315 0.297813
vt 0.243693 0.337185
vt 0.237996 0.318373
vt 0.255731 0.312365
vt 0.774341 0.117379
vt 0.284393 0.806928
vt 0.768724 0.595741
vt 0.770499 0.575631
vt 0.230620 0.356995
vt 0.071861 0.548635
vt 0.081201 0.535865
vt 0.090338 0.521861
vt 0.710360 0.838882
vt 0.714377 0.822165
vt 0.714799 0.793053
vt 0.779209 0.069363
vt 0.758690 0.067456
vt 0.750983 0.055636
vt 0.267790 0.292122
vt 0.719455 0.804225
vt 0.723240 0.789271
vt 0.720331 0.776709
vt 0.128749 0.185616
vt 0.063270 0.559859
vt 0.046040 0.557818
vt 0.027364 0.566114
vt 0.778413 0.676342
vt 0.791107 0.692693
vt 0.819395 0.400760
vt 0.726422 0.982484
vt 0.821303 0.446020
vt 0.830229 0.430923
vt 0.747420 0.674154
vt 0.743398 0.690670
vt 0.066052 0.905764
vt 0.106574 0.887690
vt 0.000002 0.852723
vt 0.010168 0.807240
vt 0.037783 0.806381
vt 0.761286 0.636500
vt 0.765848 0.616388
vt 0.971559 0.240208
vt 0.937384 0.257992
vt 0.931984 0.244901
vt 0.253538 0.827720
vt 0.949026 0.135613
vt 0.942832 0.078613
vt 0.396534 0.871768
vt 0.779152 0.465040
vt 0.357305 0.556888
vt 0.279420 0.259076
vt 0.296089 0.252352
vt 0.233158 0.453291
vt 0.331735 0.786567
vt 0.368310 0.273417
vt 0.275044 0.868636
vt 0.033652 0.877607
vt 0.062481 0.842518
vt 0.091719 0.850389
vt 0.347667 0.258046
vt 0.257933 0.847207
vt 0.899718 0.735834
vt 0.893638 0.719457
vt 0.358712 0.134583
vt 0.905917 0.841944
vt 0.661667 0.685747
vt 0.618574 0.910766
vt 0.705641 0.759317
vt 0.206334 0.877526
vt 0.168331 0.432371
vt 0.180811 0.415020
vt 0.190575 0.424401
vt 0.567496 0.891706
vt 0.569255 0.881832
vt 0.217294 0.154494
vt 0.305682 0.143706
vt 0.311103 0.182720
vt 0.352344 0.678364
vt 0.219088 0.781846
vt 0.281475 0.729775
vt 0.049504 0.506029
vt 0.362114 0.174795
vt 0.956033 0.730688
vt 0.956336 0.748928
vt 0.797717 0.084962
vt 0.263641 0.092286
vt 0.267078 0.121374
vt 0.280421 0.275691
vt 0.574429 0.831230
vt 0.570358 0.871979
vt 0.366606 0.815807
vt 0.239922 0.574402
vt 0.128880 0.699304
vt 0.180441 0.637414
vt 0.184333 0.358708
vt 0.195851 0.333841
vt 0.153074 0.460124
vt 0.674570 0.756200
vt 0.673957 0.743521
vt 0.676239 0.780590
vt 0.676607 0.768182
vt 0.139966 0.809055
vt 0.009873 0.404391
vt 0.766312 0.942918
vt 0.676877 0.804530
vt 0.675427 0.792271
vt 0.531900 0.077986
vt 0.906757 0.924975
vt 0.430398 0.113019
vt 0.865681 0.439232
vt 0.893125 0.445024
vt 0.855850 0.446218
vt 0.067813 0.748820
vt 0.061261 0.348271
vt 0.000002 0.310028
vt 0.182223 0.126322
vt 0.341067 0.670325
vt 0.707067 0.054342
vt 0.714630 0.052600
vt 0.779464 0.525384
vt 0.397079 0.733489
vt 0.631432 0.716020
vt 0.808926 0.508025
vt 0.228071 0.567665
vt 0.259257 0.234872
vt 0.637502 0.486153
vt 0.753208 0.450919
vt 0.572300 0.860094
vt 0.814422 0.485468
vt 0.827431 0.466200
vt 0.139734 0.471396
vt 0.037212 0.092722
vt 0.731549 0.762086
vt 0.310494 0.226897
vt 0.755414 0.968447
vt 0.272039 0.209931
vt 0.094036 0.444970
vt 0.102893 0.470612
vt 0.833335 0.752894
vt 0.240021 0.263643
vt 0.958929 0.204619
vt 0.677349 0.816827
vt 0.801784 0.477613
vt 0.471108 0.068763
vt 0.460365 0.040847
vt 0.843088 0.453236
vt 0.485323 0.840468
vt 0.040566 0.122213
vt 0.876318 0.427205
vt 0.887425 0.415185
vt 0.443517 0.755575
vt 0.321589 0.213698
vt 0.904122 0.606539
vt 0.886688 0.611849
vt 0.878574 0.597673
vt 0.909904 0.621394
vt 0.219303 0.193793
vt 0.183447 0.243115
vt 0.939618 0.798480
vt 0.352915 0.106452
vt 0.636992 0.928057
vt 0.906099 0.426435
vt 0.895635 0.401118
vt 0.914937 0.411834
vt 0.892205 0.623640
vt 0.871204 0.587048
vt 0.895989 0.588708
vt 0.048438 0.514423
vt 0.951268 0.184258
vt 0.968846 0.228292
vt 0.161538 0.320771
vt 0.671400 0.731634
vt 0.890048 0.551497
vt 0.853672 0.570763
vt 0.842625 0.563830
vt 0.843793 0.744600
vt 0.872626 0.332368
vt 0.845004 0.908775
vt 0.846557 0.541161
vt 0.830209 0.555328
vt 0.820072 0.541764
vt 0.668005 0.719172
vt 0.945367 0.119684
vt 0.665466 0.702715
vt 0.777039 0.886336
vt 0.837913 0.531117
vt 0.812420 0.526260
vt 0.225608 0.287044
vt 0.683930 0.874252
vt 0.009326 0.154371
vt 0.652554 0.912121
vt 0.287551 0.190407
vt 0.910993 0.039722
vt 0.489636 0.906941
vt 0.894125 0.032506
vt 0.926138 0.050873
vt 0.657414 0.967210
vt 0.968028 0.214311
vt 0.167146 0.380983
vt 0.146208 0.408243
vt 0.397813 0.859519
vt 0.914732 0.633154
vt 0.898412 0.635877
vt 0.954195 0.172792
vt 0.874324 0.663847
vt 0.992410 0.767125
vt 0.959971 0.193413
vt 0.973850 0.251540
vt 0.879833 0.022345
vt 0.173005 0.444667
vt 0.313511 0.263543
vt 0.934034 0.066264
vt 0.539835 0.013549
vt 0.678459 0.737969
vt 0.617935 0.687928
vt 0.903476 0.832039
vt 0.946821 0.099231
vt 0.050781 0.194256
vt 0.096270 0.346429
vt 0.879324 0.333352
vt 0.529775 0.716130
vt 0.090574 0.455518
vt 0.308005 0.758234
vt 0.065706 0.483689
vt 0.056408 0.569199
vt 0.039598 0.568304
vt 0.648844 0.942427

# vertex normals
vn -0.869736 -0.005092 -0.493491
vn -0.959464 0.000849 -0.281830
vn -0.911021 -0.009568 -0.412250
vn -0.997818 0.007038 -0.065646
vn -0.991415 -0.013485 0.130053
vn -0.993538 0.068014 -0.090867
vn -0.977298 -0.009274 0.211666
vn 0.747550 -0.010558 -0.664121
vn 0.909788 0.016308 -0.414753
vn 0.917569 0.019371 -0.397104
vn -0.992707 -0.005001 0.120446
vn -0.974886 0.008152 0.222556
vn 0.950734 0.010692 0.309825
vn -0.769480 -0.056383 -0.636178
vn -0.791409 -0.064145 -0.607912
vn -0.753858 -0.083554 -0.651704
vn 0.855015 0.058148 0.515333
vn 0.802675 0.010777 0.596320
vn -0.032966 0.017747 0.999299
vn 0.493334 0.027915 0.869392
vn -0.914870 0.052325 -0.400343
vn 0.052347 0.164097 -0.985054
vn -0.942311 0.061354 -0.329068
vn 0.770736 0.004819 -0.637136
vn 0.907437 0.021309 -0.419647
vn 0.757297 0.015033 -0.652897
vn -0.939098 0.036851 0.341668
vn 0.352412 0.037025 0.935112
vn -0.451708 0.030008 0.891661
vn -0.264266 0.001971 0.964448
vn -0.129509 0.023756 0.991294
vn 0.090423 -0.044595 -0.994904
vn -0.781812 -0.004422 -0.623499
vn 0.902373 0.007355 -0.430894
vn 0.943597 0.019517 -0.330520
vn 0.965798 0.050762 0.254279
vn 0.901553 0.056981 -0.428899
vn -0.001514 0.128744 -0.991677
vn 0.916074 0.036969 -0.399302
vn 0.984194 0.047174 -0.170696
vn -0.823417 -0.024227 0.566920
vn -0.734767 -0.018515 0.678067
vn 0.940280 0.006742 -0.340334
vn 0.518362 0.007278 -0.855130
vn 0.591672 0.015245 -0.806034
vn -0.992667 -0.019967 -0.119224
vn 0.944344 -0.055622 -0.324222
vn 0.264029 -0.160918 -0.950996
vn -0.961918 0.023894 0.272292
vn -0.952083 0.053608 0.301104
vn -0.782731 0.009846 0.622282
vn -0.018341 0.016388 0.999698
vn -0.992817 -0.017197 0.118403
vn 0.876902 -0.007222 -0.480615
vn -0.973976 0.021898 0.225591
vn -0.908185 0.019459 0.418116
vn -0.932185 0.009499 0.361858
vn -0.973818 0.000957 -0.227326
vn -0.006155 -0.999978 0.002599
vn -0.005523 -0.999980 0.003161
vn -0.982029 -0.002613 -0.188710
vn -0.967943 -0.003836 -0.251140
vn -0.895150 -0.028968 -0.444823
vn -0.895156 -0.028646 -0.444832
vn 0.963825 0.016916 0.265998
vn 0.901231 0.016731 0.433017
vn 0.914385 0.013825 0.404610
vn -0.452745 0.043327 -0.890587
vn -0.921099 0.023075 -0.388644
vn 0.934886 0.004120 0.354924
vn 0.968873 -0.005576 0.247497
vn 0.895348 -0.028758 0.444438
vn 0.895341 -0.028626 0.444461
vn -0.969877 0.019642 -0.242802
vn 0.007602 0.082274 0.996581
vn 0.962471 0.049069 0.266912
vn 0.941792 0.027777 0.335045
vn 0.854875 -0.075977 -0.513241
vn -0.380807 -0.254347 -0.888985
vn 0.997661 0.012557 0.067200
vn -0.959555 0.050154 -0.277016
vn -0.998170 0.011852 -0.059303
vn 0.110938 -0.145045 0.983186
vn 0.668385 -0.111019 0.735484
vn 0.953249 0.077727 -0.292017
vn 0.982636 0.070429 -0.171657
vn 0.222343 0.255648 -0.940855
vn -0.912695 0.018623 -0.408216
vn -0.929364 0.010767 -0.369008
vn -0.740452 0.020091 -0.671809
vn -0.276898 0.024058 -0.960598
vn -0.380510 0.005979 -0.924758
vn -0.893336 -0.004208 0.449370
vn 0.392297 -0.095198 0.914899
vn 0.963291 0.017576 -0.267884
vn 0.908222 0.018917 -0.418061
vn 0.918733 0.012535 -0.394680
vn 0.760572 0.031794 0.648475
vn -0.763445 0.021610 0.645511
vn 0.951003 0.022009 -0.308396
vn 0.788478 -0.029719 -0.614345
vn 0.528502 0.049289 -0.847500
vn -0.557078 0.039808 -0.829506
vn -0.005575 -0.036114 -0.999332
vn -0.805628 -0.032881 -0.591509
vn 0.987476 -0.009233 0.157499
vn 0.843442 0.026811 0.536551
vn 0.349704 0.025200 0.936521
vn 0.926443 0.036835 0.374628
vn -0.952049 -0.003192 -0.305928
vn -0.548291 -0.012949 0.836187
vn -0.080915 0.065083 0.994594
vn 0.706955 0.048818 0.705572
vn 0.508775 -0.071594 -0.857917
vn 0.747881 0.009967 0.663758
vn 0.802371 0.015734 -0.596618
vn 0.907825 0.021002 -0.418823
vn 0.919354 -0.009181 -0.393325
vn -0.751039 -0.016044 0.660063
vn -0.758777 -0.009048 0.651288
vn -0.767047 -0.007263 0.641550
vn -0.920387 0.023380 0.390309
vn 0.996443 0.050574 0.067401
vn 0.995746 0.016389 0.090670
vn -0.846046 0.030926 0.532212
vn -0.325880 0.024163 0.945102
vn 0.951615 0.060194 -0.301339
vn -0.950860 -0.208089 0.229270
vn -0.896567 -0.146989 0.417806
vn -0.969725 -0.005452 0.244137
vn -0.869794 -0.026224 0.492718
vn 0.667232 -0.022178 0.744519
vn 0.892432 -0.042906 0.449137
vn -0.894992 0.025193 -0.445371
vn -0.791632 -0.064225 -0.607614
vn 0.591968 -0.018752 0.805744
vn 0.846730 -0.023543 0.531502
vn 0.764414 -0.006494 0.644693
vn 0.052848 -0.010674 0.998546
vn -0.824150 -0.038818 0.565040
vn -0.590249 -0.014671 0.807088
vn -0.585925 -0.030723 0.809782
vn -0.597566 -0.007355 0.801786
vn 0.391537 -0.000695 0.920162
vn 0.905228 -0.022665 0.424321
vn 0.966271 -0.003173 0.257508
vn -0.945937 0.013239 -0.324081
vn -0.995495 0.016455 -0.093372
vn -0.985932 0.012261 -0.166699
vn -0.321066 0.048247 0.945827
vn 0.509882 0.048970 0.858850
vn 0.902684 0.027330 0.429436
vn 0.389032 0.700068 0.598798
vn -0.793850 0.173608 -0.582806
vn -0.994915 0.058491 -0.081989
vn -0.945013 0.080173 0.317053
vn -0.333831 0.257852 0.906680
vn 0.785530 0.157211 0.598521
vn -0.956715 0.055516 0.285683
vn -0.988791 0.038200 0.144340
vn 0.854338 -0.025581 -0.519088
vn 0.810365 -0.022125 -0.585507
vn -0.947463 0.011083 0.319674
vn 0.870254 -0.026200 -0.491905
vn -0.744806 0.022549 -0.666900
vn -0.672148 0.003966 -0.740406
vn 0.686820 0.008686 -0.726776
vn 0.753382 0.022314 -0.657204
vn 0.765273 0.031453 -0.642937
vn 0.979763 0.082340 -0.182440
vn -0.931565 -0.024409 0.362754
vn -0.916189 -0.032221 0.399449
vn -0.576411 -0.064969 0.814573
vn 0.898383 0.037016 -0.437650
vn 0.760151 0.022142 0.649369
vn 0.684687 0.008697 0.728786
vn -0.703274 0.003066 0.710912
vn 0.997212 0.013183 -0.073449
vn -0.944238 -0.055652 0.324526
vn 0.997129 0.013045 -0.074596
vn 0.953975 0.051850 -0.295370
vn 0.993546 0.066088 -0.092189
vn -0.976452 -0.086417 0.197670
vn -0.937876 -0.062944 0.341213
vn 0.999076 0.038751 -0.018568
vn 0.998659 0.051563 -0.004579
vn 0.167124 -0.001869 -0.985934
vn -0.617423 -0.015715 -0.786474
vn -0.614023 -0.015714 -0.789132
vn -0.590684 -0.015700 -0.806750
vn -0.590548 -0.015700 -0.806850
vn -0.590599 -0.015700 -0.806813
vn -0.590624 -0.015700 -0.806794
vn -0.589714 -0.066275 -0.804889
vn -0.595393 -0.014294 -0.803307
vn -0.927953 0.001783 0.372692
vn 0.942821 -0.065000 -0.326901
vn -0.995689 0.042697 0.082348
vn 0.942739 -0.063782 -0.327377
vn -0.998232 0.024319 0.054242
vn -0.999087 0.038609 0.018293
vn -0.978452 0.068720 -0.194703
vn -0.971790 0.003493 -0.235823
vn -0.860616 0.032420 -0.508222
vn -0.942748 0.019930 0.332911
vn -0.990228 0.006377 0.139310
vn -0.965004 -0.179188 0.191464
vn -0.958495 0.041213 0.282116
vn 0.870401 -0.057595 -0.488963
vn 0.896366 -0.030206 -0.442284
vn -0.998077 0.017708 -0.059400
vn -0.950051 0.021812 0.311331
vn -0.921406 0.060661 0.383837
vn -0.644775 0.118090 0.755195
vn 0.001746 0.134909 0.990856
vn -0.570320 0.040792 -0.820409
vn -0.836145 0.033594 -0.547478
vn 0.386204 0.044116 -0.921358
vn 0.945686 0.000788 -0.325081
vn 0.974337 0.015116 -0.224584
vn 0.965926 -0.002855 -0.258801
vn 0.878338 -0.039533 -0.476402
vn -0.985747 -0.078679 -0.148702
vn 0.918496 -0.014576 -0.395162
vn -0.994337 0.104236 -0.020709
vn -0.991356 0.039972 -0.124959
vn 0.999632 -0.025247 -0.009948
vn -0.938661 0.031336 0.343415
vn -0.999060 0.029201 0.032028
vn 0.809916 -0.006164 0.586514
vn 0.094008 -0.002498 -0.995568
vn 0.807117 -0.011623 0.590277
vn 0.815658 -0.014223 0.578360
vn -0.825846 -0.006839 0.563855
vn -0.805439 -0.006283 0.592646
vn 0.000104 0.019496 -0.999810
vn 0.926409 0.052914 0.372781
vn 0.677985 0.122307 0.724829
vn -0.914895 0.009094 -0.403589
vn 0.800651 -0.066463 0.595433
vn 0.212692 -0.041420 0.976241
vn -0.842244 0.054939 -0.536290
vn -0.102587 0.065978 -0.992534
vn -0.961059 0.025989 0.275118
vn 0.911491 -0.007573 -0.411249
vn 0.886806 -0.008365 -0.462065
vn 0.837470 0.056878 -0.543515
vn 0.039178 0.069413 -0.996818
vn -0.909713 -0.025567 0.414451
vn -0.925742 -0.024610 0.377353
vn -0.910908 -0.053246 0.409160
vn 0.013918 0.056342 -0.998315
vn 0.910687 -0.053034 0.409678
vn 0.924824 -0.049136 0.377209
vn 0.910087 -0.035682 0.412879
vn 0.581161 -0.015982 0.813631
vn 0.752253 -0.012852 0.658750
vn 0.732751 -0.015442 0.680321
vn 0.782113 -0.022049 0.622746
vn -0.883513 -0.140948 0.446697
vn -0.141410 0.076250 0.987010
vn -0.802172 0.035784 0.596019
vn 0.817378 0.040954 0.574645
vn -0.722318 0.088825 0.685833
vn -0.877422 -0.009407 0.479627
vn -0.992081 0.035741 -0.120404
vn -0.946285 0.013609 -0.323047
vn -0.960793 0.053093 -0.272136
vn 0.859526 -0.028947 0.510272
vn -0.913834 0.023287 0.405419
vn -0.993834 0.041257 -0.102915
vn 0.963033 0.005978 -0.269318
vn 0.992168 0.042221 0.117555
vn 0.959286 0.023503 0.281457
vn 0.937908 0.038592 0.344730
vn -0.871852 -0.029135 -0.488903
vn 0.304308 0.024990 -0.952246
vn 0.650885 0.030002 -0.758583
vn -0.912557 -0.015055 -0.408672
vn -0.894401 -0.035650 -0.445842
vn -0.892823 -0.042430 -0.448405
vn 0.614037 -0.039672 -0.788280
vn 0.529080 -0.010826 -0.848503
vn -0.798226 -0.036336 0.601260
vn 0.575146 -0.026934 -0.817607
vn 0.575204 -0.002690 -0.818006
vn 0.575180 -0.002678 -0.818022
vn 0.575101 -0.002637 -0.818079
vn 0.575112 -0.002643 -0.818070
vn 0.575555 0.002378 -0.817759
vn 0.101943 -0.208211 0.972757
vn 0.021594 -0.048192 0.998605
vn 0.945725 -0.213230 0.245228
vn 0.978828 0.071455 0.191804
vn -0.982390 0.070991 0.172830
vn 0.954689 -0.076659 0.287562
vn 0.984193 -0.160225 0.075447
vn 0.984093 -0.177410 -0.009281
vn -0.997346 0.054446 0.048334
vn 0.942628 -0.062180 -0.328002
vn 0.942295 -0.057567 -0.329797
vn 0.782071 0.006653 0.623154
vn 0.857112 0.005816 0.515098
vn 0.999042 0.004477 -0.043525
vn 0.961658 0.001801 0.274245
vn -0.221337 0.063485 -0.973129
vn -0.993927 0.041396 -0.101955
vn -0.826139 -0.007776 0.563412
vn 0.981607 0.016507 -0.190198
vn -0.897676 -0.030778 0.439580
vn 0.979379 -0.010273 -0.201772
vn 0.938818 0.007078 -0.344340
vn -0.620487 0.034363 0.783463
vn -0.891821 0.008421 0.452311
vn 0.984449 0.016186 0.174926
vn -0.999140 0.022132 0.035062
vn -0.993123 -0.011337 0.116526
vn -0.991363 0.020821 -0.129486
vn 0.952658 -0.062612 0.297527
vn -0.826225 -0.009501 0.563261
vn 0.998372 0.000648 0.057029
vn -0.891255 -0.058337 0.449735
vn -0.849997 -0.056351 0.523765
vn 0.602117 -0.005765 0.798387
vn 0.583508 -0.071045 0.808994
vn 0.173648 -0.096933 0.980026
vn 0.797450 -0.070270 0.599280
vn 0.160014 0.009577 0.987068
vn 0.897799 -0.002943 -0.440395
vn 0.819995 -0.005708 -0.572343
vn -0.945842 -0.013727 -0.324337
vn -0.811126 -0.006261 -0.584838
vn -0.242185 -0.010836 0.970169
vn -0.804235 -0.011963 -0.594191
vn -0.815716 -0.014055 -0.578282
vn 0.924558 -0.000639 -0.381042
vn 0.819991 -0.005559 -0.572349
vn 0.907229 -0.016354 0.420319
vn 0.938723 -0.010970 0.344497
vn 0.940324 -0.020844 0.339642
vn -0.710498 0.048213 0.702046
vn -0.945176 -0.079124 -0.316832
vn -0.994147 -0.102108 -0.035298
vn 0.990499 -0.137515 -0.001132
vn 0.993341 0.069516 0.091874
vn 0.995009 0.017360 -0.098268
vn -0.937961 -0.064337 0.340719
vn -0.999271 0.038184 0.000417
vn 0.981387 0.013111 0.191591
vn 0.983966 0.010936 -0.178020
vn 0.979003 0.007567 -0.203704
vn -0.940775 0.035019 0.337218
vn 0.988347 0.056326 0.141411
vn -0.796102 0.006800 -0.605124
vn -0.758456 0.012097 -0.651612
vn 0.903525 -0.005561 0.428498
vn 0.530541 -0.083684 -0.843518
vn -0.240899 -0.000545 0.970550
vn 0.869471 -0.028976 -0.493133
vn 0.871728 -0.028854 -0.489140
vn 0.397172 -0.150742 -0.905280
vn 0.869847 -0.027649 -0.492547
vn 0.712719 0.033831 -0.700634
vn -0.735359 0.042368 -0.676352
vn 0.869118 -0.002001 -0.494600
vn 0.966449 -0.045067 -0.252874
vn 0.892430 -0.039070 -0.449492
vn -0.889123 -0.036981 -0.456172
vn -0.938095 -0.066595 0.339915
vn 0.998190 0.009172 0.059441
vn -0.945358 -0.056038 0.321183
vn 0.216804 0.023355 -0.975936
vn 0.950008 0.027810 -0.310984
vn -0.829189 0.046886 -0.556999
vn -0.774065 0.026038 -0.632571
vn 0.986093 -0.018023 0.165213
vn 0.885847 -0.029700 0.463027
vn 0.904701 -0.011534 0.425891
vn 0.937846 -0.013386 0.346792
vn -0.906028 -0.021071 0.422693
vn 0.198416 0.061292 -0.978200
vn -0.909971 -0.020238 0.414178
vn -0.903279 -0.013359 -0.428846
vn -0.942644 -0.012135 -0.333580
vn 0.033141 -0.999451 0.000016
vn 0.993328 0.057418 -0.100012
vn -0.937379 -0.010268 -0.348158
vn 0.954982 -0.292473 0.049691
vn 0.909534 -0.081392 -0.407581
vn 0.910482 -0.066828 -0.408114
vn 0.908985 -0.087898 -0.407457
vn 0.999663 0.017981 0.018716
vn -0.081782 -0.130418 -0.988080
vn -0.591840 -0.114121 -0.797936
vn -0.912159 -0.007582 0.409767
vn 0.999135 0.002053 -0.041537
vn 0.999495 0.011356 -0.029665
vn -0.865467 -0.004812 0.500944
vn -0.840662 0.015676 0.541334
vn 0.990814 0.027103 -0.132491
vn 0.958042 -0.256988 -0.126935
vn -0.876726 -0.000424 -0.480990
vn -0.904200 -0.008589 -0.427023
vn -0.881566 -0.170643 0.440139
vn -0.880366 -0.028607 -0.473432
vn -0.011427 -0.091267 -0.995761
vn -0.868241 -0.017158 -0.495847
vn -0.634364 -0.017415 -0.772838
vn 0.886588 -0.007905 -0.462493
vn 0.890751 -0.008332 -0.454416
vn 0.018924 0.136962 0.990396
vn -0.010794 -0.999940 -0.001887
vn -0.010037 -0.999949 -0.000524
vn -0.008030 -0.999967 0.001342
vn 0.811234 -0.007902 0.584668
vn 0.756256 -0.006848 0.654240
vn 0.793131 -0.010505 0.608960
vn -0.786514 -0.010484 0.617484
vn -0.769873 -0.043611 0.636705
vn -0.802622 -0.059086 0.593555
vn -0.917133 -0.004503 0.398556
vn -0.029196 -0.006156 -0.999555
vn 0.836224 -0.008811 0.548318
vn 0.883245 0.021455 -0.468421
vn -0.917665 -0.011414 -0.397190
vn -0.261180 -0.000991 -0.965290
vn 0.546027 0.044360 -0.836592
vn 0.983929 0.031001 -0.175850
vn -0.869436 -0.027691 0.493270
vn -0.869163 -0.028797 0.493686
vn -0.878438 -0.023666 0.477269
vn 0.978791 -0.041724 -0.200565
vn -0.849443 -0.056694 0.524627
vn 0.996638 0.009127 -0.081424
vn -0.890647 -0.088797 -0.445940
vn 0.963881 0.001149 -0.266329
vn 0.936126 -0.001409 -0.351661
vn 0.208942 0.023705 0.977641
vn -0.345048 0.063249 0.936452
vn 0.191450 0.032995 0.980948
vn 0.903279 -0.020578 -0.428559
vn 0.217954 0.047544 0.974800
vn -0.910469 -0.026905 -0.412700
vn -0.883663 -0.029596 -0.467188
vn -0.894302 -0.013236 -0.447268
vn 0.173132 0.031474 0.984396
vn -0.844341 -0.089099 0.528347
vn 0.932899 0.005813 -0.360090
vn 0.784004 -0.007407 -0.620711
vn 0.787646 -0.010504 -0.616038
vn 0.811099 -0.016668 -0.584671
vn 0.790094 -0.050998 -0.610861
vn 0.918238 -0.004529 -0.396003
vn -0.936064 -0.011736 -0.351633
vn -0.755371 -0.006895 -0.655261
vn -0.795959 -0.010935 -0.605252
vn 0.872384 -0.015441 0.488577
vn 0.880387 -0.028313 0.473409
vn 0.492558 -0.074243 0.867107
vn 0.667880 -0.017132 0.744072
vn -0.883685 -0.033321 0.466894
vn 0.998571 0.012006 0.052077
vn 0.903453 -0.057261 -0.424845
vn 0.985479 0.019811 0.168640
vn 0.939845 0.008773 -0.341488
vn 0.999758 0.001484 -0.021950
vn 0.936778 0.005915 -0.349875
vn 0.883497 0.045367 -0.466236
vn -0.723892 -0.081050 0.685136
vn 0.946262 -0.031372 -0.321876
vn -0.002070 0.081858 -0.996642
vn -0.956066 0.026083 -0.291987
vn -0.968669 -0.067158 0.239103
vn 0.807769 -0.078668 0.584226
vn -0.956882 -0.069279 -0.282093
vn -0.871620 -0.052056 -0.487411
vn -0.373099 -0.241579 -0.895788
vn 0.035373 0.070906 -0.996856
vn -0.957359 0.007649 -0.288799
vn -0.885127 -0.025694 0.464639
vn 0.941183 -0.020671 0.337263
vn 0.905802 -0.011792 -0.423537
vn -0.995193 -0.009232 0.097500
vn -0.016876 0.136932 -0.990437
vn -0.933417 -0.062549 -0.353300
vn -0.221111 -0.261444 -0.939552
vn 0.896483 -0.003951 -0.443060
vn 0.892630 -0.013397 -0.450591
vn 0.883938 -0.006839 -0.467554
vn 0.939804 -0.053909 0.337436
vn 0.906324 -0.087195 0.413490
vn 0.692845 0.489979 0.529043
vn -0.913306 -0.005952 0.407231
vn -0.806366 -0.008229 -0.591359
vn 0.943133 -0.005002 -0.332377
vn 0.926641 0.027139 -0.374966
vn 0.999142 -0.037981 0.016533
vn 0.872472 -0.080472 0.481993
vn -0.881726 0.015231 0.471517
vn -0.959312 0.042953 0.279061
vn -0.889843 0.042858 0.454250
vn -0.935178 0.007827 0.354092
vn -0.943064 0.047427 0.329213
vn -0.955350 -0.038094 0.293011
vn -0.939436 0.009043 0.342604
vn -0.999912 0.004840 0.012340
vn 0.723582 -0.073997 -0.686260
vn 0.116559 -0.009250 -0.993141
vn -0.997588 0.030247 0.062469
vn 0.975573 -0.066610 0.209335
vn 0.869908 0.019644 0.492823
vn -0.810618 -0.059605 -0.582534
vn 0.852012 -0.005337 -0.523496
vn 0.895590 -0.006937 -0.444827
vn 0.863613 -0.015379 -0.503921
vn 0.927958 -0.005247 -0.372647
vn -0.877560 0.010773 -0.479347
vn 0.776993 -0.070283 0.625574
vn 0.829463 -0.027653 0.557877
vn -0.961180 0.036879 -0.273447
vn 0.977344 -0.012097 -0.211309
vn 0.005160 -0.999982 0.003202
vn 0.006616 -0.999975 0.002559
vn -0.929174 0.018640 -0.369173
vn -0.989508 0.138020 0.042707
vn -0.895237 -0.005884 0.445552
vn 0.991649 0.022079 -0.127063
vn -0.829988 -0.006468 0.557744
vn -0.818856 -0.123950 0.560456
vn 0.900303 -0.027114 0.434418
vn -0.994038 0.015940 -0.107865
vn -0.451959 -0.001326 -0.892038
vn 0.882024 -0.026546 -0.470455
vn 0.612437 0.052576 0.788769
vn 0.935248 0.012768 0.353763
vn 0.981440 0.177432 0.072750
vn -0.886271 -0.026663 -0.462399
vn 0.926620 -0.039362 0.373934
vn 0.943147 -0.022573 0.331609
vn -0.999739 0.005186 -0.022240
vn 0.807068 -0.007800 0.590407
vn 0.930621 0.049592 -0.362610
vn 0.932987 0.048908 -0.356572
vn -0.921789 -0.029004 0.386605
vn -0.896118 -0.024604 -0.443133
vn -0.891519 -0.016708 -0.452676
vn -0.887524 -0.014219 -0.460542
vn -0.992207 0.121625 0.027071
vn 0.944223 -0.011681 0.329098
vn 0.169566 -0.025339 0.985193
vn -0.930205 -0.015023 0.366732
vn 0.993385 0.114719 -0.005105
vn -0.145737 -0.026993 -0.988955
vn 0.929790 -0.015466 -0.367766
vn -0.993455 0.114169 0.003487
vn 0.861501 0.001578 0.507753
vn 0.912230 0.014611 0.409417
vn -0.978688 -0.006578 -0.205246
vn 0.877180 -0.011467 -0.480024
vn -0.993886 -0.037102 0.103991
vn 0.609298 -0.075478 -0.789341
vn 0.894467 -0.019202 0.446721
vn 0.891732 -0.016725 0.452254
vn 0.885441 -0.013369 0.464560
vn -0.962156 0.022290 -0.271585
vn -0.983560 -0.002673 0.180561
vn 0.923000 -0.027992 -0.383782
vn -0.859422 -0.020618 0.510851
vn 0.990811 -0.033327 -0.131080
vn -0.625632 -0.073186 0.776678
vn 0.974717 -0.087078 -0.205775
vn 0.207162 -0.077849 -0.975204
vn -0.977460 -0.005808 0.211040
vn 0.824730 -0.016911 -0.565275
vn 0.735789 -0.010179 -0.677135
vn 0.765662 -0.006621 -0.643209
vn -0.908974 -0.024124 -0.416155
vn 0.999768 0.007104 0.020351
vn -0.897552 -0.021594 -0.440379
vn -0.914431 -0.017217 -0.404375
vn 0.929980 -0.002977 -0.367599
vn 0.899655 -0.014364 -0.436366
vn 0.957025 -0.011642 -0.289770
vn 0.487296 -0.077915 -0.869754
vn -0.990039 0.110962 -0.086660
vn -0.989710 0.125965 0.067869
vn -0.992665 0.120575 0.008836
vn -0.859396 0.003363 -0.511299
vn -0.842323 0.019509 -0.538620
vn 0.976908 -0.005873 0.213579
vn -0.925461 -0.012355 0.378642
vn -0.901425 -0.003713 0.432920
vn 0.881247 -0.022118 0.472138
vn 0.896673 -0.019459 0.442265
vn -0.994379 0.072663 0.077010
vn -0.995084 0.074206 0.065585
vn 0.732057 -0.014102 0.681097
vn -0.535896 -0.023722 -0.843951
vn -0.714010 -0.012988 -0.700015
vn -0.768748 -0.015289 -0.639369
vn -0.755483 -0.009828 -0.655094
vn -0.799344 -0.003943 -0.600860
vn 0.904082 -0.027683 0.426461
vn -0.382845 -0.048282 -0.922550
vn 0.834603 -0.042638 0.549199
vn -0.980282 -0.005931 -0.197513
vn 0.847197 0.004155 0.531262
vn -0.016402 -0.053681 0.998423
vn -0.016388 -0.053681 0.998424
vn -0.004481 -0.999910 0.012617
vn -0.003782 -0.999990 0.002568
vn -0.005111 -0.999983 0.002790
vn -0.007520 -0.999971 0.001543
vn -0.005193 -0.999979 0.003914
vn 0.676369 -0.057735 -0.734297
vn 0.918699 -0.041333 -0.392790
vn 0.946862 -0.046478 -0.318266
vn 0.947107 -0.019973 -0.320296
vn 0.916544 -0.012653 -0.399734
vn 0.006936 -0.999568 -0.028547
vn -0.015980 -0.999335 -0.032785
vn -0.016697 -0.053679 0.998419
vn -0.016256 -0.053682 0.998426
vn 0.953385 -0.029010 -0.300358
vn -0.016596 -0.053679 0.998420
vn -0.016423 -0.053681 0.998423
vn -0.908206 -0.036410 0.416937
vn -0.814707 -0.134737 0.564002
vn 0.006843 -0.999975 0.001812
vn -0.016322 -0.053682 0.998425
vn -0.016339 -0.053682 0.998424
vn -0.927008 -0.013867 0.374785
vn -0.934070 -0.021280 0.356455
vn 0.004858 -0.999983 0.003201
vn -0.016390 -0.053681 0.998424
vn -0.016363 -0.053682 0.998424
vn 0.951551 -0.032726 0.305745
vn 0.944061 -0.021309 0.329083
vn -0.016449 -0.053681 0.998423
vn -0.016481 -0.053680 0.998422
vn -0.004921 -0.999983 0.003175
vn -0.773150 -0.338419 0.536387
vn -0.016283 -0.054702 0.998370
vn 0.907244 -0.032838 0.419320
vn -0.941063 -0.107709 -0.320623
vn -0.016149 -0.053683 0.998427
vn -0.959066 -0.028813 0.281713
vn 0.006203 -0.999978 0.002247
vn -0.952561 -0.031361 0.302726
vn -0.016355 -0.053682 0.998424
vn -0.001769 -0.053807 0.998550
vn 0.625682 -0.033666 0.779351
vn 0.242553 -0.050341 -0.968831
vn -0.334942 -0.049532 -0.940936
vn -0.910289 -0.047430 -0.411248
vn -0.957139 -0.044579 -0.286177
vn -0.943371 -0.035864 -0.329796
vn 0.870325 -0.000262 0.492478
vn -0.866845 -0.029552 -0.497701
vn -0.871746 -0.000338 -0.489959
vn 0.872081 -0.029620 0.488465
vn -0.845365 -0.037388 0.532879
vn -0.875307 -0.032900 0.482447
vn -0.912792 -0.056490 -0.404499
vn -0.161527 -0.100134 -0.981775
vn 0.918476 -0.057457 -0.391282
vn 0.739348 -0.022483 -0.672948
vn -0.808273 -0.025311 0.588264
vn -0.691530 -0.029350 0.721751
vn 0.912035 -0.056743 0.406168
vn 0.796326 -0.031445 0.604050
vn 0.906320 -0.004146 -0.422572
vn 0.997474 -0.070989 -0.002572
vn -0.577717 -0.341474 -0.741376
vn -0.903172 -0.008507 0.429195
vn -0.920510 -0.058128 0.386370
vn -0.997451 -0.071329 0.001967
vn 0.820776 -0.018698 -0.570944
vn 0.849796 -0.016823 0.526843
vn -0.779246 -0.033503 -0.625822
vn 0.875110 -0.032830 -0.482810
vn 0.863315 -0.034850 -0.503461
vn 0.832501 -0.024154 0.553497
vn -0.851169 -0.017363 -0.524604
vn -0.891864 -0.022521 -0.451742
vn 0.112087 -0.164189 0.980040
vn 0.451159 -0.372371 0.811046
vn -0.129517 -0.163864 -0.977944
vn 0.000003 -0.999981 -0.006241
vn 0.374369 0.207317 0.903807
vn 0.115797 -0.975718 0.185918
vn 0.533954 0.282646 0.796872
vn 0.263701 -0.948375 0.176199
vn -0.011201 -0.998802 -0.047626
vn 0.165326 -0.983859 0.068480
vn 0.004951 0.997089 -0.076085
vn 0.482328 0.859699 0.168159
vn 0.620040 0.784566 -0.002627
vn 0.674468 -0.127353 -0.727237
vn 0.748167 -0.089316 -0.657472
vn 0.466165 -0.089315 -0.880178
vn 0.693072 0.044297 -0.719506
vn 0.656981 0.272475 -0.702946
vn 0.359375 0.159717 -0.919424
vn -0.378159 -0.912635 -0.155221
vn -0.363668 -0.931123 -0.027476
vn -0.533871 -0.845331 0.019932
vn 0.047081 0.013357 -0.998802
vn -0.884353 -0.001548 -0.466817
vn -0.891373 0.005050 -0.453242
vn 0.932267 -0.190943 0.307276
vn 0.285080 -0.958121 -0.027094
vn 0.962383 -0.139997 0.232851
vn -0.997936 0.014774 -0.062488
vn -0.999751 0.014996 0.016523
vn -0.999478 0.022672 -0.023002
vn -0.929965 -0.192744 -0.313072
vn -0.291171 -0.956269 0.027735
vn -0.962430 -0.139527 -0.232939
vn 0.983599 0.010757 -0.180048
vn 0.949483 0.001515 -0.313815
vn 0.954966 0.002136 -0.296709
vn 0.920148 0.030195 0.390405
vn 0.980322 0.014088 0.196900
vn 0.969154 0.022132 0.245461
vn -0.052292 0.013457 0.998541
vn 0.884477 -0.001534 0.466581
vn 0.891570 0.005148 0.452854
vn -0.983599 0.010757 0.180048
vn -0.949479 0.001516 0.313827
vn -0.954869 0.002173 0.297021
vn 0.996552 0.004807 -0.082833
vn -0.920147 0.030196 -0.390406
vn -0.980322 0.014088 -0.196900
vn -0.969154 0.022132 -0.245461
vn 0.933987 0.042937 -0.354716
vn 0.910951 0.032872 -0.411202
vn 0.853188 0.037669 -0.520242
vn 0.112401 0.100170 0.988601
vn 0.932374 0.041423 0.359115
vn 0.929871 0.055133 0.363731
vn -0.927374 0.057612 0.369672
vn -0.933988 0.042938 0.354714
vn -0.893018 0.003246 0.450010
vn -0.723996 0.017221 0.689589
vn 0.973317 0.018492 -0.228717
vn 0.963578 0.025580 -0.266199
vn 0.886214 0.027177 -0.462479
vn 0.892901 0.003351 -0.450240
vn 0.702970 0.019005 -0.710966
vn 0.945467 -0.000184 0.325718
vn 0.923890 -0.007593 0.382584
vn 0.968198 -0.018237 0.249518
vn 0.998272 0.018461 0.055794
vn 0.999887 0.014618 0.003512
vn 0.999547 0.007520 -0.029131
vn -0.945380 -0.000194 -0.325972
vn -0.923712 -0.007575 -0.383014
vn -0.968199 -0.018237 -0.249516
vn -0.998272 0.018462 -0.055794
vn -0.999887 0.014618 -0.003512
vn -0.999547 0.007520 0.029130
vn -0.112399 0.100172 -0.988601
vn -0.932373 0.041423 -0.359116
vn -0.929873 0.055129 -0.363726
vn -0.985987 0.056504 0.156960
vn -0.037029 -0.009314 -0.999271
vn 0.108980 0.137762 -0.984452
vn -0.249454 0.127941 -0.959898
vn -0.166654 0.226637 0.959616
vn -0.051037 -0.974254 0.219600
vn -0.006960 -0.976062 0.217383
vn -0.240960 0.047399 -0.969377
vn -0.821943 0.033323 -0.568595
vn -0.925145 0.018920 -0.379141
vn -0.003355 0.999050 -0.043438
vn 0.162666 0.905127 0.392790
vn 0.131804 0.971451 0.197258
vn -0.467420 0.877180 0.109876
vn -0.932504 0.024841 0.360305
vn -0.393608 0.901644 0.179197
vn 0.776816 0.309294 0.548539
vn 0.892141 0.248241 0.377439
vn 0.482520 0.495665 -0.722143
vn 0.549906 -0.004280 -0.835215
vn 0.371522 0.239393 -0.897030
vn -0.934188 0.004868 0.356749
vn -0.916107 0.000924 0.400932
vn -0.198373 -0.980031 -0.013659
vn 0.243717 -0.969677 0.018108
vn -0.778802 0.306131 -0.547496
vn -0.797531 -0.282790 -0.532893
vn -0.892141 0.248241 -0.377439
vn 0.940675 0.013930 0.339022
vn -0.544639 -0.065322 0.836123
vn -0.455036 -0.444562 0.771561
vn 0.215588 -0.597722 0.772172
vn -0.161812 0.179371 -0.970383
vn -0.152367 0.068289 -0.985962
vn -0.375351 -0.008751 -0.926842
vn 0.703084 -0.129825 0.699156
vn 0.863992 -0.089069 0.495565
vn 0.883073 -0.129732 0.450946
vn -0.652437 -0.129781 -0.746648
vn -0.861191 -0.089636 -0.500315
vn -0.870248 -0.129311 -0.475339
vn 0.935466 0.353413 0.001847
vn 0.975529 -0.219733 -0.007807
vn 0.980663 0.015813 -0.195066
vn 0.331302 -0.943465 0.010607
vn 0.380625 -0.922572 -0.063123
vn -0.783339 -0.100675 0.613388
vn -0.456849 -0.132433 0.879631
vn -0.565792 -0.079166 0.820739
vn -0.278605 0.924456 0.260309
vn -0.140142 0.940806 0.308618
vn 0.001939 0.270412 0.962743
vn -0.010281 0.946877 0.321431
vn -0.013493 0.946498 0.322427
vn -0.433774 -0.898146 0.071937
vn -0.346960 -0.928704 0.130872
vn -0.321032 0.918484 0.230924
vn -0.834709 -0.047143 0.548670
vn -0.723635 0.025051 0.689728
vn -0.591391 0.705246 -0.391005
vn -0.583289 0.699935 -0.412147
vn -0.654402 0.726477 -0.209736
vn -0.213419 0.700402 0.681095
vn -0.348523 0.690261 0.634091
vn -0.137160 0.612469 0.778504
vn 0.054796 -0.959744 0.275479
vn 0.055559 -0.989405 0.134131
vn 0.007118 -0.896423 0.443141
vn -0.043681 -0.931678 0.360650
vn 0.165510 -0.936320 0.309697
vn 0.571505 0.721196 0.391484
vn 0.685752 0.714882 0.136705
vn 0.718149 0.678724 0.153612
vn 0.271255 -0.929324 -0.250556
vn 0.195516 -0.933971 -0.299119
vn 0.105754 -0.913534 -0.392773
vn 0.520060 -0.827497 0.211626
vn 0.320100 -0.938229 0.131387
vn 0.366208 -0.930533 0.000030
vn -0.131804 0.971451 0.197258
vn -0.550217 -0.006788 0.834994
vn -0.139871 0.906998 0.397228
vn 0.335589 0.939641 0.066752
vn 0.644050 0.764984 0.000000
vn 0.914315 0.361873 0.181868
vn 0.980153 -0.046233 0.192777
vn -0.344061 -0.910369 0.229894
vn -0.136873 -0.981087 0.136873
vn -0.547496 0.306131 0.778802
vn -0.186609 -0.941902 0.279281
vn -0.377439 0.248241 0.892141
vn 0.403509 0.056824 0.913210
vn 0.669829 0.118480 0.733002
vn 0.689616 0.058566 0.721803
vn -0.982931 -0.127275 0.132841
vn -0.984561 -0.093138 -0.148209
vn -0.978534 -0.082942 0.188659
vn 0.481532 -0.561424 -0.673001
vn 0.364343 -0.319253 -0.874832
vn 0.360073 -0.072647 -0.930091
vn 0.218459 0.022599 -0.975584
vn -0.684707 0.697261 0.212139
vn -0.528695 0.723508 0.443866
vn -0.502419 0.680493 0.533390
vn 0.897443 0.201041 0.392656
vn 0.820751 0.152735 0.550490
vn 0.973554 0.122953 0.192548
vn -0.997068 0.076511 -0.000876
vn 0.466747 0.387513 0.794972
vn 0.985208 0.034254 0.167905
vn 0.965634 0.050127 0.255027
vn 0.521197 0.226637 -0.822794
vn 0.905864 -0.188301 -0.379411
vn 0.862978 0.359363 -0.355143
vn -0.095563 0.995187 0.021704
vn 0.238561 0.953990 0.181636
vn 0.172809 0.974042 -0.146218
vn 0.448471 0.117743 -0.886008
vn 0.122508 0.042277 -0.991567
vn -0.630727 0.505690 -0.588610
vn -0.665623 0.622091 -0.412249
vn -0.697861 -0.034073 -0.715422
vn -0.829925 -0.031017 -0.557012
vn 0.003829 -0.934407 -0.356188
vn -0.108128 -0.882031 -0.458617
vn -0.208699 0.735936 -0.644083
vn -0.372381 0.744040 -0.554741
vn -0.408496 0.712765 -0.570173
vn -0.651625 0.718255 -0.243915
vn -0.914205 0.022568 -0.404623
vn -0.983280 -0.014425 -0.181529
vn -0.269941 0.080541 -0.959503
vn -0.109581 0.204413 -0.972732
vn -0.532016 0.159612 -0.831554
vn -0.960969 0.168047 0.219769
vn -0.972817 0.123971 0.195596
vn -0.860776 0.130391 0.491999
vn -0.632378 0.148915 -0.760212
vn -0.849295 0.142656 -0.508279
vn -0.838739 0.268980 -0.473463
vn -0.185811 0.929326 -0.319105
vn 0.352095 -0.549197 0.757899
vn -0.000142 -1.000000 -0.000202
vn 0.378602 -0.836127 0.396928
vn 0.919540 0.118634 -0.374662
vn 0.784952 0.103153 -0.610909
vn 0.748486 0.119402 -0.652313
vn 0.763907 -0.597764 -0.243156
vn 0.419019 -0.839372 -0.346235
vn -0.309812 -0.132271 -0.941552
vn -0.258936 -0.089537 -0.961736
vn -0.611507 -0.088788 -0.786241
vn -0.390914 0.207479 -0.896738
vn -0.500691 0.039664 -0.864717
vn -0.536974 0.284484 -0.794184
vn -0.592128 -0.767612 -0.245268
vn -0.985486 0.118557 0.121498
vn -0.891015 0.108111 0.440913
vn -0.887537 0.118272 0.445299
vn -0.183565 0.117496 -0.975960
vn -0.170409 0.109500 -0.979270
vn -0.440267 0.110911 -0.890990
vn -0.010753 0.244475 -0.969596
vn -0.175146 0.313209 -0.933394
vn 0.124423 -0.116934 0.985315
vn 0.456599 -0.128852 0.880292
vn 0.462496 -0.086454 0.882397
vn 0.022310 0.905617 0.423509
vn 0.187782 0.932800 0.307607
vn -0.489725 0.223373 0.842778
vn -0.294348 0.119738 0.948168
vn -0.153939 0.204016 0.966789
vn 0.081099 0.673277 0.734930
vn 0.306206 0.735715 0.604120
vn 0.369808 0.677393 0.635909
vn 0.135955 0.116901 -0.983794
vn 0.485610 0.111401 -0.867048
vn 0.422781 0.249523 0.871203
vn 0.601577 0.159167 0.782797
vn 0.684483 0.215869 0.696336
vn 0.142133 0.162579 0.976405
vn 0.044968 0.119823 0.991776
vn 0.325042 0.092916 0.941124
vn 0.660231 -0.739891 0.129063
vn 0.991393 0.118480 -0.055703
vn 0.989039 0.107796 0.100910
vn 0.956767 0.114992 -0.267158
vn -0.191540 0.719520 -0.667535
vn 0.260065 0.734328 -0.627000
vn 0.410155 0.724371 -0.554130
vn 0.196221 0.661834 -0.723514
vn 0.536014 0.696221 0.477457
vn 0.670464 0.686580 0.281221
vn 0.077991 0.193791 0.977938
vn 0.026935 -0.505652 0.862317
vn 0.268279 -0.375743 0.887042
vn -0.675019 0.512588 -0.530663
vn -0.704690 0.668919 -0.236559
vn 0.058995 -0.127690 -0.990058
vn 0.937530 0.005254 -0.347866
vn 0.918539 0.001731 -0.395326
vn 0.200226 -0.979670 0.012490
vn -0.243973 -0.969627 -0.017368
vn 0.382025 0.116242 0.916812
vn -0.198415 0.118737 0.972899
vn -0.300816 0.109918 0.947327
vn 0.060717 0.104885 0.992629
vn -0.969052 0.246401 -0.014977
vn -0.940934 0.274301 0.198500
vn 0.416007 -0.073062 -0.906422
vn 0.432831 -0.461486 -0.774395
vn -0.267543 -0.586744 -0.764298
vn -0.937555 0.013251 -0.347584
vn 0.091475 0.118423 0.988741
vn -0.255362 -0.089425 0.962701
vn -0.129606 -0.130003 0.983006
vn 0.983280 -0.014425 0.181529
vn 0.328232 0.885736 0.328231
vn 0.711941 -0.075641 0.698154
vn 0.839858 -0.003634 0.542795
vn 0.013028 0.001227 0.999914
vn 0.555008 0.044975 0.830628
vn 0.997936 0.014774 0.062488
vn 0.999751 0.014996 -0.016523
vn 0.999478 0.022673 0.022998
vn 0.998802 0.011818 -0.047495
vn 0.998416 0.023433 -0.051151
vn 0.954169 0.299262 0.002002
vn 0.948422 -0.271693 -0.163334
vn 0.916052 0.305629 -0.259692
vn 0.645400 0.354384 -0.676661
vn 0.734334 -0.146677 -0.662751
vn 0.519891 -0.179769 -0.835103
vn -0.991611 0.018783 -0.127887
vn -0.999734 0.003529 -0.022804
vn -0.971857 -0.000174 0.235572
vn -0.901140 -0.088978 0.424298
vn -0.878267 -0.131374 0.459770
vn -0.606298 0.794747 0.027927
vn -0.437927 0.880144 0.183212
vn 0.741869 0.172986 0.647847
vn 0.871524 -0.222718 0.436855
vn 0.819010 0.359206 0.447429
vn 0.947600 -0.283755 0.146758
vn 0.713637 -0.700514 0.001760
vn -0.044961 -0.668751 -0.742126
vn -0.256284 -0.671674 -0.695107
vn -0.969974 0.109603 -0.217110
vn -0.740969 -0.670986 -0.027269
vn -0.989239 0.112240 0.093851
vn 0.704809 0.707694 -0.049126
vn 0.474235 0.712734 -0.516828
vn -0.639756 0.112250 0.760337
vn -0.702638 -0.668828 -0.242834
vn -0.389435 -0.839354 0.379242
vn -0.220141 -0.932285 0.287025
vn -0.173721 -0.905818 0.386412
vn -0.887582 0.226733 0.400987
vn -0.783893 -0.257521 0.564974
vn -0.751845 0.313464 0.580060
vn -0.941108 -0.015362 -0.337756
vn -0.760907 -0.596486 -0.255392
vn -0.968817 -0.227291 -0.098650
vn 0.579084 0.120939 0.806248
vn 0.774617 0.404983 0.485754
vn 0.806006 0.122069 0.579183
vn 0.911785 -0.018421 0.410254
vn 0.863719 0.383499 0.326984
vn 0.971857 -0.000173 -0.235572
vn 0.991611 0.018783 0.127887
vn 0.999734 0.003529 0.022804
vn -0.204066 0.324641 -0.923561
vn -0.421876 -0.055828 -0.904933
vn -0.408238 0.428869 -0.805862
vn -0.779731 0.290233 -0.554782
vn -0.845162 0.419959 -0.330659
vn -0.593740 -0.263195 0.760396
vn -0.288476 -0.532489 0.795762
vn -0.157965 0.043694 0.986478
vn 0.927367 0.057615 -0.369691
vn 0.986002 0.056493 -0.156871
vn 0.997069 0.076479 0.001827
vn 0.918984 -0.093113 0.383144
vn 0.974726 -0.129725 0.181882
vn 0.991877 -0.092654 0.087152
vn 0.879846 -0.129678 -0.457224
vn -0.691744 0.207317 0.691744
vn 0.925252 0.007373 -0.379281
vn 0.353543 0.265473 -0.896957
vn 0.114913 -0.006559 -0.993354
vn 0.565911 0.824466 0.000281
vn 0.832095 0.548627 0.081403
vn 0.746652 0.589272 -0.308657
vn 0.937468 0.276530 -0.211387
vn 0.977550 0.110773 -0.179238
vn 0.874730 0.181960 -0.449153
vn -0.973831 -0.227121 0.008345
vn -0.928509 0.142298 0.342961
vn -0.986021 -0.019733 0.165449
vn -0.774617 0.404983 -0.485755
vn -0.911785 -0.018421 -0.410254
vn -0.863719 0.383499 -0.326984
vn 0.635592 0.622090 -0.457194
vn 0.832449 -0.045559 -0.552226
vn 0.723676 0.022676 -0.689767
vn 0.633242 0.718255 -0.288294
vn 0.999938 -0.011161 0.000000
vn 0.799414 0.270412 -0.536483
vn 0.501456 -0.726168 -0.470343
vn 0.672725 0.272117 -0.688036
vn 0.962743 0.270412 -0.001939
vn 0.941603 0.272117 -0.198335
vn 0.966063 0.113839 0.231870
vn 0.981624 -0.130426 -0.139293
vn 0.993907 -0.088468 -0.065744
vn 0.932137 -0.089709 -0.350818
vn -0.998802 0.011818 0.047495
vn -0.970635 -0.003846 0.240527
vn -0.550437 0.634698 -0.542381
vn -0.817834 0.564807 -0.110183
vn -0.766665 0.195554 0.611542
vn 0.032893 0.234410 -0.971581
vn 0.050422 -0.500510 -0.864261
vn -0.213697 -0.358699 -0.908663
vn 0.440612 0.397837 -0.804728
vn -0.976334 0.006924 -0.216157
vn -0.520546 0.638315 0.567085
vn -0.252303 0.597369 0.761244
vn -0.770419 0.548682 0.324657
vn -0.774014 -0.595127 0.216162
vn -0.475861 -0.828025 0.296532
vn -0.083211 -0.628565 0.773293
vn 0.091814 -0.839006 0.536319
vn -0.973317 0.018492 0.228717
vn -0.886214 0.027177 0.462478
vn -0.925252 0.007373 0.379281
vn -0.144174 0.024950 0.989238
vn -0.891049 0.223933 0.394823
vn -0.796689 0.320868 0.512182
vn -0.989669 0.139118 0.034653
vn 0.976334 0.006924 0.216157
vn -0.453186 0.886846 -0.090144
vn -0.040141 -0.998518 -0.036738
vn -0.986506 -0.018197 0.162710
vn -0.989800 0.057364 0.130407
vn -0.899094 0.057134 0.434010
vn -0.725795 -0.019376 0.687638
vn -0.486258 0.057633 0.871913
vn -0.489778 -0.019241 0.871635
vn -0.963579 0.025580 0.266199
vn -0.996552 0.004807 0.082833
vn 0.970691 -0.003824 -0.240302
vn -0.696883 0.705293 -0.130065
vn -0.190121 0.046620 0.980653
vn -0.360073 -0.072647 0.930091
vn -0.998416 0.023432 0.051150
vn -0.985208 0.034253 -0.167905
vn -0.965632 0.050121 -0.255033
vn -0.693117 0.117267 -0.711222
vn -0.861367 0.110800 -0.495752
vn -0.873348 0.117958 -0.472598
vn -0.984218 -0.020693 -0.175747
vn -0.237622 -0.020671 -0.971138
vn -0.470988 0.054084 -0.880480
vn -0.609604 -0.015558 -0.792553
vn -0.711929 0.063623 -0.699363
vn -0.866654 0.056591 -0.495690
vn 0.395756 -0.087701 0.914159
vn 0.242563 0.029787 -0.969678
vn -0.901856 0.017458 -0.431684
vn -0.922477 0.019709 -0.385550
vn 0.837995 -0.120678 -0.532167
vn 0.805982 0.136885 -0.575895
vn 0.587030 0.138189 -0.797684
vn 0.893397 0.126778 -0.431010
vn 0.621874 0.422895 -0.659115
vn 0.675215 0.123523 -0.727205
vn 0.821944 0.033323 0.568593
vn 0.240960 0.047399 0.969377
vn 0.925145 0.018921 0.379142
vn -0.910951 0.032871 0.411202
vn -0.853187 0.037669 0.520244
vn 0.036079 -0.998623 0.038091
vn 0.366746 0.089676 0.925989
vn 0.536016 -0.203506 0.819312
vn 0.522779 0.386892 0.759616
vn 0.069850 0.714622 0.696014
vn 0.569453 -0.138314 -0.810304
vn 0.504739 0.293960 -0.811681
vn 0.325922 0.399597 -0.856794
vn 0.410317 -0.012206 -0.911861
vn 0.219706 -0.102650 -0.970151
vn 0.952582 -0.303054 -0.027300
vn 0.948468 -0.191386 -0.252547
vn -0.944275 0.137763 -0.298943
vn -0.990120 0.127940 0.057394
vn -0.644050 0.764984 0.000000
vn -0.999938 -0.011161 0.000000
vn -0.981142 -0.044828 0.188018
vn -0.924550 0.362114 -0.118663
vn -0.940470 0.308126 0.143438
vn -0.693448 0.720010 0.026747
vn -0.690336 0.673700 0.263753
vn 0.915838 -0.361047 0.175743
vn -0.935466 0.353413 -0.001847
vn -0.828717 0.418524 0.371572
vn -0.923085 -0.139707 0.358323
vn -0.847675 -0.018421 0.530197
vn 0.304777 0.637939 -0.707209
vn 0.584357 0.439525 -0.682161
vn 0.138059 0.434805 -0.889879
vn -0.930849 0.293961 0.217040
vn -0.600541 0.130560 0.788863
vn -0.271327 -0.912724 -0.305477
vn -0.299012 -0.934275 -0.194222
vn -0.657595 -0.052464 -0.751543
vn 0.358343 0.712150 0.603683
vn -0.324275 -0.934224 0.148566
vn -0.943151 -0.307430 0.126307
vn -0.843658 -0.434512 0.315342
vn 0.382139 -0.126656 -0.915384
vn 0.699018 0.383653 -0.603476
vn 0.610819 -0.092694 -0.786325
vn 0.433888 0.099056 -0.895505
vn -0.994584 0.014406 -0.102934
vn -0.999873 0.015260 -0.004527
vn -0.977113 0.013141 -0.212316
vn -0.952566 -0.303104 0.027307
vn -0.948406 -0.191786 0.252474
vn -0.220228 -0.019461 0.975254
vn -0.211762 0.057383 0.975635
vn 0.101562 0.058071 0.993133
vn 0.195632 -0.123454 0.972876
vn -0.916637 -0.358796 -0.176188
vn 0.134306 -0.020508 -0.990728
vn 0.147519 0.055996 -0.987473
vn -0.182363 0.055463 -0.981666
vn 0.761811 -0.017388 -0.647566
vn 0.481032 0.057700 -0.874802
vn 0.488783 -0.019164 -0.872195
vn 0.112297 -0.017601 0.993519
vn 0.419474 -0.020423 0.907538
vn 0.156075 -0.973628 0.166399
vn 0.932490 0.025329 -0.360306
vn 0.996982 -0.019038 -0.075264
vn 0.928109 0.057540 -0.367834
vn 0.933732 -0.019462 -0.357444
vn 0.757995 0.059351 -0.649554
vn 0.890479 0.226637 -0.394566
vn 0.430558 -0.887832 -0.162404
vn 0.475527 -0.828344 -0.296177
vn 0.618324 -0.530819 0.579575
vn 0.309899 -0.907472 0.283649
vn -0.108980 0.137762 0.984452
vn 0.249454 0.127940 0.959898
vn -0.113960 0.678038 -0.726139
vn 0.944275 0.137763 0.298943
vn 0.989723 0.128959 -0.061793
vn 0.394470 0.293960 0.870621
vn 0.526107 0.418523 0.740304
vn 0.203381 0.416896 0.885908
vn 0.871163 -0.019150 0.490620
vn 0.975273 0.057456 0.213407
vn 0.975279 -0.019210 0.220141
vn 0.995190 0.057630 -0.079220
vn 0.879223 0.100730 -0.465640
vn 0.709297 0.692872 -0.129716
vn 0.578607 0.718985 -0.385064
vn 0.646948 0.658958 -0.383710
vn 0.144174 0.024950 -0.989238
vn -0.685745 0.109525 -0.719554
vn -0.449555 -0.668635 -0.592307
vn -0.600085 -0.671376 -0.434916
vn 0.227814 0.961733 0.152220
vn 0.994516 0.022439 -0.102149
vn 0.998214 0.014045 -0.058072
vn -0.792847 0.020953 -0.609061
vn -0.896911 0.006729 -0.442159
vn 0.431163 -0.634582 -0.641408
vn 0.202005 -0.604826 -0.770311
vn 0.473653 0.118541 -0.872698
vn 0.162671 0.112930 -0.980196
vn 0.339903 -0.933450 -0.114616
vn 0.833580 -0.315050 -0.453750
vn -0.864148 -0.020547 -0.502819
vn 0.778102 0.289218 -0.557593
vn 0.727950 -0.018421 -0.685382
vn 0.812345 -0.120677 0.570555
vn 0.530225 -0.012207 0.847769
vn 0.096699 0.590409 0.801291
vn -0.085795 0.913264 0.398232
vn 0.818381 0.319093 -0.477946
vn 0.679569 0.690459 -0.247895
vn 0.957060 0.131091 0.258557
vn 0.990100 0.136885 -0.031059
vn 0.939412 0.131091 -0.316732
vn 0.152198 0.383500 -0.910914
vn -0.203381 0.416896 -0.885909
vn -0.165450 -0.019733 -0.986021
vn -0.358322 -0.139707 -0.923086
vn -0.242563 0.029787 0.969678
vn 0.901856 0.017458 0.431684
vn 0.922477 0.019709 0.385549
vn -0.394470 0.293961 -0.870621
vn -0.526107 0.418524 -0.740304
vn -0.530196 -0.018421 -0.847675
vn -0.685063 -0.097084 -0.721985
vn 0.703837 0.660698 -0.260945
vn -0.622038 0.423471 0.658590
vn -0.721985 -0.097085 0.685063
vn -0.550769 -0.064859 0.832134
vn -0.776631 0.295171 0.556523
vn 0.407358 0.124295 -0.904771
vn 0.989662 0.116403 0.083783
vn 0.679731 0.621532 0.389440
vn -0.515904 0.371077 0.772104
vn -0.361377 0.343930 0.866671
vn 0.031336 0.288624 0.956930
vn -0.023084 -0.120675 0.992424
vn 0.165447 -0.018420 0.986047
vn -0.381377 -0.082571 0.920725
vn -0.219708 -0.097084 0.970723
vn -0.524246 0.136884 0.840493
vn -0.258557 0.131091 0.957060
vn -0.292780 0.464229 -0.835925
vn -0.974352 0.130384 -0.183406
vn -0.983116 0.161375 -0.086259
vn -0.496661 0.845892 0.194408
vn -0.473726 0.866199 -0.159007
vn -0.718897 0.057415 0.692741
vn -0.732603 0.113037 0.671204
vn -0.503998 0.118363 0.855556
vn 0.994584 0.014406 0.102933
vn 0.999873 0.015260 0.004527
vn 0.977113 0.013141 0.212316
vn -0.310789 0.309778 -0.898581
vn -0.525882 0.322512 -0.787041
vn 0.119183 -0.089567 -0.988824
vn 0.929418 0.019424 -0.368516
vn 0.892211 -0.001879 -0.451616
vn 0.941190 -0.130864 -0.311508
vn -0.302150 -0.006090 -0.953241
vn 0.793088 0.022974 0.608673
vn 0.899269 0.006787 0.437344
vn -0.182481 -0.982953 0.022428
vn -0.150675 -0.955889 0.252138
vn 0.335046 -0.934792 0.117928
vn 0.239858 -0.962004 -0.130444
vn -0.920014 0.017902 0.391477
vn -0.903985 0.002070 0.427559
vn -0.938497 -0.130659 0.319613
vn 0.047201 -0.997815 0.046223
vn -0.005530 -0.978886 -0.204331
vn -0.168338 -0.932809 -0.318637
vn 0.111375 -0.010350 0.993725
vn 0.464918 -0.718710 -0.517018
vn 0.276408 -0.678915 -0.680201
vn 0.254332 0.178767 -0.950451
vn 0.622430 -0.668306 0.407366
vn 0.868938 0.109602 0.482633
vn 0.869953 0.117994 0.478811
vn 0.357372 -0.138314 0.923663
vn -0.994516 0.022439 0.102149
vn -0.998214 0.014045 0.058072
vn -0.680430 0.119371 0.723026
vn -0.411179 0.121827 0.903377
vn 0.101129 -0.938681 0.329623
vn -0.418283 -0.606971 -0.675741
vn -0.582450 -0.673141 -0.455667
vn -0.816633 -0.207901 -0.538412
vn -0.579084 0.120940 -0.806248
vn -0.806006 0.122069 -0.579183
vn 0.838117 0.134507 0.528647
vn -0.891846 -0.018876 0.451946
vn -0.730329 -0.088737 0.677308
vn -0.750268 -0.644070 -0.149238
vn -0.382594 -0.923916 -0.000000
vn 0.999851 0.017055 0.002752
vn 0.741691 -0.092259 0.664366
vn 0.335450 0.906894 0.254984
vn -0.697343 0.295171 -0.653136
vn -0.812345 -0.120677 -0.570555
vn 0.280999 0.125038 -0.951528
vn -0.532802 -0.668784 0.518508
vn -0.335813 -0.648008 0.683605
vn 0.684756 -0.019822 0.728503
vn 0.679603 -0.089323 0.728121
vn -0.061900 -0.986831 0.149441
vn -0.999851 0.017055 -0.002752
vn -0.896297 0.123900 0.425793
vn 0.705263 0.226816 0.671684
vn 0.337114 0.138189 0.931267
vn 0.635051 0.125038 0.762283
vn -0.029685 0.136738 -0.990162
vn -0.758450 0.127882 0.639062
vn -0.971994 0.117524 -0.203511
vn -0.977469 0.055570 -0.203634
vn -0.957060 0.131091 -0.258557
vn -0.840494 0.136884 -0.524245
vn 0.022613 -0.126377 -0.991724
vn -0.342961 0.142298 -0.928509
vn 0.031059 0.136884 0.990100
vn 0.174931 0.307483 0.935336
vn -0.388465 0.198503 0.899829
vn -0.567154 0.368172 0.736740
vn 0.476042 -0.879416 0.003345
vn -0.639062 0.127881 -0.758450
vn -0.476956 -0.878921 -0.003245
vn -0.250711 0.930038 0.268650
vn 0.923168 0.297746 0.243121
vn 0.002063 0.713100 -0.701059
vn 0.034321 0.693671 -0.719473
vn -0.467202 0.387597 -0.794664
vn -0.411883 0.154909 -0.897973
vn -0.973322 0.057884 -0.222023
vn 0.362059 0.116448 0.924853
vn 0.959616 0.226637 0.166654
vn 0.988554 0.019530 0.149600
vn 0.282026 0.458215 0.842912
vn -0.988554 0.019530 -0.149600
vn 0.188352 0.260568 -0.946904
vn -0.674867 -0.163893 -0.719509
vn 0.412057 0.154993 0.897879
vn 0.973319 0.057942 0.222018
vn -0.705303 0.226637 -0.671701
vn 0.980715 -0.048349 -0.189367
vn 0.093815 0.207014 -0.973830
vn -0.959055 -0.095683 0.266569
vn -0.699025 -0.124463 0.704182
vn -0.947513 0.258259 -0.188473
vn -0.596956 0.454018 -0.661447
vn -0.498717 -0.088603 0.862224
vn -0.225041 -0.089516 0.970229
vn 0.157026 0.059820 0.985781
vn 0.923820 -0.011294 0.382659
vn 0.494619 0.844617 0.204878
vn 0.918461 0.020182 -0.394995
vn 0.974306 0.031899 -0.222956
vn 0.966516 0.031739 -0.254636
vn 0.522578 -0.825718 -0.212374
vn 0.596331 0.790405 -0.140178
vn 0.684588 -0.102650 0.721666
vn 0.697343 0.295171 0.653136
vn 0.970710 -0.088728 0.223269
vn 0.123097 -0.088281 0.988460
vn -0.918462 0.020182 0.394995
vn -0.974306 0.031898 0.222957
vn -0.966516 0.031739 0.254636
vn -0.444853 -0.876031 0.186212
vn -0.182802 -0.081339 -0.979779
vn -0.456981 -0.098116 -0.884048
vn 0.351163 -0.111935 -0.929599
vn 0.081408 -0.094340 -0.992206
vn 0.986284 0.045610 0.158631
vn -0.275566 -0.940012 -0.201101
vn 0.823817 -0.096229 -0.558628
vn -0.555550 -0.008296 -0.831442
vn -0.986284 0.045608 -0.158632
vn -0.152198 0.383499 0.910914
vn 0.992771 0.007581 -0.119785
vn -0.967987 -0.132928 -0.212911
vn -0.902496 -0.092606 -0.420624
vn -0.992771 0.007581 0.119784
vn 0.225285 -0.844950 0.485084
vn 0.284276 -0.956463 0.066068
vn 0.418938 -0.089885 0.903555
vn -0.991138 -0.096698 -0.091074
vn -0.980153 -0.046233 -0.192777
vn 0.291504 -0.274676 -0.916285
vn 0.466483 0.777134 -0.422441
vn 0.966180 -0.094508 -0.239926
vn -0.031336 0.288624 -0.956930
vn 0.870744 0.057522 0.488360
vn -0.914315 0.361873 -0.181868
vn -0.462927 0.118040 -0.878501
vn -0.000784 0.975192 0.221358
vn 0.588610 0.505689 -0.630727
vn 0.911492 0.369203 -0.181306
vn -0.713309 -0.094359 -0.694469
vn 0.127383 0.873618 -0.469643
vn -0.247350 0.053311 -0.967459
vn -0.524660 0.255053 -0.812207
vn 0.641317 0.106356 0.759869
vn -0.000032 0.999981 0.006212

# Mesh
g UMesh_PM3D_Cube3D_5
usemtl UMesh_PM3D_Cube3D_5
f 1/1/1 2/2/2 3/3/3
f 4/4/4 5/5/5 6/6/6
f 7/7/7 8/8/8 9/9/9
f 7/7/7 9/9/9 10/10/10
f 7/7/7 10/10/10 11/11/11
f 7/7/7 11/11/11 12/12/12
f 13/13/13 14/14/14 15/15/15
f 13/13/13 15/15/15 16/16/16
f 13/13/13 16/16/16 17/17/17
f 18/18/18 19/19/19 20/20/20
f 21/21/21 22/22/22 23/23/23
f 24/24/24 25/25/25 26/26/26
f 27/27/27 28/28/28 29/29/29
f 27/27/27 29/29/29 30/30/30
f 27/31/27 30/32/30 19/19/19
f 19/19/19 30/32/30 31/33/31
f 19/19/19 31/33/31 20/20/20
f 29/29/29 32/34/32 30/30/30
f 27/31/27 19/19/19 33/35/33
f 34/36/34 35/37/35 36/38/36
f 37/39/37 22/22/22 38/40/38
f 39/41/39 40/42/40 41/43/41
f 39/41/39 41/43/41 42/44/42
f 39/41/39 42/44/42 43/45/43
f 24/24/24 44/46/44 45/47/45
f 46/48/46 47/49/47 48/50/48
f 46/48/46 48/50/48 49/51/49
f 46/48/46 49/51/49 50/52/50
f 51/53/51 29/29/29 52/54/52
f 53/55/53 54/56/54 55/57/55
f 56/58/56 55/57/55 57/59/57
f 58/60/58 59/61/59 60/62/60
f 58/60/58 60/62/60 61/63/61
f 58/60/58 61/63/61 62/64/62
f 63/65/63 64/66/64 65/67/65
f 66/68/66 67/69/67 65/67/65
f 1/1/1 68/70/68 69/71/69
f 18/18/18 70/72/70 71/73/71
f 72/74/72 73/75/73 74/76/74
f 50/52/50 49/51/49 75/77/75
f 76/78/76 77/79/77 78/80/78
f 76/78/76 78/80/78 79/81/79
f 76/78/76 79/81/79 80/82/80
f 81/83/81 82/84/82 83/85/83
f 81/83/81 83/85/83 84/86/84
f 81/83/81 84/86/84 4/4/4
f 81/83/81 4/4/4 6/6/6
f 85/87/85 86/88/86 87/89/87
f 88/90/88 89/91/89 74/76/74
f 90/92/90 91/93/91 92/94/92
f 93/95/93 94/96/94 95/97/95
f 96/98/96 95/97/95 97/99/97
f 66/68/66 98/100/98 67/69/67
f 56/58/56 57/59/57 99/101/99
f 100/102/100 101/103/101 102/104/102
f 103/105/103 104/106/104 105/107/105
f 18/18/18 71/73/71 106/108/106
f 107/109/107 108/110/108 18/18/18
f 107/109/107 18/18/18 109/111/109
f 110/112/110 98/100/98 66/68/66
f 110/112/110 66/68/66 111/113/111
f 112/114/112 113/115/113 114/116/114
f 13/13/13 17/17/17 115/117/115
f 116/118/116 117/119/117 24/24/24
f 118/120/118 117/121/117 119/122/119
f 118/120/118 119/122/119 120/123/120
f 118/120/118 120/123/120 121/124/121
f 118/120/118 121/124/121 122/125/122
f 118/120/118 122/125/122 123/126/123
f 124/127/124 119/122/119 117/121/117
f 125/128/125 51/53/51 126/129/126
f 37/39/37 127/130/127 22/22/22
f 128/131/128 129/132/129 130/133/130
f 42/44/42 131/134/131 43/45/43
f 132/135/132 133/136/133 134/137/134
f 135/138/135 14/139/14 13/140/13
f 136/141/136 137/142/137 138/143/138
f 139/144/139 140/145/140 141/146/141
f 139/144/139 141/146/141 142/147/142
f 139/144/139 142/147/142 143/148/143
f 139/144/139 143/148/143 144/149/144
f 138/143/138 137/142/137 145/150/145
f 145/150/145 146/151/146 138/143/138
f 147/152/147 103/105/103 105/107/105
f 149/154/149 62/64/62 61/63/61
f 61/63/61 148/153/148 149/154/149
f 150/155/150 139/144/139 151/156/151
f 152/157/152 138/143/138 146/151/146
f 153/158/153 154/159/154 155/160/155
f 156/161/156 157/162/157 158/163/158
f 159/164/159 160/165/160 161/166/161
f 159/164/159 161/166/161 162/167/162
f 159/164/159 162/167/162 163/168/163
f 162/167/162 164/169/164 163/168/163
f 89/91/89 165/170/165 166/171/166
f 97/99/97 167/172/167 168/173/168
f 96/98/96 97/99/97 169/174/169
f 170/175/170 171/176/171 172/177/172
f 170/175/170 172/177/172 40/178/40
f 170/175/170 40/178/40 39/179/39
f 170/175/170 39/179/39 173/180/173
f 173/180/173 39/179/39 174/181/174
f 67/69/67 175/182/175 176/183/176
f 57/184/57 177/185/177 99/186/99
f 178/187/178 179/188/179 180/189/180
f 178/187/178 180/189/180 181/190/181
f 178/187/178 181/190/181 182/191/182
f 183/192/183 184/193/184 182/191/182
f 183/192/183 182/191/182 86/88/86
f 183/192/183 86/88/86 185/194/185
f 183/192/183 185/194/185 186/195/186
f 104/106/104 187/196/187 188/197/188
f 104/106/104 188/197/188 189/198/189
f 104/106/104 189/198/189 190/199/190
f 104/106/104 190/199/190 191/200/191
f 104/106/104 191/200/191 192/201/192
f 104/106/104 192/201/192 193/202/193
f 104/106/104 193/202/193 194/203/194
f 104/106/104 194/203/194 195/204/195
f 104/106/104 195/204/195 105/107/105
f 140/145/140 139/144/139 150/155/150
f 196/205/196 7/7/7 12/12/12
f 197/206/197 198/207/198 199/208/199
f 200/209/200 6/6/6 5/5/5
f 201/210/201 202/211/202 6/6/6
f 1/1/1 3/3/3 203/212/203
f 204/213/204 91/93/91 90/92/90
f 205/214/205 206/215/206 130/133/130
f 207/216/207 128/131/128 130/133/130
f 208/217/208 209/218/209 210/219/210
f 208/217/208 210/219/210 211/220/211
f 208/217/208 211/220/211 212/221/212
f 213/222/213 214/223/214 215/224/215
f 88/90/88 165/170/165 89/91/89
f 216/225/216 217/226/217 218/227/218
f 25/228/25 219/229/219 220/230/220
f 100/102/100 220/231/220 221/232/221
f 212/236/212 211/233/211 222/234/222
f 222/234/222 223/235/223 212/236/212
f 25/228/25 24/237/24 224/238/224
f 25/228/25 224/238/224 225/239/225
f 25/228/25 225/239/225 219/229/219
f 219/229/219 225/239/225 226/240/226
f 227/241/227 228/242/228 118/120/118
f 229/243/229 209/218/209 208/217/208
f 102/104/102 104/106/104 103/105/103
f 230/244/230 231/245/231 92/94/92
f 230/244/230 92/94/92 91/93/91
f 230/244/230 91/93/91 232/246/232
f 232/246/232 91/93/91 233/247/233
f 44/46/44 234/248/234 235/249/235
f 44/46/44 235/249/235 236/250/236
f 237/251/237 215/224/215 238/252/238
f 76/78/76 75/77/75 77/79/77
f 242/256/242 239/253/239 240/254/240
f 240/254/240 241/255/241 242/256/242
f 243/257/243 218/227/218 217/226/217
f 123/126/123 227/241/227 118/120/118
f 125/128/125 244/258/244 51/53/51
f 51/53/51 7/7/7 196/205/196
f 174/181/174 39/179/39 243/257/243
f 239/253/239 242/256/242 243/257/243
f 12/12/12 11/11/11 245/259/245
f 245/259/245 246/260/246 12/12/12
f 127/130/127 247/261/247 22/22/22
f 247/262/247 243/257/243 248/263/248
f 247/262/247 248/263/248 249/264/249
f 247/262/247 249/264/249 250/265/250
f 247/262/247 250/265/250 251/266/251
f 247/262/247 251/266/251 252/267/252
f 247/268/247 252/269/252 242/256/242
f 242/256/242 252/269/252 253/270/253
f 242/256/242 253/270/253 254/271/254
f 242/256/242 254/271/254 255/272/255
f 242/256/242 255/272/255 248/263/248
f 242/256/242 248/263/248 243/257/243
f 203/212/203 3/3/3 256/273/256
f 203/212/203 256/273/256 257/274/257
f 203/212/203 257/274/257 258/275/258
f 203/212/203 258/275/258 259/276/259
f 203/212/203 259/276/259 260/277/260
f 261/278/261 262/279/262 263/280/263
f 208/217/208 212/221/212 264/281/264
f 265/282/265 266/283/266 267/284/267
f 268/285/268 267/284/267 266/283/266
f 268/285/268 266/283/266 269/286/269
f 268/285/268 269/286/269 270/287/270
f 268/285/268 270/287/270 271/288/271
f 272/289/272 273/290/273 274/291/274
f 275/292/275 274/291/274 273/290/273
f 275/292/275 273/290/273 276/293/276
f 275/292/275 276/293/276 277/294/277
f 275/292/275 277/294/277 278/295/278
f 275/292/275 278/295/278 279/296/279
f 275/292/275 279/296/279 280/297/280
f 275/292/275 280/297/280 281/298/281
f 101/103/101 104/106/104 102/104/102
f 101/103/101 282/299/282 283/300/283
f 101/103/101 283/300/283 284/301/284
f 101/103/101 284/301/284 285/302/285
f 101/103/101 285/302/285 286/303/286
f 101/103/101 286/303/286 287/304/287
f 101/103/101 287/304/287 288/305/288
f 101/103/101 288/305/288 289/306/289
f 101/103/101 289/306/289 290/307/290
f 101/103/101 290/307/290 104/106/104
f 187/196/187 104/106/104 290/307/290
f 187/196/187 290/307/290 291/308/291
f 285/302/285 284/301/284 292/309/292
f 145/150/145 293/310/293 146/151/146
f 185/194/185 86/88/86 85/87/85
f 294/311/294 158/163/158 157/162/157
f 156/312/156 295/313/295 157/314/157
f 201/210/201 6/6/6 296/315/296
f 201/210/201 296/315/296 297/316/297
f 201/210/201 297/316/297 298/317/298
f 201/210/201 298/317/298 299/318/299
f 198/207/198 300/319/300 199/208/199
f 296/315/296 6/6/6 200/209/200
f 198/207/198 197/206/197 301/320/301
f 198/207/198 301/320/301 46/48/46
f 198/207/198 46/48/46 50/52/50
f 295/321/295 50/52/50 157/162/157
f 1/1/1 69/71/69 2/2/2
f 2/2/2 149/154/149 302/322/302
f 302/322/302 303/323/303 2/2/2
f 68/70/68 92/94/92 304/324/304
f 68/70/68 304/324/304 305/325/305
f 68/70/68 305/325/305 306/326/306
f 26/26/26 307/327/307 308/328/308
f 1/1/1 92/94/92 68/70/68
f 312/332/312 309/329/309 310/330/310
f 310/330/310 311/331/311 312/332/312
f 69/71/69 149/154/149 2/2/2
f 147/152/147 62/64/62 149/154/149
f 242/333/242 22/22/22 247/261/247
f 23/23/23 22/22/22 242/333/242
f 17/17/17 313/334/313 115/117/115
f 314/335/314 261/278/261 313/336/313
f 85/87/85 87/89/87 154/159/154
f 155/160/155 154/159/154 202/211/202
f 21/21/21 38/40/38 22/22/22
f 202/211/202 154/159/154 87/89/87
f 18/18/18 315/337/315 109/111/109
f 21/21/21 23/23/23 316/338/316
f 21/21/21 316/338/316 317/339/317
f 21/21/21 317/339/317 318/340/318
f 318/340/318 317/339/317 319/341/319
f 118/342/118 219/229/219 226/240/226
f 118/342/118 226/240/226 320/343/320
f 118/120/118 320/344/320 224/345/224
f 118/120/118 224/345/224 24/346/24
f 24/346/24 117/121/117 118/120/118
f 127/130/127 37/39/37 321/347/321
f 127/130/127 321/347/321 322/348/322
f 127/130/127 322/348/322 323/349/323
f 139/144/139 144/149/144 324/350/324
f 139/144/139 324/350/324 325/351/325
f 139/144/139 325/351/325 136/141/136
f 139/144/139 136/141/136 138/143/138
f 151/156/151 139/144/139 138/143/138
f 242/256/242 241/255/241 326/352/326
f 242/256/242 326/352/326 327/353/327
f 242/256/242 327/353/327 23/354/23
f 327/353/327 316/355/316 23/354/23
f 51/53/51 52/54/52 126/129/126
f 108/110/108 328/356/328 18/18/18
f 17/17/17 16/16/16 34/36/34
f 34/36/34 36/38/36 17/17/17
f 36/38/36 238/252/238 17/17/17
f 329/357/329 330/358/330 52/54/52
f 329/357/329 52/54/52 29/29/29
f 329/357/329 29/29/29 28/28/28
f 331/359/331 33/35/33 19/19/19
f 332/360/332 333/361/333 328/356/328
f 332/360/332 328/356/328 108/110/108
f 332/360/332 108/110/108 334/362/334
f 334/362/334 108/110/108 335/363/335
f 336/364/336 52/54/52 337/365/337
f 149/154/149 338/366/338 339/367/339
f 339/367/339 302/322/302 149/154/149
f 263/368/263 274/369/274 275/370/275
f 275/371/275 261/278/261 263/280/263
f 149/154/149 148/153/148 340/372/340
f 340/372/340 338/366/338 149/154/149
f 18/18/18 20/20/20 70/72/70
f 152/157/152 151/156/151 138/143/138
f 56/58/56 99/101/99 341/373/341
f 112/374/112 263/280/263 262/279/262
f 342/375/342 343/376/343 344/377/344
f 342/375/342 344/377/344 185/194/185
f 342/375/342 185/194/185 345/378/345
f 342/375/342 345/378/345 346/379/346
f 347/380/347 182/191/182 184/193/184
f 185/194/185 344/377/344 186/195/186
f 294/311/294 157/162/157 76/78/76
f 102/104/102 68/70/68 306/326/306
f 102/104/102 306/326/306 348/381/348
f 102/104/102 348/381/348 307/382/307
f 102/104/102 307/382/307 26/383/26
f 25/384/25 102/104/102 26/383/26
f 86/88/86 182/191/182 181/190/181
f 86/88/86 181/190/181 87/89/87
f 70/385/70 349/386/349 71/387/71
f 350/388/350 351/389/351 219/229/219
f 118/342/118 228/390/228 352/391/352
f 352/391/352 219/229/219 118/342/118
f 353/392/353 158/163/158 294/311/294
f 156/161/156 158/163/158 153/158/153
f 354/393/354 355/394/355 349/386/349
f 51/53/51 196/205/196 29/29/29
f 205/214/205 140/145/140 150/155/150
f 262/279/262 56/58/56 356/395/356
f 262/279/262 356/395/356 357/396/357
f 262/279/262 357/396/357 358/397/358
f 262/279/262 358/397/358 112/374/112
f 262/279/262 163/168/163 56/58/56
f 163/168/163 359/398/359 360/399/360
f 163/168/163 360/399/360 361/400/361
f 163/168/163 361/400/361 56/58/56
f 362/401/362 359/398/359 163/168/163
f 202/211/202 87/89/87 81/83/81
f 202/211/202 81/83/81 6/6/6
f 96/98/96 169/174/169 363/402/363
f 88/90/88 364/403/364 165/170/165
f 365/404/365 282/299/282 101/103/101
f 366/405/366 367/406/367 221/232/221
f 368/407/368 111/113/111 263/368/263
f 368/407/368 263/368/263 112/408/112
f 368/409/368 112/114/112 114/116/114
f 263/368/263 111/113/111 66/68/66
f 263/368/263 66/68/66 274/369/274
f 347/380/347 369/410/369 182/191/182
f 370/411/370 346/379/346 345/378/345
f 371/412/371 178/187/178 182/191/182
f 371/412/371 182/191/182 369/410/369
f 155/160/155 202/211/202 201/210/201
f 155/160/155 156/312/156 153/158/153
f 166/171/166 165/170/165 372/413/372
f 166/171/166 372/413/372 373/414/373
f 168/173/168 374/415/374 375/416/375
f 165/170/165 364/403/364 376/417/376
f 165/170/165 376/417/376 377/418/377
f 165/170/165 377/418/377 378/419/378
f 165/170/165 378/419/378 379/420/379
f 380/421/380 381/422/381 169/174/169
f 380/421/380 169/174/169 382/423/382
f 349/386/349 383/424/383 384/425/384
f 384/425/384 354/393/354 349/386/349
f 385/426/385 386/427/386 387/428/387
f 385/426/385 387/428/387 388/429/388
f 221/232/221 367/406/367 389/430/389
f 221/232/221 389/430/389 390/431/390
f 221/232/221 390/431/390 391/432/391
f 221/232/221 391/432/391 365/404/365
f 221/232/221 365/404/365 101/103/101
f 100/102/100 221/232/221 101/103/101
f 152/157/152 146/151/146 349/386/349
f 392/433/392 388/429/388 387/428/387
f 392/433/392 387/428/387 383/424/383
f 392/433/392 383/424/383 349/386/349
f 76/78/76 80/82/80 393/434/393
f 76/78/76 393/434/393 394/435/394
f 76/78/76 394/435/394 370/411/370
f 76/78/76 370/411/370 345/378/345
f 294/311/294 76/78/76 345/378/345
f 351/389/351 395/436/395 396/437/396
f 351/389/351 396/437/396 220/230/220
f 351/389/351 220/230/220 219/229/219
f 397/438/397 220/439/220 398/440/398
f 397/438/397 398/440/398 399/441/399
f 397/438/397 399/441/399 400/442/400
f 397/438/397 400/442/400 401/443/401
f 195/204/195 402/444/402 105/107/105
f 403/445/403 58/60/58 62/64/62
f 396/437/396 398/446/398 220/230/220
f 404/447/404 401/443/401 400/442/400
f 405/448/405 406/449/406 274/291/274
f 405/448/405 274/291/274 407/450/407
f 66/68/66 408/451/408 407/452/407
f 407/452/407 274/369/274 66/68/66
f 205/214/205 12/12/12 206/215/206
f 12/12/12 409/453/409 410/454/410
f 410/454/410 206/215/206 12/12/12
f 76/78/76 411/455/411 75/77/75
f 50/52/50 75/77/75 411/455/411
f 402/444/402 412/456/412 413/457/413
f 402/444/402 413/457/413 414/458/414
f 402/444/402 414/458/414 403/445/403
f 402/444/402 403/445/403 62/64/62
f 402/444/402 62/64/62 105/107/105
f 147/152/147 105/107/105 62/64/62
f 204/459/204 166/460/166 91/461/91
f 91/93/91 415/462/415 416/463/416
f 91/93/91 416/463/416 417/464/417
f 91/93/91 417/464/417 233/247/233
f 45/47/45 44/46/44 236/250/236
f 45/47/45 236/250/236 418/465/418
f 45/47/45 418/465/418 419/466/419
f 45/47/45 419/466/419 420/467/420
f 45/47/45 420/467/420 421/468/421
f 51/53/51 244/258/244 7/7/7
f 167/469/167 45/47/45 421/468/421
f 167/469/167 421/468/421 422/470/422
f 423/471/423 415/472/415 91/461/91
f 424/473/424 116/118/116 167/469/167
f 315/337/315 425/474/425 426/475/426
f 315/337/315 426/475/426 427/476/427
f 315/337/315 427/476/427 109/111/109
f 268/285/268 217/226/217 267/284/267
f 268/285/268 243/257/243 217/226/217
f 246/260/246 409/453/409 12/12/12
f 428/477/428 425/474/425 315/337/315
f 39/41/39 96/98/96 363/402/363
f 39/41/39 43/45/43 96/98/96
f 429/478/429 430/479/430 43/45/43
f 43/45/43 430/479/430 431/480/431
f 43/45/43 431/480/431 432/481/432
f 43/45/43 432/481/432 96/98/96
f 24/24/24 26/26/26 44/46/44
f 44/46/44 26/26/26 308/328/308
f 44/46/44 308/328/308 234/248/234
f 231/245/231 304/324/304 92/94/92
f 39/179/39 218/227/218 243/257/243
f 39/179/39 363/482/363 218/227/218
f 25/384/25 100/102/100 102/104/102
f 25/384/25 220/231/220 100/102/100
f 127/130/127 433/483/433 434/484/434
f 434/484/434 247/261/247 127/130/127
f 323/349/323 433/483/433 127/130/127
f 18/18/18 106/108/106 315/337/315
f 435/485/435 428/477/428 315/337/315
f 99/186/99 177/185/177 436/486/436
f 99/186/99 436/486/436 437/487/437
f 438/488/438 439/489/439 175/182/175
f 341/373/341 99/101/99 440/490/440
f 341/373/341 440/490/440 441/491/441
f 341/373/341 441/491/441 442/492/442
f 98/100/98 443/493/443 444/494/444
f 98/100/98 444/494/444 445/495/445
f 98/100/98 445/495/445 446/496/446
f 217/226/217 216/225/216 88/90/88
f 217/226/217 88/90/88 267/284/267
f 447/497/447 141/146/141 140/145/140
f 176/183/176 175/182/175 439/489/439
f 176/183/176 439/489/439 448/498/448
f 176/183/176 448/498/448 177/185/177
f 177/185/177 448/498/448 436/486/436
f 126/129/126 52/54/52 336/364/336
f 126/129/126 336/364/336 449/499/449
f 126/129/126 449/499/449 450/500/450
f 126/129/126 450/500/450 451/501/451
f 126/129/126 451/501/451 452/502/452
f 126/129/126 452/502/452 453/503/453
f 108/110/108 454/504/454 455/505/455
f 108/110/108 455/505/455 456/506/456
f 108/110/108 456/506/456 335/363/335
f 208/217/208 264/281/264 214/223/214
f 264/281/264 17/17/17 238/252/238
f 267/284/267 457/507/457 458/508/458
f 267/284/267 458/508/458 459/509/459
f 88/90/88 460/510/460 457/507/457
f 457/507/457 267/284/267 88/90/88
f 312/332/312 247/262/247 434/511/434
f 312/332/312 434/511/434 461/512/461
f 312/332/312 461/512/461 309/329/309
f 312/332/312 243/257/243 247/262/247
f 462/513/462 463/514/463 237/251/237
f 462/513/462 237/251/237 36/38/36
f 462/513/462 36/38/36 35/37/35
f 237/251/237 463/514/463 464/515/464
f 237/251/237 238/252/238 36/38/36
f 465/516/465 466/517/466 467/518/467
f 465/516/465 467/518/467 468/519/468
f 465/516/465 468/519/468 469/520/469
f 465/516/465 469/520/469 470/521/470
f 465/516/465 470/521/470 116/118/116
f 81/83/81 471/522/471 472/523/472
f 473/524/473 82/84/82 81/83/81
f 473/524/473 81/83/81 472/523/472
f 473/524/473 472/523/472 474/525/474
f 213/222/213 475/526/475 476/527/476
f 213/222/213 476/527/476 229/243/229
f 213/222/213 229/243/229 208/217/208
f 213/222/213 208/217/208 214/223/214
f 205/214/205 130/133/130 140/145/140
f 140/145/140 130/133/130 129/132/129
f 129/132/129 447/497/447 140/145/140
f 213/222/213 49/51/49 477/528/477
f 477/528/477 475/526/475 213/222/213
f 49/51/49 213/222/213 75/77/75
f 88/90/88 216/225/216 364/403/364
f 478/529/478 479/530/479 363/402/363
f 478/529/478 363/402/363 169/174/169
f 478/529/478 169/174/169 480/531/480
f 480/531/480 169/174/169 381/422/381
f 376/417/376 364/403/364 481/532/481
f 262/279/262 159/164/159 163/168/163
f 159/164/159 262/279/262 261/278/261
f 213/222/213 215/224/215 75/77/75
f 75/77/75 215/224/215 237/251/237
f 410/454/410 482/533/482 206/215/206
f 130/133/130 206/215/206 483/534/483
f 483/534/483 207/216/207 130/133/130
f 81/83/81 484/535/484 471/522/471
f 181/190/181 471/522/471 484/535/484
f 237/251/237 464/515/464 485/536/485
f 237/251/237 485/536/485 486/537/486
f 237/251/237 486/537/486 77/79/77
f 77/79/77 75/77/75 237/251/237
f 487/538/487 488/539/488 483/534/483
f 487/538/487 483/534/483 206/215/206
f 487/538/487 206/215/206 489/540/489
f 21/21/21 318/340/318 490/541/490
f 21/21/21 490/541/490 491/542/491
f 492/543/492 32/34/32 29/29/29
f 492/543/492 29/29/29 150/155/150
f 492/543/492 150/155/150 20/544/20
f 492/543/492 20/544/20 31/545/31
f 205/214/205 150/155/150 29/29/29
f 482/533/482 489/540/489 206/215/206
f 219/229/219 352/391/352 493/546/493
f 493/546/493 350/388/350 219/229/219
f 196/205/196 205/214/205 29/29/29
f 196/205/196 12/12/12 205/214/205
f 454/504/454 108/110/108 176/183/176
f 454/504/454 176/183/176 494/547/494
f 495/548/495 126/549/126 453/550/453
f 107/109/107 176/183/176 108/110/108
f 181/190/181 496/551/496 471/522/471
f 181/190/181 180/189/180 497/552/497
f 497/552/497 496/551/496 181/190/181
f 472/523/472 471/522/471 21/21/21
f 472/523/472 21/21/21 491/542/491
f 491/542/491 498/553/498 472/523/472
f 155/160/155 201/210/201 156/312/156
f 201/210/201 295/313/295 156/312/156
f 471/522/471 38/40/38 21/21/21
f 37/39/37 38/40/38 471/522/471
f 499/554/499 125/555/125 177/185/177
f 20/544/20 150/155/150 151/156/151
f 152/157/152 20/544/20 151/156/151
f 312/332/312 174/181/174 243/257/243
f 174/181/174 312/332/312 311/331/311
f 311/331/311 173/180/173 174/181/174
f 244/258/244 125/128/125 500/556/500
f 244/258/244 500/556/500 501/557/501
f 244/258/244 501/557/501 502/558/502
f 244/258/244 502/558/502 503/559/503
f 500/556/500 125/128/125 504/560/504
f 505/561/505 506/562/506 502/563/502
f 505/561/505 502/563/502 501/564/501
f 505/561/505 501/564/501 507/565/507
f 505/561/505 507/565/507 504/566/504
f 505/561/505 504/566/504 125/555/125
f 508/567/508 423/471/423 166/460/166
f 508/568/508 166/569/166 167/469/167
f 508/568/508 167/469/167 422/470/422
f 166/460/166 423/471/423 91/461/91
f 167/469/167 166/569/166 509/570/509
f 167/172/167 509/571/509 374/415/374
f 167/172/167 374/415/374 168/173/168
f 373/414/373 509/572/509 166/171/166
f 293/310/293 510/573/510 146/151/146
f 349/386/349 146/151/146 510/573/510
f 510/573/510 392/433/392 349/386/349
f 67/69/67 176/183/176 511/574/511
f 67/69/67 512/575/512 63/65/63
f 63/65/63 65/67/65 67/69/67
f 55/57/55 513/576/513 514/577/514
f 55/57/55 514/577/514 53/55/53
f 56/58/56 361/400/361 515/578/515
f 56/58/56 515/578/515 513/576/513
f 56/58/56 513/576/513 55/57/55
f 177/185/177 126/549/126 495/548/495
f 177/185/177 495/548/495 516/579/516
f 177/185/177 516/579/516 176/183/176
f 176/183/176 516/579/516 494/547/494
f 125/555/125 126/549/126 177/185/177
f 89/91/89 166/171/166 517/580/517
f 74/76/74 89/91/89 518/581/518
f 518/581/518 72/74/72 74/76/74
f 89/91/89 517/580/517 519/582/519
f 519/582/519 518/581/518 89/91/89
f 204/213/204 90/92/90 520/583/520
f 521/584/521 522/585/522 523/586/523
f 521/584/521 523/586/523 366/405/366
f 521/584/521 366/405/366 221/232/221
f 220/231/220 397/587/397 521/584/521
f 521/584/521 221/232/221 220/231/220
f 517/591/517 524/588/524 525/589/525
f 525/589/525 519/590/519 517/591/517
f 48/50/48 477/528/477 49/51/49
f 526/592/526 93/95/93 95/97/95
f 526/592/526 95/97/95 527/593/527
f 528/594/528 527/593/527 95/97/95
f 528/594/528 95/97/95 96/98/96
f 528/594/528 96/98/96 432/481/432
f 37/39/37 496/551/496 497/552/497
f 497/552/497 529/595/529 37/39/37
f 496/551/496 37/39/37 471/522/471
f 185/194/185 294/311/294 345/378/345
f 353/392/353 294/311/294 185/194/185
f 204/213/204 520/583/520 524/596/524
f 530/597/530 525/589/525 524/588/524
f 530/597/530 524/588/524 531/598/531
f 532/599/532 356/395/356 341/373/341
f 532/599/532 341/373/341 112/114/112
f 532/599/532 112/114/112 358/600/358
f 341/373/341 356/395/356 56/58/56
f 341/373/341 442/492/442 533/601/533
f 341/373/341 533/601/533 534/602/534
f 341/373/341 534/602/534 112/114/112
f 112/114/112 534/602/534 113/115/113
f 110/112/110 443/493/443 98/100/98
f 116/118/116 24/24/24 45/47/45
f 116/118/116 45/47/45 167/469/167
f 511/574/511 535/603/535 536/604/536
f 536/604/536 537/605/537 511/574/511
f 67/69/67 511/574/511 537/605/537
f 537/605/537 512/575/512 67/69/67
f 520/583/520 538/606/538 539/607/539
f 539/607/539 540/608/540 520/583/520
f 520/583/520 540/608/540 541/609/541
f 520/583/520 541/609/541 531/610/531
f 520/583/520 531/610/531 524/596/524
f 117/119/117 116/118/116 542/611/542
f 117/119/117 542/611/542 468/612/468
f 117/119/117 468/612/468 467/613/467
f 117/119/117 467/613/467 543/614/543
f 542/611/542 116/118/116 470/521/470
f 117/615/117 543/616/543 544/617/544
f 117/615/117 544/617/544 124/618/124
f 239/253/239 243/257/243 134/137/134
f 134/137/134 133/136/133 240/254/240
f 240/254/240 239/253/239 134/137/134
f 65/67/65 64/66/64 545/619/545
f 545/619/545 546/620/546 65/67/65
f 65/67/65 546/620/546 547/621/547
f 65/67/65 547/621/547 408/451/408
f 65/67/65 408/451/408 66/68/66
f 69/71/69 103/105/103 147/152/147
f 69/71/69 147/152/147 149/154/149
f 85/87/85 154/159/154 153/158/153
f 353/392/353 153/158/153 158/163/158
f 13/140/13 115/622/115 275/371/275
f 275/371/275 281/623/281 135/138/135
f 135/138/135 13/140/13 275/371/275
f 548/624/548 549/625/549 203/212/203
f 353/392/353 185/194/185 85/87/85
f 353/392/353 85/87/85 153/158/153
f 97/99/97 424/626/424 167/172/167
f 550/627/550 551/628/551 466/517/466
f 550/627/550 466/517/466 465/516/465
f 550/627/550 465/516/465 552/629/552
f 57/184/57 499/554/499 177/185/177
f 553/630/553 554/631/554 506/562/506
f 553/630/553 506/562/506 505/561/505
f 553/630/553 505/561/505 555/632/555
f 303/323/303 556/633/556 2/2/2
f 2/2/2 556/633/556 557/634/557
f 557/634/557 558/635/558 2/2/2
f 54/56/54 559/636/559 560/637/560
f 54/56/54 560/637/560 57/59/57
f 54/56/54 57/59/57 55/57/55
f 499/554/499 57/184/57 560/638/560
f 560/638/560 561/639/561 499/554/499
f 131/134/131 429/478/429 43/45/43
f 70/385/70 20/544/20 152/157/152
f 70/385/70 152/157/152 349/386/349
f 499/554/499 505/561/505 125/555/125
f 499/554/499 561/639/561 555/632/555
f 555/632/555 505/561/505 499/554/499
f 74/76/74 73/75/73 562/640/562
f 562/640/562 563/641/563 74/76/74
f 74/76/74 563/641/563 564/642/564
f 74/76/74 564/642/564 460/510/460
f 74/76/74 460/510/460 88/90/88
f 181/190/181 484/535/484 87/89/87
f 87/89/87 484/535/484 81/83/81
f 406/449/406 272/289/272 274/291/274
f 565/643/565 566/644/566 244/258/244
f 244/258/244 503/559/503 567/645/567
f 244/258/244 567/645/567 565/643/565
f 94/96/94 568/646/568 569/647/569
f 94/96/94 569/647/569 97/99/97
f 94/96/94 97/99/97 95/97/95
f 424/626/424 97/99/97 569/647/569
f 569/647/569 570/648/570 424/626/424
f 571/649/571 300/319/300 198/207/198
f 571/649/571 198/207/198 295/321/295
f 571/650/571 295/313/295 201/210/201
f 571/650/571 201/210/201 299/318/299
f 295/321/295 198/207/198 50/52/50
f 212/236/212 314/335/314 313/336/313
f 314/335/314 212/236/212 223/235/223
f 223/235/223 572/651/572 314/335/314
f 573/652/573 8/8/8 7/7/7
f 244/258/244 566/644/566 574/653/574
f 244/258/244 574/653/574 575/654/575
f 244/258/244 575/654/575 576/655/576
f 244/258/244 576/655/576 573/652/573
f 244/258/244 573/652/573 7/7/7
f 164/169/164 362/401/362 163/168/163
f 90/92/90 203/212/203 520/583/520
f 203/212/203 549/625/549 538/606/538
f 538/606/538 520/583/520 203/212/203
f 577/656/577 536/604/536 535/603/535
f 577/656/577 535/603/535 578/657/578
f 535/603/535 107/109/107 109/111/109
f 579/658/579 438/488/438 175/182/175
f 579/658/579 175/182/175 98/100/98
f 579/658/579 98/100/98 580/659/580
f 580/659/580 98/100/98 446/496/446
f 99/101/99 437/660/437 581/661/581
f 99/101/99 581/661/581 582/662/582
f 99/101/99 582/662/582 440/490/440
f 67/69/67 98/100/98 175/182/175
f 459/509/459 265/282/265 267/284/267
f 90/92/90 92/94/92 1/1/1
f 90/92/90 1/1/1 203/212/203
f 486/537/486 78/80/78 77/79/77
f 535/603/535 109/111/109 583/663/583
f 535/603/535 583/663/583 584/664/584
f 535/603/535 584/664/584 578/657/578
f 427/476/427 583/663/583 109/111/109
f 314/335/314 159/164/159 261/278/261
f 159/164/159 314/335/314 572/651/572
f 159/164/159 572/651/572 585/665/585
f 159/164/159 585/665/585 586/666/586
f 159/164/159 586/666/586 587/667/587
f 159/164/159 587/667/587 160/165/160
f 69/71/69 68/70/68 103/105/103
f 102/104/102 103/105/103 68/70/68
f 529/595/529 321/347/321 37/39/37
f 264/281/264 313/334/313 17/17/17
f 212/221/212 313/334/313 264/281/264
f 50/52/50 411/455/411 157/162/157
f 157/162/157 411/455/411 76/78/76
f 71/73/71 588/668/588 589/669/589
f 71/73/71 589/669/589 590/670/590
f 71/73/71 590/670/590 106/108/106
f 349/386/349 355/394/355 588/671/588
f 588/671/588 71/387/71 349/386/349
f 465/516/465 116/118/116 424/473/424
f 424/473/424 570/672/570 552/629/552
f 552/629/552 465/516/465 424/473/424
f 591/673/591 382/423/382 169/174/169
f 591/673/591 169/174/169 168/173/168
f 591/673/591 168/173/168 592/674/592
f 592/674/592 168/173/168 375/416/375
f 593/675/593 372/413/372 165/170/165
f 593/675/593 165/170/165 379/420/379
f 593/675/593 379/420/379 594/676/594
f 97/99/97 168/173/168 169/174/169
f 268/285/268 271/288/271 595/677/595
f 268/285/268 595/677/595 596/678/596
f 268/285/268 596/678/596 597/679/597
f 268/285/268 597/679/597 132/135/132
f 268/285/268 132/135/132 134/137/134
f 134/137/134 243/257/243 268/285/268
f 315/337/315 106/108/106 598/680/598
f 315/337/315 598/680/598 599/681/599
f 315/337/315 599/681/599 600/682/600
f 315/337/315 600/682/600 601/683/601
f 315/337/315 601/683/601 435/485/435
f 106/108/106 590/670/590 602/684/602
f 106/108/106 602/684/602 598/680/598
f 481/532/481 364/403/364 216/225/216
f 481/532/481 216/225/216 603/685/603
f 363/402/363 479/530/479 604/686/604
f 218/227/218 363/482/363 604/687/604
f 218/227/218 604/687/604 605/688/605
f 218/227/218 605/688/605 216/225/216
f 216/225/216 605/688/605 603/685/603
f 260/277/260 548/624/548 203/212/203
f 517/591/517 166/460/166 204/459/204
f 517/591/517 204/459/204 524/588/524
f 511/574/511 176/183/176 107/109/107
f 535/603/535 511/574/511 107/109/107
f 2/2/2 558/635/558 606/689/606
f 606/689/606 3/3/3 2/2/2
f 3/3/3 606/689/606 607/690/607
f 3/3/3 607/690/607 256/273/256
f 313/336/313 261/278/261 115/622/115
f 275/371/275 115/622/115 261/278/261
f 18/18/18 328/356/328 19/19/19
f 331/359/331 19/19/19 328/356/328
f 331/359/331 328/356/328 333/361/333
f 337/365/337 52/54/52 330/358/330
f 264/281/264 238/252/238 214/223/214
f 215/224/215 214/223/214 238/252/238
f 498/553/498 474/525/474 472/523/472
f 608/691/608 609/692/609 610/693/610
f 414/458/414 611/694/611 612/695/612
f 414/458/414 612/695/612 59/61/59
f 414/458/414 59/61/59 403/445/403
f 403/445/403 59/61/59 58/60/58
f 613/696/613 610/693/610 614/697/614
f 615/698/615 141/146/141 447/497/447
f 615/698/615 447/497/447 129/132/129
f 615/698/615 129/132/129 616/699/616
f 616/699/616 129/132/129 128/131/128
f 616/699/616 128/131/128 617/700/617
f 617/700/617 128/131/128 207/216/207
f 617/700/617 207/216/207 618/701/618
f 618/701/618 207/216/207 619/702/619
f 483/534/483 488/539/488 619/702/619
f 483/534/483 619/702/619 207/216/207
f 615/698/615 620/703/620 621/704/621
f 615/698/615 621/704/621 142/147/142
f 615/698/615 142/147/142 141/146/141
f 622/705/622 610/693/610 623/706/623
f 616/699/616 617/700/617 624/707/624
f 625/708/625 626/709/626 610/693/610
f 627/710/627 628/711/628 390/431/390
f 627/710/627 390/431/390 389/430/389
f 627/710/627 389/430/389 629/712/629
f 610/693/610 630/713/630 631/714/631
f 193/202/193 192/201/192 610/693/610
f 143/148/143 142/147/142 621/704/621
f 286/715/286 285/716/285 610/693/610
f 412/456/412 402/444/402 195/204/195
f 412/456/412 195/204/195 194/203/194
f 412/456/412 194/203/194 610/693/610
f 189/717/189 188/718/188 610/719/610
f 632/720/632 522/585/522 521/584/521
f 632/720/632 521/584/521 397/587/397
f 632/720/632 397/587/397 633/721/633
f 633/721/633 397/587/397 401/722/401
f 633/721/633 401/722/401 404/723/404
f 522/585/522 632/720/632 634/724/634
f 635/725/635 610/693/610 636/726/636
f 191/200/191 190/199/190 610/693/610
f 610/719/610 188/718/188 187/727/187
f 187/727/187 291/728/291 610/719/610
f 60/62/60 637/729/637 638/730/638
f 60/62/60 638/730/638 340/372/340
f 60/62/60 340/372/340 61/63/61
f 61/63/61 340/372/340 148/153/148
f 639/731/639 610/693/610 640/732/640
f 637/729/637 60/62/60 641/733/641
f 289/734/289 288/735/288 610/693/610
f 621/704/621 324/736/324 144/149/144
f 144/149/144 143/148/143 621/704/621
f 642/737/642 391/432/391 390/431/390
f 642/737/642 390/431/390 628/711/628
f 610/693/610 643/738/643 630/713/630
f 413/457/413 610/693/610 644/739/644
f 413/457/413 644/739/644 611/694/611
f 413/457/413 611/694/611 414/458/414
f 644/739/644 610/693/610 613/696/613
f 385/426/385 645/740/645 386/427/386
f 646/741/646 610/693/610 609/692/609
f 287/742/287 286/715/286 610/693/610
f 523/586/523 522/585/522 634/724/634
f 523/586/523 634/724/634 647/743/647
f 523/586/523 647/743/647 648/744/648
f 648/744/648 647/743/647 649/745/649
f 636/726/636 610/693/610 650/746/650
f 622/705/622 625/708/625 610/693/610
f 192/201/192 191/200/191 610/693/610
f 635/725/635 608/691/608 610/693/610
f 291/728/291 290/747/290 610/719/610
f 290/748/290 289/734/289 610/693/610
f 413/457/413 412/456/412 610/693/610
f 610/693/610 639/731/639 651/749/651
f 610/693/610 651/749/651 652/750/652
f 610/693/610 652/750/652 614/697/614
f 59/61/59 612/695/612 641/733/641
f 59/61/59 641/733/641 60/62/60
f 285/716/285 292/751/292 643/738/643
f 285/716/285 643/738/643 610/693/610
f 282/299/282 365/404/365 391/432/391
f 282/299/282 391/432/391 642/737/642
f 282/299/282 642/737/642 283/300/283
f 629/712/629 389/430/389 367/406/367
f 629/712/629 367/406/367 366/405/366
f 629/712/629 366/405/366 648/744/648
f 648/744/648 366/405/366 523/586/523
f 650/746/650 610/693/610 631/714/631
f 325/752/325 621/704/621 620/703/620
f 325/752/325 620/703/620 653/753/653
f 325/351/325 653/754/653 654/755/654
f 325/351/325 654/755/654 136/141/136
f 655/756/655 656/757/656 293/310/293
f 655/756/655 293/310/293 145/150/145
f 655/756/655 145/150/145 137/142/137
f 655/756/655 137/142/137 136/141/136
f 655/756/655 136/141/136 654/755/654
f 657/758/657 645/740/645 385/426/385
f 657/758/657 385/426/385 388/429/388
f 657/758/657 388/429/388 392/433/392
f 657/758/657 392/433/392 510/573/510
f 657/758/657 510/573/510 293/310/293
f 657/758/657 293/310/293 656/757/656
f 623/706/623 610/693/610 646/741/646
f 325/752/325 324/736/324 621/704/621
f 626/709/626 640/732/640 610/693/610
f 288/735/288 287/742/287 610/693/610
f 190/199/190 189/198/189 610/693/610
f 194/203/194 193/202/193 610/693/610
f 230/244/230 232/246/232 257/759/257
f 230/244/230 257/759/257 256/760/256
f 230/244/230 256/760/256 607/761/607
f 230/244/230 607/761/607 658/762/658
f 279/763/279 278/764/278 659/765/659
f 332/766/332 334/767/334 599/768/599
f 332/766/332 599/768/599 598/769/598
f 332/766/332 598/769/598 602/770/602
f 332/766/332 602/770/602 660/771/660
f 596/772/596 595/773/595 661/774/661
f 173/775/173 311/776/311 310/777/310
f 173/775/173 310/777/310 662/778/662
f 173/775/173 662/778/662 663/779/663
f 173/775/173 663/779/663 170/780/170
f 664/781/664 462/513/462 35/37/35
f 664/781/664 35/37/35 34/36/34
f 664/781/664 34/36/34 16/16/16
f 664/781/664 16/16/16 665/782/665
f 665/782/665 16/16/16 15/15/15
f 209/218/209 229/243/229 666/783/666
f 209/218/209 666/783/666 665/784/665
f 209/218/209 665/784/665 210/219/210
f 666/783/666 229/243/229 476/527/476
f 576/785/576 575/786/575 449/499/449
f 576/785/576 449/499/449 336/364/336
f 576/785/576 336/364/336 337/365/337
f 576/785/576 337/365/337 330/358/330
f 576/785/576 330/358/330 329/357/329
f 576/785/576 329/357/329 667/787/667
f 467/788/467 466/789/466 551/790/551
f 467/788/467 551/790/551 668/791/668
f 467/788/467 668/791/668 544/617/544
f 467/788/467 544/617/544 543/616/543
f 121/792/121 120/793/120 235/249/235
f 121/792/121 235/249/235 234/248/234
f 121/792/121 234/248/234 308/328/308
f 121/792/121 308/328/308 307/327/307
f 121/792/121 307/327/307 348/794/348
f 121/792/121 348/794/348 669/795/669
f 327/796/327 254/797/254 253/798/253
f 327/796/327 253/798/253 670/799/670
f 327/796/327 670/799/670 316/800/316
f 316/800/316 670/799/670 317/801/317
f 254/797/254 327/796/327 326/802/326
f 666/783/666 476/527/476 475/526/475
f 666/783/666 475/526/475 477/528/477
f 666/783/666 477/528/477 48/50/48
f 666/783/666 48/50/48 47/49/47
f 663/804/663 662/803/662 478/529/478
f 478/529/478 480/531/480 663/804/663
f 269/805/269 266/806/266 265/807/265
f 269/805/269 265/807/265 459/808/459
f 269/805/269 459/808/459 458/809/458
f 269/805/269 458/809/458 377/418/377
f 269/805/269 377/418/377 376/417/376
f 269/805/269 376/417/376 481/532/481
f 269/805/269 481/532/481 603/685/603
f 269/805/269 603/685/603 605/688/605
f 269/805/269 605/688/605 671/810/671
f 672/811/672 618/701/618 619/702/619
f 672/811/672 619/702/619 487/538/487
f 672/811/672 487/538/487 489/540/489
f 672/811/672 489/540/489 482/533/482
f 672/811/672 482/533/482 410/454/410
f 672/811/672 410/454/410 409/453/409
f 672/811/672 409/453/409 246/260/246
f 672/811/672 246/260/246 245/259/245
f 571/812/571 299/813/299 298/814/298
f 571/812/571 298/814/298 673/815/673
f 571/812/571 673/815/673 674/816/674
f 464/515/464 463/514/463 664/781/664
f 464/515/464 664/781/664 485/536/485
f 398/446/398 396/437/396 395/436/395
f 398/446/398 395/436/395 632/817/632
f 398/440/398 632/818/632 633/819/633
f 398/440/398 633/819/633 399/441/399
f 632/817/632 395/436/395 675/820/675
f 251/266/251 250/265/250 461/821/461
f 251/266/251 461/821/461 434/822/434
f 251/266/251 434/822/434 433/823/433
f 251/266/251 433/823/433 323/824/323
f 251/266/251 323/824/323 322/825/322
f 251/266/251 322/825/322 676/826/676
f 674/828/674 677/827/677 344/377/344
f 344/377/344 343/376/343 674/828/674
f 468/829/468 542/830/542 668/791/668
f 468/829/468 668/791/668 551/790/551
f 468/829/468 551/790/551 550/831/550
f 468/829/468 550/831/550 469/832/469
f 10/833/10 9/834/9 672/835/672
f 607/761/607 606/836/606 558/837/558
f 607/761/607 558/837/558 557/838/557
f 607/761/607 557/838/557 658/762/658
f 658/839/658 557/634/557 556/633/556
f 658/839/658 556/633/556 303/323/303
f 658/839/658 303/323/303 302/322/302
f 658/839/658 302/322/302 339/367/339
f 121/792/121 669/795/669 675/840/675
f 121/792/121 675/840/675 224/841/224
f 121/792/121 224/841/224 320/842/320
f 121/792/121 320/842/320 122/843/122
f 225/844/225 224/841/224 675/840/675
f 501/845/501 500/846/500 678/847/678
f 501/848/501 678/849/678 554/850/554
f 501/848/501 554/850/554 553/851/553
f 501/848/501 553/851/553 507/852/507
f 452/853/452 500/846/500 504/854/504
f 452/853/452 504/854/504 507/852/507
f 452/853/452 507/852/507 561/855/561
f 561/855/561 507/852/507 553/851/553
f 561/855/561 553/851/553 555/856/555
f 678/847/678 500/846/500 452/853/452
f 678/857/678 452/502/452 451/501/451
f 560/858/560 559/859/559 452/853/452
f 560/858/560 452/853/452 561/855/561
f 590/860/590 589/861/589 660/771/660
f 590/860/590 660/771/660 602/770/602
f 487/538/487 619/702/619 488/539/488
f 502/862/502 506/863/506 554/864/554
f 502/862/502 554/864/554 678/865/678
f 502/862/502 678/865/678 567/866/567
f 502/862/502 567/866/567 503/867/503
f 668/791/668 119/868/119 124/618/124
f 124/618/124 544/617/544 668/791/668
f 228/869/228 227/870/227 123/871/123
f 228/869/228 123/871/123 122/872/122
f 228/869/228 122/872/122 226/873/226
f 228/869/228 226/873/226 352/874/352
f 352/874/352 226/873/226 225/875/225
f 352/874/352 225/875/225 675/820/675
f 352/874/352 675/820/675 493/876/493
f 122/872/122 320/877/320 226/873/226
f 318/878/318 319/879/319 670/799/670
f 318/878/318 670/799/670 490/880/490
f 660/771/660 589/861/589 588/881/588
f 660/771/660 588/881/588 355/882/355
f 660/771/660 355/882/355 354/883/354
f 660/771/660 354/883/354 384/884/384
f 8/885/8 573/886/573 576/785/576
f 8/885/8 576/785/576 667/787/667
f 8/885/8 667/787/667 9/834/9
f 9/834/9 667/787/667 672/835/672
f 593/675/593 594/676/594 562/887/562
f 593/675/593 562/887/562 73/888/73
f 593/675/593 73/888/73 72/889/72
f 593/675/593 72/889/72 518/890/518
f 593/675/593 518/890/518 519/891/519
f 593/675/593 519/891/519 530/892/530
f 593/675/593 530/892/530 679/893/679
f 530/892/530 519/891/519 525/894/525
f 276/895/276 273/896/273 272/897/272
f 276/895/276 272/897/272 406/898/406
f 276/895/276 406/898/406 405/899/405
f 276/895/276 405/899/405 444/494/444
f 276/895/276 444/494/444 443/493/443
f 276/895/276 443/493/443 110/112/110
f 276/895/276 110/112/110 111/113/111
f 276/895/276 111/113/111 368/407/368
f 276/895/276 368/407/368 680/900/680
f 533/601/533 681/901/681 356/902/356
f 533/601/533 356/902/356 532/903/532
f 533/601/533 532/903/532 534/602/534
f 356/902/356 681/901/681 682/904/682
f 356/902/356 682/904/682 357/905/357
f 633/819/633 404/447/404 400/442/400
f 633/819/633 400/442/400 399/441/399
f 679/893/679 530/892/530 531/906/531
f 531/906/531 541/907/541 679/893/679
f 574/908/574 566/909/566 565/910/565
f 574/908/574 565/910/565 567/866/567
f 574/908/574 567/866/567 678/865/678
f 450/500/450 449/499/449 575/786/575
f 450/500/450 575/786/575 574/911/574
f 450/500/450 574/911/574 678/857/678
f 418/465/418 236/250/236 235/249/235
f 418/465/418 235/249/235 120/793/120
f 418/465/418 120/793/120 119/912/119
f 418/465/418 119/912/119 668/913/668
f 570/914/570 569/915/569 419/466/419
f 570/914/570 419/466/419 668/913/668
f 570/914/570 668/913/668 470/916/470
f 570/914/570 470/916/470 469/917/469
f 570/914/570 469/917/469 550/918/550
f 570/914/570 550/918/550 552/919/552
f 568/920/568 420/467/420 419/466/419
f 568/920/568 419/466/419 569/915/569
f 542/921/542 470/916/470 668/913/668
f 637/729/637 641/733/641 612/695/612
f 637/729/637 612/695/612 611/694/611
f 637/729/637 611/694/611 644/739/644
f 637/729/637 644/739/644 683/922/683
f 579/658/579 580/659/580 545/923/545
f 579/658/579 545/923/545 64/924/64
f 579/658/579 64/924/64 63/925/63
f 579/658/579 63/925/63 512/926/512
f 579/658/579 512/926/512 537/927/537
f 579/658/579 537/927/537 684/928/684
f 577/929/577 684/928/684 537/927/537
f 577/929/577 537/927/537 536/930/536
f 684/928/684 577/929/577 578/931/578
f 578/931/578 584/932/584 684/928/684
f 676/826/676 322/825/322 321/933/321
f 676/826/676 321/933/321 529/934/529
f 676/826/676 529/934/529 179/935/179
f 179/935/179 529/934/529 497/936/497
f 179/935/179 497/936/497 180/937/180
f 627/938/627 629/939/629 648/940/648
f 627/938/627 648/940/648 649/941/649
f 627/938/627 649/941/649 669/942/669
f 669/942/669 651/749/651 639/731/639
f 669/942/669 639/731/639 640/732/640
f 669/942/669 640/732/640 626/709/626
f 669/942/669 626/709/626 625/708/625
f 669/942/669 625/708/625 622/705/622
f 669/942/669 622/705/622 623/706/623
f 669/942/669 623/706/623 646/741/646
f 669/942/669 646/741/646 609/692/609
f 669/942/669 609/692/609 608/691/608
f 669/942/669 608/691/608 635/725/635
f 669/942/669 635/725/635 636/726/636
f 669/942/669 636/726/636 650/746/650
f 669/942/669 650/746/650 631/714/631
f 669/942/669 631/714/631 630/713/630
f 669/942/669 630/713/630 643/738/643
f 669/942/669 643/738/643 292/751/292
f 669/942/669 292/751/292 284/943/284
f 656/944/656 655/945/655 685/946/685
f 616/699/616 624/707/624 667/947/667
f 667/947/667 653/753/653 620/703/620
f 620/703/620 615/698/615 667/947/667
f 572/651/572 223/235/223 682/948/682
f 572/651/572 682/948/682 681/949/681
f 572/651/572 681/949/681 585/665/585
f 682/948/682 223/235/223 222/234/222
f 684/950/684 455/951/455 454/952/454
f 684/928/684 454/953/454 494/954/494
f 684/928/684 494/954/494 579/658/579
f 579/658/579 494/954/494 439/489/439
f 579/658/579 439/489/439 438/488/438
f 439/489/439 494/954/494 516/955/516
f 439/489/439 516/955/516 448/498/448
f 54/956/54 53/957/53 514/958/514
f 54/956/54 514/958/514 581/661/581
f 54/956/54 581/661/581 437/660/437
f 54/959/54 437/487/437 436/486/436
f 54/959/54 436/486/436 448/498/448
f 54/959/54 448/498/448 516/955/516
f 54/959/54 516/955/516 495/960/495
f 54/959/54 495/960/495 453/961/453
f 54/959/54 453/961/453 452/853/452
f 54/959/54 452/853/452 559/859/559
f 679/962/679 416/463/416 415/462/415
f 679/893/679 415/472/415 423/471/423
f 679/893/679 423/471/423 593/675/593
f 593/675/593 423/471/423 373/414/373
f 593/675/593 373/414/373 372/413/372
f 373/414/373 423/471/423 508/567/508
f 373/414/373 508/567/508 509/572/509
f 421/468/421 420/467/420 568/920/568
f 421/468/421 568/920/568 94/963/94
f 421/468/421 94/963/94 93/964/93
f 421/468/421 93/964/93 526/965/526
f 421/468/421 526/965/526 592/674/592
f 421/468/421 592/674/592 375/416/375
f 421/468/421 375/416/375 374/415/374
f 421/468/421 374/415/374 509/571/509
f 421/468/421 509/571/509 508/568/508
f 421/468/421 508/568/508 422/470/422
f 658/762/658 683/966/683 305/325/305
f 658/762/658 305/325/305 304/324/304
f 658/762/658 304/324/304 230/244/230
f 230/244/230 304/324/304 231/245/231
f 658/839/658 638/730/638 637/729/637
f 637/729/637 683/922/683 658/839/658
f 660/771/660 27/967/27 33/968/33
f 660/771/660 33/968/33 331/969/331
f 660/771/660 331/969/331 332/766/332
f 332/766/332 331/969/331 333/970/333
f 27/967/27 660/771/660 685/946/685
f 660/771/660 657/971/657 656/944/656
f 656/944/656 685/946/685 660/771/660
f 686/972/686 371/973/371 369/974/369
f 686/972/686 369/974/369 347/975/347
f 686/972/686 347/975/347 184/976/184
f 686/977/686 184/978/184 183/979/183
f 686/977/686 183/979/183 687/980/687
f 296/981/296 200/982/200 5/983/5
f 296/981/296 5/983/5 4/984/4
f 296/981/296 4/984/4 84/985/84
f 296/981/296 84/985/84 686/972/686
f 296/981/296 686/972/686 687/986/687
f 445/495/445 444/494/444 405/899/405
f 445/495/445 405/899/405 407/987/407
f 445/495/445 407/987/407 408/988/408
f 445/495/445 408/988/408 547/989/547
f 378/419/378 377/418/377 458/809/458
f 378/419/378 458/809/458 457/990/457
f 378/419/378 457/990/457 460/991/460
f 378/419/378 460/991/460 564/992/564
f 278/764/278 277/993/277 659/765/659
f 661/774/661 595/773/595 271/994/271
f 271/994/271 270/995/270 661/774/661
f 679/962/679 541/996/541 540/997/540
f 540/997/540 539/998/539 679/962/679
f 342/375/342 346/379/346 370/411/370
f 342/375/342 370/411/370 394/435/394
f 342/375/342 394/435/394 688/999/688
f 342/375/342 688/999/688 674/828/674
f 688/1000/688 301/320/301 197/206/197
f 688/1000/688 197/206/197 199/208/199
f 688/1000/688 199/208/199 300/319/300
f 688/1000/688 300/319/300 571/649/571
f 688/1001/688 571/812/571 674/816/674
f 259/1002/259 258/1003/258 417/464/417
f 259/1002/259 417/464/417 416/463/416
f 259/1002/259 416/463/416 679/962/679
f 549/1004/549 260/1005/260 259/1002/259
f 549/1004/549 259/1002/259 679/962/679
f 549/1004/549 679/962/679 538/1006/538
f 538/1006/538 679/962/679 539/998/539
f 260/1005/260 549/1004/549 548/1007/548
f 684/950/684 584/1008/584 583/1009/583
f 684/950/684 583/1009/583 427/1010/427
f 684/950/684 427/1010/427 426/1011/426
f 601/1012/601 600/1013/600 456/1014/456
f 601/1012/601 456/1014/456 455/951/455
f 601/1012/601 455/951/455 684/950/684
f 425/1015/425 428/1016/428 435/1017/435
f 425/1015/425 435/1017/435 684/950/684
f 425/1015/425 684/950/684 426/1011/426
f 684/950/684 435/1017/435 601/1012/601
f 675/1021/675 647/1018/647 634/1019/634
f 634/1019/634 632/1020/632 675/1021/675
f 669/942/669 649/941/649 647/1018/647
f 647/1018/647 675/1021/675 669/942/669
f 617/700/617 618/701/618 672/811/672
f 672/811/672 667/947/667 624/707/624
f 624/707/624 617/700/617 672/811/672
f 480/531/480 381/422/381 380/421/380
f 480/531/480 380/421/380 431/1022/431
f 480/531/480 431/1022/431 430/1023/430
f 480/531/480 430/1023/430 429/1024/429
f 480/531/480 429/1024/429 131/1025/131
f 480/531/480 131/1025/131 42/1026/42
f 480/531/480 42/1026/42 41/1027/41
f 480/531/480 41/1027/41 663/804/663
f 172/1028/172 171/1029/171 663/779/663
f 533/601/533 442/492/442 441/491/441
f 533/601/533 441/491/441 360/1030/360
f 533/601/533 360/1030/360 359/1031/359
f 533/601/533 359/1031/359 362/1032/362
f 533/601/533 362/1032/362 164/1033/164
f 533/601/533 164/1033/164 162/1034/162
f 533/601/533 162/1034/162 161/1035/161
f 533/601/533 161/1035/161 681/901/681
f 587/667/587 586/666/586 681/949/681
f 586/666/586 585/665/585 681/949/681
f 171/1029/171 170/780/170 663/779/663
f 463/514/463 462/513/462 664/781/664
f 319/879/319 317/801/317 670/799/670
f 343/376/343 342/375/342 674/828/674
f 297/1036/297 296/981/296 687/986/687
f 526/965/526 527/1037/527 528/1038/528
f 526/965/526 528/1038/528 591/673/591
f 526/965/526 591/673/591 592/674/592
f 513/1039/513 515/1040/515 582/662/582
f 513/1039/513 582/662/582 581/661/581
f 513/1039/513 581/661/581 514/958/514
f 11/1041/11 10/833/10 672/835/672
f 11/1041/11 672/835/672 245/1042/245
f 682/948/682 222/234/222 211/233/211
f 682/948/682 211/233/211 210/1043/210
f 682/948/682 210/1043/210 665/1044/665
f 680/900/680 659/765/659 277/993/277
f 277/993/277 276/895/276 680/900/680
f 310/777/310 309/1045/309 461/821/461
f 310/777/310 461/821/461 250/265/250
f 310/777/310 250/265/250 249/264/249
f 310/777/310 249/264/249 662/778/662
f 671/810/671 661/774/661 270/995/270
f 270/995/270 269/805/269 671/810/671
f 395/436/395 351/389/351 350/388/350
f 395/436/395 350/388/350 493/876/493
f 395/436/395 493/876/493 675/820/675
f 671/1047/671 248/263/248 255/272/255
f 255/272/255 661/1046/661 671/1047/671
f 255/272/255 254/271/254 326/1048/326
f 255/272/255 326/1048/326 241/1049/241
f 255/272/255 241/1049/241 240/1050/240
f 255/272/255 240/1050/240 133/1051/133
f 255/272/255 133/1051/133 132/1052/132
f 255/272/255 132/1052/132 597/1053/597
f 255/272/255 597/1053/597 661/1046/661
f 659/1054/659 680/1055/680 665/1056/665
f 665/782/665 15/15/15 14/14/14
f 665/1056/665 14/139/14 135/138/135
f 665/1056/665 135/138/135 281/623/281
f 665/1056/665 281/623/281 280/1057/280
f 665/1056/665 280/1057/280 659/1054/659
f 387/1058/387 645/1059/645 657/971/657
f 387/1058/387 657/971/657 660/771/660
f 387/1058/387 660/771/660 383/1060/383
f 383/1060/383 660/771/660 384/884/384
f 645/1059/645 387/1058/387 386/1061/386
f 658/839/658 339/367/339 338/366/338
f 658/839/658 338/366/338 340/372/340
f 658/839/658 340/372/340 638/730/638
f 306/326/306 305/325/305 683/966/683
f 306/326/306 683/966/683 669/1062/669
f 306/326/306 669/1062/669 348/381/348
f 669/942/669 683/922/683 652/750/652
f 652/750/652 651/749/651 669/942/669
f 667/787/667 329/357/329 28/28/28
f 667/787/667 28/28/28 27/27/27
f 667/787/667 27/27/27 685/1063/685
f 667/1064/667 685/1065/685 30/30/30
f 667/1064/667 30/30/30 32/34/32
f 667/1064/667 32/34/32 654/1066/654
f 667/1064/667 654/1066/654 653/1067/653
f 654/1066/654 32/34/32 492/543/492
f 644/739/644 613/696/613 614/697/614
f 644/739/644 614/697/614 652/750/652
f 644/739/644 652/750/652 683/922/683
f 655/945/655 654/1066/654 492/543/492
f 655/945/655 492/543/492 31/545/31
f 655/945/655 31/545/31 30/1068/30
f 655/945/655 30/1068/30 685/946/685
f 687/986/687 673/815/673 298/814/298
f 298/814/298 297/1036/297 687/986/687
f 183/979/183 186/195/186 344/377/344
f 183/979/183 344/377/344 677/827/677
f 183/979/183 677/827/677 687/980/687
f 580/659/580 446/496/446 445/495/445
f 580/659/580 445/495/445 547/989/547
f 580/659/580 547/989/547 546/1069/546
f 580/659/580 546/1069/546 545/923/545
f 441/491/441 440/490/440 582/662/582
f 441/491/441 582/662/582 515/1040/515
f 441/491/441 515/1040/515 361/1070/361
f 441/491/441 361/1070/361 360/1030/360
f 379/420/379 378/419/378 564/992/564
f 379/420/379 564/992/564 563/1071/563
f 379/420/379 563/1071/563 562/887/562
f 379/420/379 562/887/562 594/676/594
f 591/673/591 528/1038/528 432/1072/432
f 591/673/591 432/1072/432 431/1022/431
f 591/673/591 431/1022/431 382/423/382
f 382/423/382 431/1022/431 380/421/380
f 688/999/688 79/81/79 78/80/78
f 688/999/688 78/80/78 486/537/486
f 688/999/688 486/537/486 485/536/485
f 688/999/688 485/536/485 664/781/664
f 664/781/664 665/782/665 688/999/688
f 670/799/670 253/798/253 252/267/252
f 252/267/252 686/972/686 670/799/670
f 686/972/686 473/1073/473 474/1074/474
f 686/972/686 474/1074/474 498/1075/498
f 686/972/686 498/1075/498 491/1076/491
f 686/972/686 491/1076/491 490/880/490
f 686/972/686 490/880/490 670/799/670
f 394/435/394 393/434/393 688/999/688
f 84/985/84 83/1077/83 686/972/686
f 80/82/80 79/81/79 688/999/688
f 80/82/80 688/999/688 393/434/393
f 82/1078/82 473/1073/473 686/972/686
f 82/1078/82 686/972/686 83/1077/83
f 419/466/419 418/465/418 668/913/668
f 233/247/233 417/464/417 258/1003/258
f 233/247/233 258/1003/258 257/759/257
f 233/247/233 257/759/257 232/246/232
f 600/1013/600 599/768/599 334/767/334
f 600/1013/600 334/767/334 335/1079/335
f 600/1013/600 335/1079/335 456/1014/456
f 451/501/451 450/500/450 678/857/678
f 615/698/615 616/699/616 667/947/667
f 284/943/284 283/1080/283 642/1081/642
f 284/943/284 642/1081/642 628/1082/628
f 284/943/284 628/1082/628 627/938/627
f 284/943/284 627/938/627 669/942/669
f 674/816/674 673/815/673 689/1083/689
f 673/815/673 687/986/687 689/1083/689
f 677/827/677 674/828/674 689/1084/689
f 687/980/687 677/827/677 689/1084/689
f 597/1053/597 596/1085/596 661/1046/661
f 663/804/663 41/1027/41 40/1086/40
f 40/1086/40 172/1087/172 663/804/663
f 280/1057/280 279/1088/279 659/1054/659
f 671/1047/671 662/778/662 249/264/249
f 249/264/249 248/263/248 671/1047/671
f 662/803/662 671/1089/671 605/1090/605
f 662/803/662 605/1090/605 604/686/604
f 662/803/662 604/686/604 479/530/479
f 662/803/662 479/530/479 478/529/478
f 681/901/681 161/1035/161 160/1091/160
f 160/1091/160 587/1092/587 681/901/681
f 680/1093/680 682/948/682 665/1044/665
f 114/116/114 113/115/113 534/602/534
f 114/116/114 534/602/534 532/903/532
f 114/116/114 532/903/532 368/409/368
f 368/409/368 532/903/532 358/1094/358
f 368/409/368 358/1094/358 357/1095/357
f 357/1095/357 682/1096/682 680/1097/680
f 357/1095/357 680/1097/680 368/409/368
f 179/935/179 178/1098/178 371/973/371
f 179/935/179 371/973/371 686/972/686
f 179/935/179 686/972/686 676/826/676
f 676/826/676 686/972/686 252/267/252
f 252/267/252 251/266/251 676/826/676
f 665/784/665 666/783/666 688/1000/688
f 688/1000/688 666/783/666 47/49/47
f 688/1000/688 47/49/47 46/48/46
f 688/1000/688 46/48/46 301/320/301

# Mesh
g Merged_PM3D_Cylinder3D1_2
usemtl Merged_PM3D_Cylinder3D1_2
f 690/1099/690 691/1100/691 692/1101/692
f 693/1102/693 694/1103/694 695/1104/695
f 696/1105/696 697/1106/697 698/1107/698
f 699/1108/699 700/1109/700 701/1110/701
f 702/1111/702 703/1112/703 704/1113/704
f 705/1114/705 706/1115/706 707/1116/707
f 708/1117/708 709/1118/709 710/1119/710
f 711/1120/711 712/1121/712 713/1122/713
f 714/1123/714 715/1124/715 716/1125/716
f 717/1126/717 718/1127/718 719/1128/719
f 720/1129/720 721/1130/721 722/1131/722
f 723/1132/723 724/1133/724 725/1134/725
f 726/1135/726 727/1136/727 728/1137/728
f 729/1138/729 730/1139/730 731/1140/731
f 732/1141/732 720/1129/720 722/1131/722
f 733/1142/733 734/1143/734 735/1144/735
f 736/1145/736 737/1146/737 738/1147/738
f 739/1148/739 740/1149/740 741/1150/741
f 742/1151/742 743/1152/743 739/1148/739
f 744/1153/744 745/1154/745 726/1135/726
f 746/1155/746 747/1156/747 748/1157/748
f 749/1158/749 750/1159/750 708/1117/708
f 751/1160/751 752/1161/752 753/1162/753
f 754/1163/754 755/1164/755 756/1165/756
f 757/1166/757 758/1167/758 759/1168/759
f 760/1169/760 761/1170/761 762/1171/762
f 763/1172/763 764/1173/764 765/1174/765
f 766/1175/766 743/1152/743 742/1151/742
f 767/1176/767 768/1177/768 769/1178/769
f 770/1179/770 771/1180/771 772/1181/772
f 737/1146/737 773/1182/773 738/1147/738
f 774/1183/774 773/1184/773 775/1185/775
f 776/1186/776 777/1187/777 778/1188/778
f 779/1189/779 780/1190/780 781/1191/781
f 782/1192/782 693/1193/693 783/1194/783
f 784/1195/784 785/1196/785 786/1197/786
f 731/1140/731 787/1198/787 788/1199/788
f 789/1200/789 712/1121/712 790/1201/790
f 791/1202/791 792/1203/792 793/1204/793
f 771/1180/771 694/1103/694 772/1181/772
f 794/1205/794 711/1120/711 713/1122/713
f 795/1206/795 796/1207/796 797/1208/797
f 776/1186/776 779/1189/779 781/1191/781
f 798/1209/798 799/1210/799 800/1211/800
f 801/1212/801 802/1213/802 803/1214/803
f 804/1215/804 805/1216/805 806/1217/806
f 807/1218/807 808/1219/808 809/1220/809
f 810/1221/810 694/1103/694 811/1222/811
f 812/1223/812 813/1224/813 814/1225/814
f 696/1105/696 815/1226/815 816/1227/816
f 770/1179/770 772/1181/772 817/1228/817
f 776/1186/776 818/1229/818 819/1230/819
f 820/1231/820 694/1103/694 821/1232/821
f 822/1233/822 823/1234/823 824/1235/824
f 825/1236/825 826/1237/826 827/1238/827
f 828/1239/828 829/1240/829 830/1241/830
f 831/1242/831 832/1243/832 690/1099/690
f 831/1242/831 694/1103/694 832/1243/832
f 833/1244/833 834/1245/834 835/1246/835
f 836/1247/836 837/1248/837 838/1249/838
f 839/1250/839 840/1251/840 841/1252/841
f 842/1253/842 843/1254/843 844/1255/844
f 845/1256/845 846/1257/846 847/1258/847
f 776/1186/776 845/1256/845 847/1258/847
f 776/1186/776 848/1259/848 849/1260/849
f 850/1261/850 851/1262/851 807/1218/807
f 852/1263/852 694/1103/694 853/1264/853
f 854/1265/854 855/1266/855 856/1267/856
f 857/1268/857 858/1269/858 859/1270/859
f 860/1271/860 861/1272/861 862/1273/862
f 863/1274/863 694/1275/694 864/1276/864
f 865/1277/865 768/1177/768 866/1278/866
f 867/1279/867 868/1280/868 869/1281/869
f 870/1282/870 871/1283/871 872/1284/872
f 873/1285/873 766/1286/766 874/1287/874
f 741/1150/741 875/1288/875 876/1289/876
f 877/1290/877 863/1274/863 864/1276/864
f 809/1220/809 878/1291/878 879/1292/879
f 880/1293/880 881/1294/881 882/1295/882
f 883/1296/883 704/1113/704 884/1297/884
f 776/1298/776 885/1299/885 886/1300/886
f 885/1299/885 887/1301/887 888/1302/888
f 841/1303/841 889/1304/889 890/1305/890
f 891/1306/891 892/1307/892 893/1308/893
f 894/1309/894 895/1310/895 896/1311/896
f 885/1299/885 888/1302/888 886/1312/886
f 897/1313/897 898/1314/898 899/1315/899
f 900/1316/900 901/1317/901 902/1318/902
f 903/1319/903 904/1320/904 905/1321/905
f 880/1293/880 882/1295/882 906/1322/906
f 907/1323/907 908/1324/908 909/1325/909
f 910/1326/910 911/1327/911 912/1328/912
f 913/1329/913 908/1324/908 914/1330/914
f 915/1331/915 916/1332/916 917/1333/917
f 918/1334/918 919/1335/919 920/1336/920
f 792/1203/792 694/1337/694 921/1338/921
f 922/1339/922 923/1340/923 924/1341/924
f 925/1342/925 926/1343/926 927/1344/927
f 928/1345/928 694/1337/694 929/1346/929
f 918/1334/918 694/1337/694 919/1335/919
f 930/1347/930 931/1348/931 932/1349/932
f 696/1105/696 933/1350/933 934/1351/934
f 935/1352/935 936/1353/936 937/1354/937
f 938/1355/938 939/1356/939 940/1357/940
f 941/1358/941 926/1343/926 925/1342/925
f 912/1328/912 911/1327/911 942/1359/942
f 943/1360/943 944/1361/944 945/1362/945
f 946/1363/946 947/1364/947 948/1365/948
f 949/1366/949 908/1324/908 913/1329/913
f 950/1367/950 951/1368/951 952/1369/952
f 891/1306/891 953/1370/953 892/1307/892
f 954/1371/954 955/1372/955 956/1373/956
f 836/1247/836 957/1374/957 958/1375/958
f 959/1376/959 960/1377/960 961/1378/961
f 696/1105/696 962/1379/962 963/1380/963
f 964/1381/964 916/1332/916 915/1331/915
f 722/1131/722 965/1382/965 966/1383/966
f 967/1384/967 718/1127/718 968/1385/968
f 857/1268/857 969/1386/969 858/1269/858
f 970/1387/970 971/1388/971 972/1389/972
f 973/1390/973 820/1391/820 974/1392/974
f 792/1203/792 921/1393/921 793/1204/793
f 975/1394/975 976/1395/976 977/1396/977
f 978/1397/978 717/1398/717 719/1399/719
f 970/1387/970 972/1389/972 979/1400/979
f 980/1401/980 813/1224/813 981/1402/981
f 848/1403/848 982/1404/982 849/1405/849
f 983/1406/983 984/1407/984 985/1408/985
f 818/1409/818 986/1410/986 819/1411/819
f 777/1412/777 987/1413/987 778/1414/778
f 988/1415/988 989/1416/989 990/1417/990
f 990/1417/990 991/1418/991 992/1419/992
f 993/1420/993 994/1421/994 995/1422/995
f 996/1423/996 997/1424/997 998/1425/998
f 999/1426/999 1000/1427/1000 761/1428/761
f 729/1138/729 1001/1429/1001 730/1139/730
f 860/1271/860 1002/1430/1002 1003/1431/1003
f 696/1105/696 1004/1432/1004 1005/1433/1005
f 1006/1434/1006 1007/1435/1007 1008/1436/1008
f 1009/1437/1009 842/1438/842 1010/1439/1010
f 1011/1440/1011 908/1441/908 1012/1442/1012
f 1013/1443/1013 1014/1444/1014 1015/1445/1015
f 838/1249/838 837/1248/837 1016/1446/1016
f 1017/1447/1017 955/1372/955 954/1371/954
f 924/1448/924 923/1449/923 1018/1450/1018
f 1019/1451/1019 908/1452/908 1014/1444/1014
f 1020/1453/1020 1021/1454/1021 1022/1455/1022
f 869/1281/869 868/1280/868 829/1240/829
f 1023/1456/1023 1024/1457/1024 1025/1458/1025
f 1026/1459/1026 1027/1460/1027 1028/1461/1028
f 1029/1462/1029 1030/1463/1030 1031/1464/1031
f 1030/1463/1030 1032/1465/1032 1033/1466/1033
f 720/1129/720 1034/1467/1034 721/1130/721
f 1035/1468/1035 1036/1469/1036 755/1164/755
f 1037/1470/1037 1038/1471/1038 1039/1472/1039
f 826/1473/826 1040/1474/1040 1041/1475/1041
f 1042/1476/1042 1020/1477/1020 1043/1478/1043
f 1044/1479/1044 960/1377/960 959/1376/959
f 1045/1480/1045 736/1145/736 763/1481/763
f 874/1482/874 1046/1483/1046 1047/1484/1047
f 1048/1485/1048 1049/1486/1049 1050/1487/1050
f 1051/1488/1051 700/1109/700 699/1108/699
f 852/1489/852 853/1264/853 1052/1490/1052
f 974/1392/974 820/1391/820 821/1491/821
f 746/1155/746 748/1157/748 1053/1492/1053
f 990/1417/990 989/1416/989 991/1418/991
f 877/1290/877 864/1276/864 1054/1493/1054
f 928/1345/928 1055/1494/1055 694/1337/694
f 1056/1495/1056 1057/1496/1057 1058/1497/1058
f 1059/1498/1059 1060/1499/1060 1061/1500/1061
f 1062/1501/1062 1063/1502/1063 1064/1503/1064
f 1065/1504/1065 1066/1505/1066 1067/1506/1067
f 1068/1507/1068 1069/1508/1069 1070/1509/1070
f 776/1510/776 1071/1511/1071 1068/1507/1068
f 982/1404/982 1072/1512/1072 849/1405/849
f 1071/1511/1071 1069/1508/1069 1068/1507/1068
f 1073/1513/1073 1074/1514/1074 1075/1515/1075
f 1076/1516/1076 811/1517/811 1077/1518/1077
f 1078/1519/1078 951/1368/951 950/1367/950
f 1079/1520/1079 1080/1521/1080 1081/1522/1081
f 716/1125/716 715/1124/715 1082/1523/1082
f 1083/1524/1083 788/1199/788 744/1153/744
f 1084/1525/1084 905/1321/905 1085/1526/1085
f 900/1316/900 902/1318/902 1086/1527/1086
f 1087/1528/1087 1088/1529/1088 1089/1530/1089
f 955/1531/955 1090/1532/1090 956/1533/956
f 710/1119/710 709/1118/709 757/1166/757
f 1091/1534/1091 999/1426/999 761/1428/761
f 1092/1535/1092 935/1352/935 1093/1536/1093
f 1094/1537/1094 900/1316/900 1086/1527/1086
f 1095/1538/1095 908/1324/908 1096/1539/1096
f 1097/1540/1097 908/1324/908 1098/1541/1098
f 709/1118/709 758/1167/758 757/1166/757
f 749/1158/749 966/1383/966 750/1159/750
f 1099/1542/1099 1100/1543/1100 1101/1544/1101
f 1101/1544/1101 1100/1543/1100 1102/1545/1102
f 1103/1546/1103 852/1489/852 1104/1547/1104
f 1105/1548/1105 974/1392/974 1063/1502/1063
f 728/1137/728 727/1136/727 751/1160/751
f 1106/1549/1106 1035/1468/1035 755/1164/755
f 894/1309/894 896/1311/896 1107/1550/1107
f 776/1298/776 894/1551/894 1107/1552/1107
f 731/1140/731 730/1139/730 787/1198/787
f 789/1200/789 1108/1553/1108 712/1121/712
f 1109/1554/1109 1110/1555/1110 1111/1556/1111
f 1112/1557/1112 1113/1558/1113 1114/1559/1114
f 1099/1542/1099 1115/1560/1115 1100/1543/1100
f 1116/1561/1116 729/1138/729 731/1140/731
f 747/1156/747 749/1158/749 748/1157/748
f 1117/1562/1117 966/1383/966 749/1158/749
f 825/1236/825 827/1238/827 1118/1563/1118
f 903/1319/903 899/1315/899 904/1320/904
f 818/1409/818 1119/1564/1119 986/1410/986
f 846/1257/846 1120/1565/1120 847/1258/847
f 766/1175/766 716/1125/716 1121/1566/1121
f 765/1174/765 1122/1567/1122 1123/1568/1123
f 1124/1569/1124 1125/1570/1125 1126/1571/1126
f 1127/1572/1127 1110/1555/1110 1109/1554/1109
f 727/1136/727 752/1161/752 751/1160/751
f 744/1153/744 788/1199/788 745/1154/745
f 1128/1573/1128 1129/1574/1129 1130/1575/1130
f 1130/1575/1130 1131/1576/1131 1132/1577/1132
f 777/1412/777 1133/1578/1133 987/1413/987
f 984/1407/984 1029/1462/1029 1031/1464/1031
f 1134/1579/1134 1135/1580/1135 1136/1581/1136
f 710/1119/710 757/1166/757 1091/1534/1091
f 1137/1582/1137 1138/1583/1138 1139/1584/1139
f 1140/1585/1140 1141/1586/1141 1142/1587/1142
f 1143/1588/1143 1144/1589/1144 1145/1590/1145
f 1146/1591/1146 1144/1589/1144 1147/1592/1147
f 967/1384/967 1148/1593/1148 718/1127/718
f 722/1131/722 721/1130/721 965/1382/965
f 1149/1594/1149 1150/1595/1150 1151/1596/1151
f 938/1355/938 1152/1597/1152 939/1356/939
f 1141/1586/1141 1153/1598/1153 1154/1599/1154
f 1155/1600/1155 1156/1601/1156 1157/1602/1157
f 755/1164/755 1036/1469/1036 1034/1467/1034
f 1034/1467/1034 1158/1603/1158 1159/1604/1159
f 896/1605/896 1160/1606/1160 1161/1607/1161
f 1162/1608/1162 1163/1609/1163 1164/1610/1164
f 1165/1611/1165 1028/1461/1028 1166/1612/1166
f 1167/1613/1167 1168/1614/1168 867/1615/867
f 1036/1469/1036 1158/1603/1158 1034/1467/1034
f 752/1161/752 1169/1616/1169 753/1162/753
f 1170/1617/1170 1062/1618/1062 1064/1619/1064
f 1171/1620/1171 1172/1621/1172 1173/1622/1173
f 1174/1623/1174 1175/1624/1175 1176/1625/1176
f 1058/1497/1058 1059/1498/1059 1061/1500/1061
f 1170/1617/1170 1064/1619/1064 1177/1626/1177
f 1160/1606/1160 1170/1617/1170 1161/1607/1161
f 869/1281/869 829/1240/829 828/1239/828
f 935/1352/935 1178/1627/1178 936/1353/936
f 1179/1628/1179 1180/1629/1180 705/1114/705
f 1039/1472/1039 1038/1471/1038 1181/1630/1181
f 1093/1536/1093 935/1352/935 937/1354/937
f 943/1360/943 945/1362/945 1182/1631/1182
f 707/1116/707 706/1115/706 1183/1632/1183
f 1166/1612/1166 1184/1633/1184 1185/1634/1185
f 699/1108/699 701/1110/701 1186/1635/1186
f 1187/1636/1187 1188/1637/1188 1189/1638/1189
f 1190/1639/1190 760/1169/760 1191/1640/1191
f 1136/1581/1136 1135/1580/1135 1192/1641/1192
f 761/1170/761 1000/1642/1000 1001/1429/1001
f 1001/1429/1001 1193/1643/1193 1194/1644/1194
f 1195/1645/1195 1196/1646/1196 1197/1647/1197
f 930/1347/930 981/1402/981 1198/1648/1198
f 1000/1642/1000 1193/1643/1193 1001/1429/1001
f 758/1167/758 1199/1649/1199 759/1168/759
f 1200/1650/1200 1201/1651/1201 1202/1652/1202
f 1203/1653/1203 1204/1654/1204 1205/1655/1205
f 1206/1656/1206 857/1268/857 1207/1657/1207
f 1207/1657/1207 857/1268/857 859/1270/859
f 691/1658/691 694/1103/694 1208/1659/1208
f 692/1101/692 691/1100/691 1208/1660/1208
f 1069/1661/1069 1140/1585/1140 1142/1587/1142
f 1071/1511/1071 1209/1662/1209 1069/1508/1069
f 1210/1663/1210 1211/1664/1211 1212/1665/1212
f 1212/1665/1212 1211/1664/1211 1213/1666/1213
f 1214/1667/1214 1215/1668/1215 1216/1669/1216
f 1215/1670/1215 694/1103/694 1216/1671/1216
f 1115/1560/1115 744/1153/744 1100/1543/1100
f 1100/1543/1100 744/1153/744 726/1135/726
f 1150/1595/1150 1217/1672/1217 1006/1434/1006
f 1218/1673/1218 835/1246/835 843/1674/843
f 1133/1578/1133 1029/1462/1029 987/1413/987
f 986/1410/986 1219/1675/1219 1220/1676/1220
f 884/1297/884 898/1314/898 897/1313/897
f 1174/1623/1174 1176/1625/1176 1221/1677/1221
f 982/1404/982 1222/1678/1222 1223/1679/1223
f 984/1407/984 1031/1464/1031 985/1408/985
f 1220/1676/1220 1224/1680/1224 1225/1681/1225
f 1219/1675/1219 1226/1682/1226 1220/1676/1220
f 1227/1683/1227 1228/1684/1228 1229/1685/1229
f 1229/1685/1229 1228/1684/1228 1230/1686/1230
f 776/1298/776 799/1210/799 798/1209/798
f 786/1197/786 865/1687/865 866/1688/866
f 1061/1500/1061 1060/1499/1060 1231/1689/1231
f 1232/1690/1232 1233/1691/1233 1234/1692/1234
f 1076/1516/1076 810/1693/810 811/1517/811
f 693/1193/693 695/1694/695 783/1194/783
f 748/1157/748 749/1158/749 708/1117/708
f 1053/1492/1053 748/1157/748 1235/1695/1235
f 1124/1569/1124 1236/1696/1236 1125/1570/1125
f 1237/1697/1237 908/1452/908 1238/1698/1238
f 776/1186/776 983/1699/983 1239/1700/1239
f 983/1406/983 985/1408/985 1239/1701/1239
f 989/1416/989 1240/1702/1240 991/1418/991
f 1240/1702/1240 1241/1703/1241 747/1156/747
f 980/1401/980 981/1402/981 930/1347/930
f 696/1105/696 816/1227/816 933/1350/933
f 1242/1704/1242 1243/1705/1243 978/1397/978
f 1243/1705/1243 717/1398/717 978/1397/978
f 1244/1706/1244 908/1441/908 1245/1707/1245
f 1246/1708/1246 942/1359/942 1247/1709/1247
f 839/1250/839 1248/1710/1248 840/1251/840
f 995/1422/995 994/1421/994 1249/1711/1249
f 1130/1575/1130 1132/1577/1132 1250/1712/1250
f 804/1215/804 917/1333/917 805/1216/805
f 879/1292/879 1137/1713/1137 1251/1714/1251
f 1141/1586/1141 1252/1715/1252 1153/1598/1153
f 1030/1463/1030 1253/1716/1253 1032/1465/1032
f 1224/1680/1224 1254/1717/1254 1225/1681/1225
f 1255/1718/1255 943/1360/943 1182/1631/1182
f 880/1293/880 1256/1719/1256 881/1294/881
f 1257/1720/1257 997/1424/997 996/1423/996
f 1232/1690/1232 1258/1721/1258 1233/1691/1233
f 1253/1722/1253 1259/1723/1259 1032/1724/1032
f 808/1725/808 1260/1726/1260 1261/1727/1261
f 1155/1600/1155 1157/1602/1157 1262/1728/1262
f 1263/1729/1263 1264/1730/1264 1265/1731/1265
f 1266/1732/1266 1267/1733/1267 1268/1734/1268
f 728/1137/728 751/1160/751 1106/1549/1106
f 1263/1729/1263 1265/1731/1265 1269/1735/1269
f 1270/1736/1270 1271/1737/1271 1272/1738/1272
f 1079/1520/1079 1081/1522/1081 1051/1488/1051
f 696/1105/696 698/1107/698 1273/1739/1273
f 1274/1740/1274 1275/1741/1275 1276/1742/1276
f 1171/1620/1171 1173/1622/1173 1277/1743/1277
f 1278/1744/1278 1262/1728/1262 768/1177/768
f 768/1177/768 1263/1729/1263 769/1178/769
f 870/1282/870 872/1284/872 1279/1745/1279
f 1280/1746/1280 870/1282/870 1057/1496/1057
f 1281/1747/1281 1276/1742/1276 1282/1748/1282
f 1283/1749/1283 1284/1750/1284 1285/1751/1285
f 1282/1748/1282 1286/1752/1286 1287/1753/1287
f 1276/1754/1276 1288/1755/1288 1289/1756/1289
f 1084/1525/1084 903/1319/903 905/1321/905
f 1176/1625/1176 1290/1757/1290 1221/1677/1221
f 1085/1526/1085 1291/1758/1291 900/1759/900
f 1291/1758/1291 1292/1760/1292 900/1759/900
f 880/1293/880 1293/1761/1293 1256/1762/1256
f 880/1293/880 906/1322/906 1294/1763/1294
f 1246/1708/1246 1247/1709/1247 941/1358/941
f 1205/1655/1205 1204/1654/1204 1201/1651/1201
f 1112/1557/1112 1295/1764/1295 1113/1558/1113
f 1296/1765/1296 1018/1450/1018 1297/1766/1297
f 1298/1767/1298 754/1163/754 1299/1768/1299
f 1268/1734/1268 1267/1733/1267 1300/1769/1300
f 1301/1770/1301 800/1211/800 1302/1771/1302
f 776/1298/776 1301/1770/1301 1302/1771/1302
f 1205/1655/1205 1201/1651/1201 1200/1650/1200
f 1186/1635/1186 701/1110/701 1303/1772/1303
f 1046/1773/1046 736/1145/736 1045/1480/1045
f 1046/1773/1046 990/1417/990 992/1419/992
f 750/1159/750 1304/1774/1304 1305/1775/1305
f 1304/1774/1304 1306/1776/1306 1305/1775/1305
f 865/1277/865 1278/1744/1278 768/1177/768
f 1069/1661/1069 1142/1587/1142 1070/1777/1070
f 750/1159/750 975/1394/975 1307/1778/1307
f 975/1394/975 977/1396/977 1307/1778/1307
f 1308/1779/1308 1309/1780/1309 794/1205/794
f 1309/1780/1309 711/1120/711 794/1205/794
f 1183/1632/1183 1310/1781/1310 1311/1782/1311
f 1248/1710/1248 1312/1783/1312 1313/1784/1313
f 745/1154/745 1314/1785/1314 1315/1786/1315
f 1314/1785/1314 1316/1787/1316 1315/1786/1315
f 1317/1788/1317 1310/1781/1310 1318/1789/1318
f 1179/1628/1179 1319/1790/1319 1180/1629/1180
f 745/1154/745 795/1206/795 1320/1791/1320
f 795/1206/795 797/1208/797 1320/1791/1320
f 998/1425/998 1321/1792/1321 1322/1793/1322
f 1323/1794/1323 1088/1529/1088 1087/1528/1087
f 1324/1795/1324 908/1324/908 949/1366/949
f 858/1269/858 1325/1796/1325 1326/1797/1326
f 1283/1749/1283 1285/1751/1285 1226/1682/1226
f 1224/1680/1224 1327/1798/1327 1254/1717/1254
f 715/1124/715 1328/1799/1328 1082/1523/1082
f 1328/1799/1328 1329/1800/1329 1115/1560/1115
f 1219/1675/1219 1283/1749/1283 1226/1682/1226
f 1330/1801/1330 1282/1748/1282 1331/1802/1331
f 834/1245/834 1332/1803/1332 835/1246/835
f 1311/1782/1311 1310/1781/1310 1317/1788/1317
f 823/1234/823 1330/1801/1330 824/1235/824
f 846/1257/846 1330/1801/1330 1331/1802/1331
f 756/1165/756 755/1164/755 720/1129/720
f 755/1164/755 1034/1467/1034 720/1129/720
f 1288/1755/1288 856/1267/856 1289/1756/1289
f 1289/1756/1289 770/1179/770 817/1228/817
f 1181/1630/1181 1333/1804/1333 1334/1805/1334
f 1335/1806/1335 1027/1460/1027 1026/1459/1026
f 1336/1807/1336 1065/1808/1065 1337/1809/1337
f 1337/1810/1337 1065/1504/1065 1067/1506/1067
f 1260/1726/1260 1076/1516/1076 1077/1518/1077
f 1338/1811/1338 783/1194/783 1259/1723/1259
f 846/1257/846 1331/1802/1331 1120/1565/1120
f 1119/1564/1119 1219/1675/1219 986/1410/986
f 895/1812/895 1160/1606/1160 896/1605/896
f 887/1813/887 1337/1809/1337 888/1814/888
f 743/1152/743 1146/1591/1146 1147/1592/1147
f 716/1125/716 1082/1523/1082 1121/1566/1121
f 1266/1732/1266 1102/1545/1102 1267/1733/1267
f 1101/1544/1101 1102/1545/1102 1266/1732/1266
f 1134/1579/1134 1235/1815/1235 1135/1580/1135
f 1053/1492/1053 1235/1695/1235 1134/1816/1134
f 1339/1817/1339 1295/1764/1295 1112/1557/1112
f 1003/1818/1003 1002/1819/1002 1340/1820/1340
f 1341/1821/1341 694/1337/694 1342/1822/1342
f 1341/1823/1341 1342/1824/1342 973/1825/973
f 1038/1471/1038 1333/1804/1333 1181/1630/1181
f 1088/1529/1088 890/1826/890 1089/1530/1089
f 1118/1563/1118 1167/1613/1167 867/1615/867
f 1291/1758/1291 904/1320/904 1292/1760/1292
f 1343/1827/1343 1241/1703/1241 1240/1702/1240
f 1298/1767/1298 1299/1768/1299 1343/1827/1343
f 1278/1744/1278 1155/1600/1155 1262/1728/1262
f 1142/1587/1142 1141/1586/1141 1154/1599/1154
f 1344/1828/1344 801/1212/801 803/1214/803
f 696/1105/696 934/1351/934 1345/1829/1345
f 1270/1736/1270 1272/1738/1272 1346/1830/1346
f 1065/1504/1065 1347/1831/1347 1066/1505/1066
f 1138/1583/1138 1075/1832/1075 1139/1584/1139
f 1139/1833/1139 877/1290/877 1054/1493/1054
f 1035/1468/1035 753/1162/753 1036/1469/1036
f 753/1162/753 1158/1603/1158 1036/1469/1036
f 762/1171/762 761/1170/761 729/1138/729
f 761/1170/761 1001/1429/1001 729/1138/729
f 887/1813/887 1336/1807/1336 1337/1809/1337
f 799/1834/799 769/1178/769 800/1835/800
f 1252/1836/1252 1139/1584/1139 1153/1837/1153
f 1153/1837/1153 1139/1584/1139 1348/1838/1348
f 1349/1839/1349 908/1324/908 1350/1840/1350
f 1297/1766/1297 1018/1450/1018 971/1388/971
f 1207/1657/1207 859/1270/859 1351/1841/1351
f 931/1348/931 1352/1842/1352 801/1212/801
f 855/1266/855 694/1103/694 1353/1843/1353
f 855/1266/855 1353/1843/1353 856/1267/856
f 1354/1844/1354 1329/1800/1329 1328/1799/1328
f 1190/1639/1190 1191/1640/1191 1354/1844/1354
f 769/1178/769 1263/1729/1263 1269/1735/1269
f 1336/1807/1336 1270/1736/1270 1346/1830/1346
f 1222/1678/1222 807/1218/807 1223/1679/1223
f 1140/1585/1140 879/1292/879 1251/1714/1251
f 1355/1845/1355 1274/1740/1274 1330/1801/1330
f 1330/1801/1330 1281/1747/1281 1282/1748/1282
f 1241/1703/1241 1117/1562/1117 747/1156/747
f 747/1156/747 1117/1562/1117 749/1158/749
f 692/1101/692 1208/1660/1208 1356/1846/1356
f 1357/1847/1357 692/1101/692 1358/1848/1358
f 1139/1833/1139 1054/1493/1054 1348/1849/1348
f 1359/1850/1359 928/1345/928 929/1346/929
f 982/1404/982 1223/1679/1223 1072/1512/1072
f 1209/1851/1209 1140/1585/1140 1069/1661/1069
f 1329/1800/1329 1083/1524/1083 1115/1560/1115
f 1115/1560/1115 1083/1524/1083 744/1153/744
f 999/1426/999 759/1168/759 1000/1427/1000
f 759/1168/759 1193/1852/1193 1000/1427/1000
f 1253/1722/1253 1338/1811/1338 1259/1723/1259
f 1327/1853/1327 1358/1848/1358 1254/1854/1254
f 1172/1855/1172 1063/1502/1063 1360/1856/1360
f 1063/1502/1063 1103/1546/1103 1104/1547/1104
f 945/1362/945 944/1361/944 871/1283/871
f 940/1357/940 957/1374/957 836/1247/836
f 1361/1857/1361 1013/1858/1013 1015/1859/1015
f 1127/1572/1127 1362/1860/1362 1110/1555/1110
f 1062/1501/1062 1105/1548/1105 1063/1502/1063
f 1347/1861/1347 1363/1862/1363 1066/1863/1066
f 1031/1464/1031 1030/1463/1030 1033/1466/1033
f 1222/1678/1222 850/1261/850 807/1218/807
f 826/1473/826 1041/1475/1041 827/1864/827
f 1167/1865/1167 1165/1611/1165 1166/1612/1166
f 1105/1548/1105 973/1390/973 974/1392/974
f 1364/1866/1364 793/1204/793 1363/1867/1363
f 1156/1868/1156 1348/1838/1348 1157/1869/1157
f 1365/1870/1365 1359/1871/1359 1366/1872/1366
f 823/1234/823 1355/1845/1355 1330/1801/1330
f 1163/1609/1163 1161/1607/1161 1164/1610/1164
f 776/1298/776 767/1873/767 799/1210/799
f 767/1176/767 769/1178/769 799/1834/799
f 1357/1847/1357 690/1099/690 692/1101/692
f 1367/1874/1367 1368/1875/1368 1357/1847/1357
f 1042/1476/1042 1043/1478/1043 1369/1876/1369
f 868/1877/868 1370/1878/1370 829/1879/829
f 1158/1603/1158 1371/1880/1371 1159/1604/1159
f 1159/1604/1159 1371/1880/1371 967/1384/967
f 1366/1881/1366 918/1334/918 920/1336/920
f 1359/1850/1359 929/1346/929 1366/1881/1366
f 1327/1853/1327 1357/1847/1357 1358/1848/1358
f 1284/1882/1284 1357/1847/1357 1285/1883/1285
f 708/1117/708 1242/1704/1242 709/1118/709
f 1242/1704/1242 978/1397/978 709/1118/709
f 1167/1865/1167 1166/1612/1166 1168/1884/1168
f 1168/1884/1168 1023/1456/1023 1025/1458/1025
f 1016/1885/1016 993/1420/993 995/1422/995
f 1258/1886/1258 1257/1720/1257 1233/1887/1233
f 726/1135/726 1308/1779/1308 727/1136/727
f 1308/1779/1308 794/1205/794 727/1136/727
f 1264/1888/1264 1366/1872/1366 1265/1889/1265
f 1265/1889/1265 1366/1872/1366 1372/1890/1372
f 1193/1891/1193 1373/1892/1373 1194/1893/1194
f 1194/1893/1194 1373/1892/1373 789/1200/789
f 1355/1845/1355 1171/1620/1171 1277/1743/1277
f 1161/1607/1161 1170/1617/1170 1177/1626/1177
f 1370/1878/1370 1369/1876/1369 829/1879/829
f 829/1879/829 1369/1876/1369 830/1894/830
f 1271/1895/1271 1372/1890/1372 1272/1896/1272
f 1347/1861/1347 1364/1897/1364 1363/1862/1363
f 822/1233/822 824/1235/824 1374/1898/1374
f 776/1186/776 822/1233/822 1374/1898/1374
f 837/1899/837 993/1420/993 1016/1885/1016
f 1375/1900/1375 1007/1901/1007 1009/1437/1009
f 937/1354/937 947/1364/947 946/1363/946
f 1255/1718/1255 937/1354/937 946/1363/946
f 954/1371/954 1376/1902/1376 1377/1903/1377
f 884/1297/884 704/1113/704 898/1314/898
f 1260/1726/1260 1077/1518/1077 1261/1727/1261
f 1138/1583/1138 1073/1904/1073 1075/1832/1075
f 1313/1784/1313 1317/1788/1317 1318/1789/1318
f 841/1252/841 840/1251/840 889/1905/889
f 1288/1755/1288 854/1265/854 856/1267/856
f 1063/1502/1063 1104/1547/1104 1360/1856/1360
f 809/1906/809 1261/1727/1261 878/1907/878
f 808/1725/808 1261/1727/1261 809/1906/809
f 1275/1908/1275 1288/1755/1288 1276/1754/1276
f 1172/1855/1172 1360/1856/1360 1173/1909/1173
f 1338/1811/1338 782/1192/782 783/1194/783
f 1358/1848/1358 692/1101/692 1356/1846/1356
f 1378/1910/1378 1046/1773/1046 1379/1911/1379
f 1378/1912/1378 1379/1913/1379 1380/1914/1380
f 1286/1915/1286 1289/1756/1289 1287/1916/1287
f 1284/1882/1284 1367/1874/1367 1357/1847/1357
f 910/1326/910 952/1369/952 911/1327/911
f 911/1917/911 913/1918/913 914/1919/914
f 1197/1647/1197 969/1386/969 857/1268/857
f 1206/1656/1206 1197/1647/1197 857/1268/857
f 1364/1866/1364 791/1202/791 793/1204/793
f 1366/1881/1366 920/1336/920 1372/1920/1372
f 988/1415/988 1298/1767/1298 1343/1827/1343
f 1144/1589/1144 1268/1734/1268 1145/1590/1145
f 1015/1445/1015 1095/1538/1095 923/1921/923
f 923/1921/923 1095/1538/1095 1096/1539/1096
f 714/1123/714 1190/1639/1190 1354/1844/1354
f 773/1184/773 1136/1581/1136 775/1185/775
f 972/1922/972 1097/1540/1097 1098/1541/1098
f 979/1400/979 972/1389/972 1381/1923/1381
f 1382/1924/1382 810/1693/810 1076/1516/1076
f 1259/1723/1259 1382/1924/1382 1076/1516/1076
f 723/1132/723 1145/1590/1145 724/1133/724
f 1145/1590/1145 1383/1925/1383 724/1133/724
f 1384/1926/1384 1151/1596/1151 939/1927/939
f 940/1357/940 939/1356/939 957/1374/957
f 733/1142/733 775/1185/775 734/1143/734
f 775/1185/775 1385/1928/1385 734/1143/734
f 1348/1849/1348 1054/1493/1054 1386/1929/1386
f 1054/1493/1054 1055/1494/1055 1386/1929/1386
f 1135/1580/1135 1091/1930/1091 1192/1641/1192
f 1192/1641/1192 1091/1930/1091 761/1170/761
f 1133/1578/1133 1220/1676/1220 1029/1462/1029
f 1220/1676/1220 1225/1681/1225 1029/1462/1029
f 920/1336/920 919/1335/919 1387/1931/1387
f 919/1335/919 694/1337/694 1387/1931/1387
f 874/1932/874 1388/1933/1388 1389/1934/1389
f 874/1932/874 766/1175/766 1388/1933/1388
f 1235/1815/1235 710/1935/710 1135/1580/1135
f 1135/1580/1135 710/1935/710 1091/1930/1091
f 1267/1733/1267 1106/1549/1106 1300/1769/1300
f 1300/1769/1300 1106/1549/1106 755/1164/755
f 920/1336/920 1387/1931/1387 1390/1936/1390
f 1372/1920/1372 920/1336/920 1390/1936/1390
f 1102/1545/1102 728/1137/728 1267/1733/1267
f 1267/1733/1267 728/1137/728 1106/1549/1106
f 966/1383/966 965/1382/965 1304/1774/1304
f 966/1383/966 1304/1774/1304 750/1159/750
f 1293/1761/1293 1092/1937/1092 1256/1762/1256
f 1085/1526/1085 900/1759/900 1094/1938/1094
f 1391/1939/1391 1223/1679/1223 1140/1585/1140
f 1223/1679/1223 879/1292/879 1140/1585/1140
f 786/1197/786 866/1688/866 1392/1940/1392
f 776/1510/776 784/1195/784 786/1197/786
f 1393/1941/1393 860/1271/860 1003/1431/1003
f 812/1223/812 1003/1818/1003 1394/1942/1394
f 1363/1862/1363 1395/1943/1395 973/1390/973
f 1395/1944/1395 1341/1823/1341 973/1825/973
f 1396/1945/1396 1040/1946/1040 826/1947/826
f 893/1308/893 892/1307/892 826/1237/826
f 813/1224/813 1397/1948/1397 1398/1949/1398
f 1003/1818/1003 1340/1820/1340 1394/1942/1394
f 788/1199/788 787/1198/787 1314/1785/1314
f 788/1199/788 1314/1785/1314 745/1154/745
f 800/1835/800 769/1178/769 1336/1807/1336
f 769/1178/769 1270/1736/1270 1336/1807/1336
f 986/1410/986 1220/1676/1220 1399/1950/1399
f 819/1411/819 986/1410/986 1399/1950/1399
f 1164/1610/1164 1355/1845/1355 780/1190/780
f 779/1189/779 1164/1610/1164 780/1190/780
f 1360/1856/1360 1052/1490/1052 854/1265/854
f 1052/1490/1052 855/1266/855 854/1265/854
f 753/1162/753 1169/1616/1169 1158/1603/1158
f 1169/1616/1169 1371/1880/1371 1158/1603/1158
f 985/1408/985 1222/1678/1222 1400/1951/1400
f 985/1408/985 1400/1951/1400 1401/1952/1401
f 737/1146/737 1402/1953/1402 773/1182/773
f 1403/1954/1403 1404/1955/1404 737/1146/737
f 1367/1874/1367 817/1228/817 1368/1875/1368
f 817/1228/817 831/1242/831 1368/1875/1368
f 1249/1711/1249 1405/1956/1405 1321/1792/1321
f 997/1424/997 1321/1792/1321 998/1425/998
f 1164/1610/1164 1161/1607/1161 1355/1845/1355
f 1161/1607/1161 1171/1620/1171 1355/1845/1355
f 849/1405/849 1391/1939/1391 1406/1957/1406
f 776/1510/776 849/1958/849 1406/1959/1406
f 759/1168/759 1199/1649/1199 1193/1852/1193
f 1199/1960/1199 1373/1892/1373 1193/1891/1193
f 1225/1681/1225 1407/1961/1407 1408/1962/1408
f 1029/1462/1029 1225/1681/1225 1408/1962/1408
f 1152/1963/1152 1384/1926/1384 939/1927/939
f 830/1894/830 1044/1479/1044 959/1376/959
f 1049/1486/1049 1080/1521/1080 1079/1520/1079
f 803/1214/803 802/1213/802 1409/1964/1409
f 1061/1500/1061 1231/1689/1231 702/1111/702
f 1058/1497/1058 1061/1500/1061 1175/1624/1175
f 813/1224/813 1398/1949/1398 981/1402/981
f 981/1402/981 1410/1965/1410 1198/1648/1198
f 864/1276/864 694/1275/694 1055/1966/1055
f 1054/1493/1054 864/1276/864 1055/1494/1055
f 1146/1591/1146 1411/1967/1411 1144/1589/1144
f 1412/1968/1412 1413/1969/1413 1146/1591/1146
f 707/1970/707 1414/1971/1414 1185/1634/1185
f 1024/1457/1024 1020/1477/1020 1042/1476/1042
f 766/1175/766 1412/1968/1412 743/1152/743
f 1412/1968/1412 1146/1591/1146 743/1152/743
f 1046/1773/1046 1403/1954/1403 736/1145/736
f 1403/1954/1403 737/1146/737 736/1145/736
f 953/1972/953 1037/1470/1037 1039/1472/1039
f 956/1533/956 1323/1794/1323 1087/1528/1087
f 775/1185/775 1136/1581/1136 1385/1928/1385
f 1136/1581/1136 1192/1641/1192 1385/1928/1385
f 1145/1590/1145 1268/1734/1268 1383/1925/1383
f 1268/1734/1268 1300/1769/1300 1383/1925/1383
f 835/1246/835 1332/1803/1332 1312/1783/1312
f 1312/1783/1312 1317/1788/1317 1313/1784/1313
f 1370/1878/1370 1042/1476/1042 1369/1876/1369
f 1025/1458/1025 1024/1457/1024 1042/1476/1042
f 915/1331/915 917/1333/917 804/1215/804
f 1415/1973/1415 915/1331/915 1416/1974/1416
f 1178/1627/1178 869/1281/869 828/1239/828
f 902/1318/902 867/1279/867 869/1281/869
f 1162/1608/1162 1164/1610/1164 779/1189/779
f 776/1186/776 1162/1608/1162 779/1189/779
f 1214/1667/1214 1216/1669/1216 1073/1904/1073
f 1261/1727/1261 1214/1667/1214 1073/1904/1073
f 741/1150/741 740/1149/740 875/1288/875
f 875/1288/875 725/1134/725 988/1415/988
f 1292/1760/1292 1118/1563/1118 867/1615/867
f 901/1317/901 867/1279/867 902/1318/902
f 765/1174/765 764/1173/764 1122/1567/1122
f 1122/1567/1122 735/1144/735 714/1123/714
f 1417/1975/1417 964/1381/964 1418/1976/1418
f 1418/1976/1418 964/1381/964 915/1331/915
f 1419/1977/1419 990/1417/990 1046/1773/1046
f 874/1482/874 1389/1978/1389 1046/1483/1046
f 706/1115/706 1310/1781/1310 1183/1632/1183
f 1319/1790/1319 1420/1979/1420 1180/1629/1180
f 1421/1980/1421 699/1108/699 1188/1981/1188
f 1188/1981/1188 699/1108/699 1186/1635/1186
f 1422/1982/1422 1336/1807/1336 887/1813/887
f 1302/1771/1302 1422/1983/1422 887/1301/887
f 785/1984/785 1278/1744/1278 865/1277/865
f 785/1196/785 865/1687/865 786/1197/786
f 816/1227/816 980/1985/980 933/1986/933
f 815/1226/815 814/1987/814 816/1227/816
f 1184/1633/1184 707/1970/707 1185/1634/1185
f 1027/1460/1027 707/1970/707 1028/1461/1028
f 1423/1988/1423 716/1125/716 766/1175/766
f 1378/1989/1378 1380/1990/1380 766/1286/766
f 1282/1748/1282 1287/1753/1287 1424/1991/1424
f 1331/1802/1331 1282/1748/1282 1424/1991/1424
f 1425/1992/1425 746/1155/746 1053/1492/1053
f 1402/1953/1402 1053/1492/1053 1134/1816/1134
f 796/1993/796 789/1200/789 797/1208/797
f 1194/1893/1194 789/1200/789 1316/1994/1316
f 1254/1854/1254 1358/1848/1358 1407/1995/1407
f 1225/1681/1225 1254/1717/1254 1407/1961/1407
f 1073/1513/1073 1216/1996/1216 1074/1514/1074
f 1216/1996/1216 694/1275/694 1074/1514/1074
f 912/1328/912 942/1359/942 1246/1708/1246
f 1203/1653/1203 1213/1666/1213 1204/1654/1204
f 806/1217/806 861/1272/861 1426/1997/1426
f 962/1379/962 1427/1998/1427 963/1380/963
f 1428/1999/1428 1099/1542/1099 1101/1544/1101
f 1411/1967/1411 1101/1544/1101 1266/1732/1266
f 960/1377/960 1429/2000/1429 961/1378/961
f 1150/1595/1150 1429/2000/1429 1217/1672/1217
f 1430/2001/1430 694/1103/694 810/1221/810
f 1382/1924/1382 1430/2002/1430 810/1693/810
f 931/1348/931 1431/2003/1431 1352/1842/1352
f 1198/1648/1198 1410/1965/1410 1431/2003/1431
f 1004/1432/1004 1432/2004/1432 1393/2005/1393
f 963/1380/963 1427/1998/1427 1432/2004/1432
f 956/1533/956 1087/1528/1087 1376/2006/1376
f 954/1371/954 956/1373/956 1376/1902/1376
f 976/1395/976 967/1384/967 977/1396/977
f 1159/1604/1159 967/1384/967 1306/1776/1306
f 1248/1710/1248 1313/1784/1313 840/1251/840
f 840/1251/840 1313/1784/1313 1318/1789/1318
f 1067/1506/1067 1066/1505/1066 1433/2007/1433
f 1066/1863/1066 1363/1862/1363 1433/2008/1433
f 1256/1719/1256 1182/1631/1182 881/1294/881
f 1280/1746/1280 1057/1496/1057 1056/1495/1056
f 932/1349/932 931/1348/931 801/1212/801
f 932/1349/932 801/1212/801 1344/1828/1344
f 957/2009/957 1006/1434/1006 1008/1436/1008
f 939/1927/939 1151/1596/1151 957/2009/957
f 1425/1992/1425 1053/1492/1053 1402/1953/1402
f 992/1419/992 1425/1992/1425 1404/1955/1404
f 904/1320/904 825/1236/825 1118/1563/1118
f 904/1320/904 1118/1563/1118 1292/1760/1292
f 1319/1790/1319 1318/2010/1318 1420/1979/1420
f 840/1251/840 1318/1789/1318 889/1905/889
f 1375/1900/1375 1009/1437/1009 993/1420/993
f 993/1420/993 1009/1437/1009 994/1421/994
f 1429/2000/1429 1218/2011/1218 1217/1672/1217
f 1007/1901/1007 842/1438/842 1009/1437/1009
f 1088/1529/1088 841/2012/841 890/1826/890
f 1434/2013/1434 1322/1793/1322 1088/1529/1088
f 1435/2014/1435 1175/1624/1175 1174/1623/1174
f 1056/1495/1056 1435/2014/1435 882/1295/882
f 960/1377/960 833/2015/833 1429/2000/1429
f 1044/1479/1044 1043/1478/1043 960/1377/960
f 926/2016/926 1011/1440/1011 1012/1442/1012
f 941/1358/941 1247/1709/1247 926/1343/926
f 1050/1487/1050 1079/1520/1079 1436/2017/1436
f 1050/1487/1050 1049/1486/1049 1079/1520/1079
f 1033/1466/1033 1032/1465/1032 851/1262/851
f 1032/1724/1032 1259/1723/1259 851/2018/851
f 1365/1870/1365 1366/1872/1366 1264/1888/1264
f 1437/2019/1437 1365/2020/1365 1264/1730/1264
f 815/1226/815 812/2021/812 814/1987/814
f 1004/1432/1004 1393/2005/1393 1005/1433/1005
f 1326/1797/1326 951/1368/951 1078/1519/1078
f 1227/1683/1227 1438/2022/1438 1228/1684/1228
f 1160/1606/1160 1439/2023/1439 1170/1617/1170
f 1439/2023/1439 1433/2007/1433 1170/1617/1170
f 1072/1512/1072 1223/1679/1223 1391/1939/1391
f 849/1405/849 1072/1512/1072 1391/1939/1391
f 1126/1571/1126 1125/1570/1125 1013/1858/1013
f 1013/1443/1013 1019/1451/1019 1014/1444/1014
f 1437/2019/1437 1264/1730/1264 1263/1729/1263
f 768/1177/768 1437/2019/1437 1263/1729/1263
f 933/1986/933 930/2024/930 932/2025/932
f 933/1986/933 980/1985/980 930/2024/930
f 1440/2026/1440 1236/1696/1236 1124/1569/1124
f 1130/1575/1130 1129/1574/1129 1131/1576/1131
f 1428/1999/1428 1101/1544/1101 1411/1967/1411
f 1121/1566/1121 1428/1999/1428 1413/1969/1413
f 1116/1561/1116 731/1140/731 1083/1524/1083
f 1083/1524/1083 731/1140/731 788/1199/788
f 743/1152/743 1147/1592/1147 739/1148/739
f 1143/1588/1143 1145/1590/1145 723/1132/723
f 736/1145/736 738/1147/738 763/1481/763
f 774/1183/774 775/1185/775 733/1142/733
f 732/1141/732 722/1131/722 1117/1562/1117
f 1117/1562/1117 722/1131/722 966/1383/966
f 837/1899/837 1375/1900/1375 993/1420/993
f 957/2009/957 1008/1436/1008 958/2027/958
f 763/1172/763 774/1183/774 733/1142/733
f 763/1172/763 733/1142/733 764/1173/764
f 739/1148/739 1143/1588/1143 723/1132/723
f 739/1148/739 723/1132/723 740/1149/740
f 1256/1719/1256 1255/1718/1255 1182/1631/1182
f 1256/1719/1256 1092/1535/1092 1093/1536/1093
f 698/2028/698 1050/2029/1050 1436/2030/1436
f 697/2031/697 1050/2029/1050 698/2028/698
f 1250/1712/1250 1362/1860/1362 1127/1572/1127
f 806/1217/806 805/1216/805 861/1272/861
f 898/1314/898 893/1308/893 899/1315/899
f 899/1315/899 825/1236/825 904/1320/904
f 1441/2032/1441 1399/1950/1399 777/1412/777
f 776/1186/776 1441/2033/1441 777/1187/777
f 727/1136/727 794/1205/794 752/1161/752
f 794/1205/794 713/1122/713 752/1161/752
f 906/1322/906 1084/1525/1084 1294/1763/1294
f 1221/1677/1221 1290/1757/1290 1084/1525/1084
f 1068/1507/1068 1070/1509/1070 1442/2034/1442
f 776/1510/776 1068/1507/1068 1442/2034/1442
f 709/1118/709 978/1397/978 758/1167/758
f 978/1397/978 719/1399/719 758/1167/758
f 897/1313/897 899/1315/899 903/1319/903
f 1084/1525/1084 1290/1757/1290 903/1319/903
f 1223/1679/1223 807/1218/807 1443/2035/1443
f 807/1218/807 809/1220/809 1443/2035/1443
f 898/1314/898 891/1306/891 893/1308/893
f 704/1113/704 1377/1903/1377 898/1314/898
f 947/1364/947 938/1355/938 940/1357/940
f 1178/1627/1178 828/1239/828 936/1353/936
f 1005/1433/1005 1393/2005/1393 812/2021/812
f 1393/2036/1393 1003/1818/1003 812/1223/812
f 704/1113/704 954/1371/954 1377/1903/1377
f 703/1112/703 954/1371/954 704/1113/704
f 934/2037/934 1344/2038/1344 1345/2039/1345
f 697/2031/697 1048/2040/1048 1050/2029/1050
f 934/2037/934 932/2025/932 1344/2038/1344
f 933/1986/933 932/2025/932 934/2037/934
f 1137/1582/1137 1139/1584/1139 1252/1836/1252
f 1251/1714/1251 1137/1713/1137 1252/1715/1252
f 1187/1636/1187 1421/2041/1421 1188/1637/1188
f 698/2028/698 1436/2030/1436 1273/2042/1273
f 1200/1650/1200 1202/1652/1202 1128/1573/1128
f 964/1381/964 1303/1772/1303 916/1332/916
f 890/1305/890 1319/1790/1319 1179/1628/1179
f 1089/1530/1089 890/1826/890 1333/1804/1333
f 1009/1437/1009 1010/1439/1010 994/1421/994
f 994/1421/994 1405/2043/1405 1249/1711/1249
f 1236/2044/1236 1237/1697/1237 1238/1698/1238
f 1440/2026/1440 927/1344/927 1236/1696/1236
f 1277/1743/1277 1275/1741/1275 1274/1740/1274
f 1355/1845/1355 1277/1743/1277 1274/1740/1274
f 1169/1616/1169 712/1121/712 1371/1880/1371
f 712/1121/712 1108/1553/1108 1148/1593/1148
f 871/1283/871 836/1247/836 838/1249/838
f 944/1361/944 836/1247/836 871/1283/871
f 942/2045/942 1244/1706/1244 1245/1707/1245
f 911/1917/911 1244/1706/1244 942/2045/942
f 776/1186/776 1239/1700/1239 1401/2046/1401
f 1239/1701/1239 985/1408/985 1401/1952/1401
f 1060/1499/1060 1232/1690/1232 1234/1692/1234
f 871/1283/871 838/1249/838 872/1284/872
f 1416/1974/1416 915/1331/915 804/1215/804
f 1444/2047/1444 804/1215/804 806/1217/806
f 1199/1960/1199 718/1127/718 1373/1892/1373
f 1148/1593/1148 1108/1553/1108 718/1127/718
f 1421/1980/1421 1051/1488/1051 699/1108/699
f 1436/2017/1436 1079/1520/1079 1051/1488/1051
f 703/1112/703 1017/1447/1017 954/1371/954
f 1060/1499/1060 1234/1692/1234 1231/1689/1231
f 696/1105/696 1187/2048/1187 1189/1638/1189
f 1189/1638/1189 1417/2049/1417 1418/2050/1418
f 944/1361/944 940/1357/940 836/1247/836
f 947/1364/947 940/1357/940 948/1365/948
f 1407/1995/1407 1358/1848/1358 1338/1811/1338
f 1358/1848/1358 782/1192/782 1338/1811/1338
f 1195/1645/1195 1197/1647/1197 1206/1656/1206
f 981/1402/981 1398/1949/1398 1410/1965/1410
f 708/1117/708 750/1159/750 1242/1704/1242
f 750/1159/750 1307/1778/1307 1242/1704/1242
f 726/1135/726 745/1154/745 1308/1779/1308
f 745/1154/745 1320/1791/1320 1308/1779/1308
f 1445/2051/1445 1435/2014/1435 1174/1623/1174
f 1445/2051/1445 1174/1623/1174 1221/1677/1221
f 1257/1720/1257 996/1423/996 1233/1887/1233
f 996/1423/996 1090/1532/1090 955/1531/955
f 902/1318/902 869/1281/869 1178/1627/1178
f 1086/1527/1086 902/1318/902 1178/1627/1178
f 1233/1887/1233 996/1423/996 955/1531/955
f 1234/1692/1234 1233/1691/1233 955/1372/955
f 1157/1869/1157 1348/1838/1348 1359/2052/1359
f 1348/1849/1348 928/1345/928 1359/1850/1359
f 985/1408/985 1031/1464/1031 1222/1678/1222
f 1031/1464/1031 1033/1466/1033 1222/1678/1222
f 994/1421/994 1010/1439/1010 1405/2043/1405
f 844/1255/844 843/1254/843 1248/1710/1248
f 1034/1467/1034 1159/1604/1159 721/1130/721
f 721/1130/721 1159/1604/1159 965/1382/965
f 945/1362/945 871/1283/871 870/1282/870
f 1280/1746/1280 945/1362/945 870/1282/870
f 1168/1884/1168 1025/1458/1025 868/1877/868
f 867/1279/867 1168/2053/1168 868/1280/868
f 851/2018/851 1259/1723/1259 1260/1726/1260
f 1259/1723/1259 1076/1516/1076 1260/1726/1260
f 1001/1429/1001 1194/1644/1194 730/1139/730
f 730/1139/730 1194/1644/1194 787/1198/787
f 785/1984/785 1142/1587/1142 1278/1744/1278
f 1142/1587/1142 1155/1600/1155 1278/1744/1278
f 1433/2008/1433 1363/1862/1363 1105/1548/1105
f 1363/1862/1363 973/1390/973 1105/1548/1105
f 1189/1638/1189 1418/2050/1418 696/1105/696
f 1446/2054/1446 1415/2055/1415 1416/2056/1416
f 977/1396/977 967/1384/967 968/1385/968
f 1243/1705/1243 977/1396/977 717/1398/717
f 1272/1896/1272 1372/1890/1372 1364/1897/1364
f 1372/1920/1372 791/1202/791 1364/1866/1364
f 1275/1908/1275 1360/1856/1360 1288/1755/1288
f 1360/1856/1360 854/1265/854 1288/1755/1288
f 1091/1534/1091 757/1166/757 999/1426/999
f 757/1166/757 759/1168/759 999/1426/999
f 1242/1704/1242 1307/1778/1307 1243/1705/1243
f 1307/1778/1307 977/1396/977 1243/1705/1243
f 872/1284/872 1232/1690/1232 1060/1499/1060
f 1279/1745/1279 872/1284/872 1060/1499/1060
f 1287/1916/1287 1289/1756/1289 1367/1874/1367
f 1289/1756/1289 817/1228/817 1367/1874/1367
f 1444/2047/1444 806/1217/806 1427/2057/1427
f 1427/2057/1427 806/1217/806 1426/1997/1426
f 1018/2058/1018 1349/1839/1349 1350/1840/1350
f 923/1921/923 1349/1839/1349 1018/2058/1018
f 878/1907/878 1261/1727/1261 1138/1583/1138
f 1261/1727/1261 1073/1904/1073 1138/1583/1138
f 872/1284/872 838/1249/838 1232/1690/1232
f 838/1249/838 1016/1446/1016 1232/1690/1232
f 758/1167/758 719/1399/719 1199/1649/1199
f 719/1128/719 718/1127/718 1199/1960/1199
f 1120/1565/1120 1331/1802/1331 1219/1675/1219
f 1331/1802/1331 1424/1991/1424 1219/1675/1219
f 1432/2059/1432 860/1271/860 1393/1941/1393
f 1427/2057/1427 1426/1997/1426 1432/2059/1432
f 1323/1794/1323 1434/2013/1434 1088/1529/1088
f 996/1423/996 998/1425/998 1090/1532/1090
f 1106/1549/1106 751/1160/751 1035/1468/1035
f 751/1160/751 753/1162/753 1035/1468/1035
f 707/1116/707 1183/1632/1183 1414/2060/1414
f 1020/1453/1020 1183/1632/1183 1021/1454/1021
f 696/1105/696 1447/2061/1447 962/1379/962
f 962/1379/962 1444/2062/1444 1427/1998/1427
f 1183/1632/1183 1311/1782/1311 1021/1454/1021
f 834/1245/834 1311/1782/1311 1332/1803/1332
f 756/1165/756 720/1129/720 732/1141/732
f 1343/1827/1343 1299/1768/1299 1241/1703/1241
f 696/1105/696 1005/1433/1005 815/1226/815
f 1005/1433/1005 812/2021/812 815/1226/815
f 1020/1477/1020 1022/2063/1022 1043/1478/1043
f 1043/1478/1043 833/2015/833 960/1377/960
f 762/1171/762 729/1138/729 1116/1561/1116
f 1354/1844/1354 1191/1640/1191 1329/1800/1329
f 833/1244/833 835/1246/835 1429/2064/1429
f 1429/2064/1429 835/1246/835 1218/1673/1218
f 888/2065/888 1337/1810/1337 1160/1606/1160
f 1337/1810/1337 1067/1506/1067 1160/1606/1160
f 1293/1761/1293 1085/1526/1085 1094/1938/1094
f 1084/1525/1084 1085/1526/1085 1294/1763/1294
f 797/1208/797 789/1200/789 790/1201/790
f 1309/1780/1309 797/1208/797 711/1120/711
f 893/1308/893 826/1237/826 825/1236/825
f 899/1315/899 893/1308/893 825/1236/825
f 1308/1779/1308 1320/1791/1320 1309/1780/1309
f 1320/1791/1320 797/1208/797 1309/1780/1309
f 906/1322/906 1221/1677/1221 1084/1525/1084
f 1445/2051/1445 1221/1677/1221 906/1322/906
f 1166/1612/1166 1185/1634/1185 1023/1456/1023
f 1168/1884/1168 1166/1612/1166 1023/1456/1023
f 752/1161/752 713/1122/713 1169/1616/1169
f 713/1122/713 712/1121/712 1169/1616/1169
f 965/1382/965 1159/1604/1159 1306/1776/1306
f 965/1382/965 1306/1776/1306 1304/1774/1304
f 1218/1673/1218 843/1674/843 842/2066/842
f 1217/1672/1217 1218/2011/1218 842/2067/842
f 787/1198/787 1194/1644/1194 1316/1787/1316
f 787/1198/787 1316/1787/1316 1314/1785/1314
f 1057/1496/1057 870/1282/870 1279/1745/1279
f 1057/1496/1057 1059/1498/1059 1058/1497/1058
f 1326/1797/1326 1325/1796/1325 951/1368/951
f 1325/2068/1325 1324/1795/1324 949/1366/949
f 1339/1817/1339 1111/2069/1111 1295/1764/1295
f 924/1448/924 1018/1450/1018 1296/1765/1296
f 1325/2068/1325 949/1366/949 951/2070/951
f 951/2070/951 949/1366/949 913/1329/913
f 1396/1945/1396 1181/1630/1181 1040/1946/1040
f 1181/1630/1181 1334/1805/1334 1335/1806/1335
f 1397/1948/1397 1195/1645/1195 1398/1949/1398
f 1398/1949/1398 1195/1645/1195 1206/1656/1206
f 1086/1527/1086 1178/1627/1178 935/1352/935
f 1092/1535/1092 1086/1527/1086 935/1352/935
f 977/1396/977 968/1385/968 717/1126/717
f 717/1126/717 968/1385/968 718/1127/718
f 1002/1819/1002 1112/1557/1112 1340/1820/1340
f 1340/1820/1340 1112/1557/1112 1114/1559/1114
f 936/1353/936 828/1239/828 938/1355/938
f 828/1239/828 1152/1597/1152 938/1355/938
f 706/1115/706 1420/1979/1420 1310/1781/1310
f 1420/1979/1420 1318/2010/1318 1310/1781/1310
f 711/1120/711 790/1201/790 712/1121/712
f 797/1208/797 790/1201/790 711/1120/711
f 1448/2071/1448 1324/1795/1324 1325/2068/1325
f 1448/2071/1448 907/1323/907 909/1325/909
f 1006/1434/1006 1217/1672/1217 1007/1435/1007
f 1217/1672/1217 842/2067/842 1007/1435/1007
f 1002/1819/1002 1339/1817/1339 1112/1557/1112
f 861/1272/861 1109/1554/1109 862/1273/862
f 821/1232/821 694/1103/694 852/1263/852
f 1103/1546/1103 821/1491/821 852/1489/852
f 1405/2072/1405 1248/1710/1248 839/1250/839
f 844/1255/844 1248/1710/1248 1405/2072/1405
f 828/1239/828 830/1241/830 1152/1597/1152
f 830/1894/830 959/1376/959 1152/1963/1152
f 1043/1478/1043 1022/2063/1022 833/2015/833
f 1022/1455/1022 834/1245/834 833/1244/833
f 1080/1521/1080 1210/1663/1210 1212/1665/1212
f 802/1213/802 1229/1685/1229 1409/1964/1409
f 876/1289/876 875/1288/875 990/1417/990
f 875/1288/875 988/1415/988 990/1417/990
f 905/1321/905 904/1320/904 1291/1758/1291
f 905/1321/905 1291/1758/1291 1085/1526/1085
f 1186/1635/1186 1303/1772/1303 964/1381/964
f 1417/1975/1417 1186/1635/1186 964/1381/964
f 861/1272/861 1127/1572/1127 1109/1554/1109
f 805/1216/805 1127/1572/1127 861/1272/861
f 1123/1568/1123 1122/1567/1122 716/1125/716
f 1122/1567/1122 714/1123/714 716/1125/716
f 772/1181/772 694/1103/694 831/1242/831
f 817/1228/817 772/1181/772 831/1242/831
f 835/1246/835 1312/1783/1312 843/1674/843
f 843/1254/843 1312/1783/1312 1248/1710/1248
f 847/1258/847 1119/1564/1119 818/1409/818
f 776/1186/776 847/1258/847 818/1229/818
f 1198/1648/1198 1431/2003/1431 931/1348/931
f 930/1347/930 1198/1648/1198 931/1348/931
f 1414/2060/1414 1183/1632/1183 1020/1453/1020
f 1185/1634/1185 1414/1971/1414 1020/1477/1020
f 1080/1521/1080 1212/1665/1212 1081/1522/1081
f 700/1109/700 1203/1653/1203 1205/1655/1205
f 936/1353/936 938/1355/938 947/1364/947
f 937/1354/937 936/1353/936 947/1364/947
f 889/1304/889 1318/2010/1318 1319/1790/1319
f 890/1305/890 889/1304/889 1319/1790/1319
f 1302/1771/1302 887/1301/887 885/1299/885
f 776/1298/776 1302/1771/1302 885/1299/885
f 1040/1474/1040 1026/1459/1026 1041/1475/1041
f 1165/1611/1165 1026/1459/1026 1028/1461/1028
f 942/2045/942 1245/1707/1245 1247/2073/1247
f 1247/2073/1247 1011/1440/1011 926/2016/926
f 1093/1536/1093 937/1354/937 1255/1718/1255
f 1256/1719/1256 1093/1536/1093 1255/1718/1255
f 696/1105/696 1273/1739/1273 1187/2048/1187
f 1273/2042/1273 1421/2041/1421 1187/1636/1187
f 1120/1565/1120 1219/1675/1219 1119/1564/1119
f 847/1258/847 1120/1565/1120 1119/1564/1119
f 1027/1460/1027 705/2074/705 707/1970/707
f 1334/1805/1334 1179/2075/1179 705/2074/705
f 1208/1659/1208 694/1103/694 693/1102/693
f 1356/1846/1356 1208/1660/1208 693/1193/693
f 1273/2042/1273 1436/2030/1436 1421/2041/1421
f 1436/2017/1436 1051/1488/1051 1421/1980/1421
f 1063/1502/1063 974/1392/974 1103/1546/1103
f 974/1392/974 821/1491/821 1103/1546/1103
f 1333/1804/1333 890/1826/890 1179/2075/1179
f 1333/1804/1333 1179/2075/1179 1334/1805/1334
f 816/1227/816 814/1987/814 980/1985/980
f 814/1225/814 813/1224/813 980/1401/980
f 991/1418/991 1240/1702/1240 746/1155/746
f 1240/1702/1240 747/1156/747 746/1155/746
f 1082/1523/1082 1328/1799/1328 1099/1542/1099
f 1328/1799/1328 1115/1560/1115 1099/1542/1099
f 1390/1936/1390 1387/1931/1387 792/1203/792
f 1387/1931/1387 694/1337/694 792/1203/792
f 1037/1470/1037 1089/1530/1089 1038/1471/1038
f 1038/1471/1038 1089/1530/1089 1333/1804/1333
f 1431/2003/1431 1351/1841/1351 1352/1842/1352
f 802/1213/802 1227/1683/1227 1229/1685/1229
f 1358/1848/1358 1356/1846/1356 782/1192/782
f 1356/1846/1356 693/1193/693 782/1192/782
f 1348/1849/1348 1386/1929/1386 928/1345/928
f 1386/1929/1386 1055/1494/1055 928/1345/928
f 1249/1711/1249 1321/1792/1321 997/1424/997
f 1257/1720/1257 1249/1711/1249 997/1424/997
f 1426/1997/1426 861/1272/861 860/1271/860
f 1432/2059/1432 1426/1997/1426 860/1271/860
f 881/1294/881 1182/1631/1182 1280/1746/1280
f 1182/1631/1182 945/1362/945 1280/1746/1280
f 1372/1920/1372 1390/1936/1390 791/1202/791
f 1390/1936/1390 792/1203/792 791/1202/791
f 856/1267/856 771/1180/771 770/1179/770
f 1289/1756/1289 856/1267/856 770/1179/770
f 858/1269/858 1448/2076/1448 1325/1796/1325
f 969/1386/969 1448/2076/1448 858/1269/858
f 700/1109/700 1205/1655/1205 701/1110/701
f 701/1110/701 1205/1655/1205 1200/1650/1200
f 754/1163/754 756/1165/756 1299/1768/1299
f 1299/1768/1299 756/1165/756 732/1141/732
f 760/1169/760 762/1171/762 1191/1640/1191
f 1191/1640/1191 762/1171/762 1116/1561/1116
f 1345/2077/1345 1344/2078/1344 1048/2040/1048
f 1344/1828/1344 803/1214/803 1048/1485/1048
f 1021/1454/1021 1311/1782/1311 834/1245/834
f 1022/1455/1022 1021/1454/1021 834/1245/834
f 866/1278/866 768/1177/768 767/1176/767
f 1392/1940/1392 866/1688/866 767/1873/767
f 1447/2061/1447 1444/2062/1444 962/1379/962
f 1446/2054/1446 1416/2056/1416 1447/2061/1447
f 783/1194/783 1430/2002/1430 1382/1924/1382
f 1259/1723/1259 783/1194/783 1382/1924/1382
f 1277/1743/1277 1173/1622/1173 1275/1741/1275
f 1173/1909/1173 1360/1856/1360 1275/1908/1275
f 1378/1989/1378 766/1286/766 873/1285/873
f 1047/1484/1047 1046/1483/1046 1378/1989/1378
f 896/1605/896 1163/1609/1163 1162/1608/1162
f 896/1605/896 1161/1607/1161 1163/1609/1163
f 1447/2061/1447 1416/2056/1416 1444/2062/1444
f 1416/1974/1416 804/1215/804 1444/2047/1444
f 1077/1518/1077 1215/1668/1215 1214/1667/1214
f 1261/1727/1261 1077/1518/1077 1214/1667/1214
f 929/1346/929 694/1337/694 918/1334/918
f 1366/1881/1366 929/1346/929 918/1334/918
f 888/2065/888 1160/1606/1160 895/1812/895
f 886/1312/886 888/1302/888 895/1310/895
f 1070/1777/1070 1142/1587/1142 785/1984/785
f 1442/2034/1442 1070/1509/1070 785/1196/785
f 1144/1589/1144 1266/1732/1266 1268/1734/1268
f 1411/1967/1411 1266/1732/1266 1144/1589/1144
f 1139/1833/1139 1075/1515/1075 877/1290/877
f 1075/1515/1075 863/1274/863 877/1290/877
f 824/1235/824 1330/1801/1330 846/1257/846
f 1374/1898/1374 824/1235/824 846/1257/846
f 800/1835/800 1336/1807/1336 1422/1982/1422
f 800/1211/800 1422/1983/1422 1302/1771/1302
f 773/1184/773 1134/1579/1134 1136/1581/1136
f 1402/1953/1402 1134/1816/1134 773/1182/773
f 987/1413/987 1029/1462/1029 984/1407/984
f 987/1413/987 984/1407/984 983/1406/983
f 780/1190/780 1355/1845/1355 823/1234/823
f 781/1191/781 780/1190/780 823/1234/823
f 1360/1856/1360 1104/1547/1104 1052/1490/1052
f 1104/1547/1104 852/1489/852 1052/1490/1052
f 1388/1933/1388 741/1150/741 876/1289/876
f 1388/1933/1388 739/1148/739 741/1150/741
f 1379/1913/1379 763/1172/763 765/1174/765
f 1379/1913/1379 765/1174/765 1123/1568/1123
f 1399/1950/1399 1133/1578/1133 777/1412/777
f 1399/1950/1399 1220/1676/1220 1133/1578/1133
f 853/1264/853 694/1103/694 855/1266/855
f 1052/1490/1052 853/1264/853 855/1266/855
f 1236/2044/1236 1238/1698/1238 1125/2079/1125
f 1125/2079/1125 1019/1451/1019 1013/1443/1013
f 1388/1933/1388 1419/1977/1419 1389/1934/1389
f 1389/1934/1389 1419/1977/1419 1046/1773/1046
f 1379/1913/1379 1423/1988/1423 1380/1914/1380
f 1380/1914/1380 1423/1988/1423 766/1175/766
f 995/1422/995 1249/1711/1249 1257/1720/1257
f 1258/1886/1258 995/1422/995 1257/1720/1257
f 1363/1867/1363 793/1204/793 1395/1944/1395
f 793/1204/793 1341/1823/1341 1395/1944/1395
f 1388/1933/1388 876/1289/876 1419/1977/1419
f 876/1289/876 990/1417/990 1419/1977/1419
f 1379/1913/1379 1123/1568/1123 1423/1988/1423
f 1123/1568/1123 716/1125/716 1423/1988/1423
f 793/1204/793 921/1393/921 1341/1823/1341
f 921/1338/921 694/1337/694 1341/1821/1341
f 1401/1952/1401 1400/1951/1400 982/1404/982
f 1400/1951/1400 1222/1678/1222 982/1404/982
f 917/1333/917 1130/1575/1130 1250/1712/1250
f 916/1332/916 1130/1575/1130 917/1333/917
f 916/1332/916 1128/1573/1128 1130/1575/1130
f 1303/1772/1303 1128/1573/1128 916/1332/916
f 1077/1518/1077 811/1517/811 1215/1668/1215
f 811/1222/811 694/1103/694 1215/1670/1215
f 1299/1768/1299 732/1141/732 1241/1703/1241
f 1241/1703/1241 732/1141/732 1117/1562/1117
f 1292/1760/1292 867/1615/867 901/2080/901
f 900/1759/900 1292/1760/1292 901/2080/901
f 1303/1772/1303 1200/1650/1200 1128/1573/1128
f 701/1110/701 1200/1650/1200 1303/1772/1303
f 1075/1515/1075 1074/1514/1074 863/1274/863
f 1074/1514/1074 694/1275/694 863/1274/863
f 1368/1875/1368 831/1242/831 690/1099/690
f 1357/1847/1357 1368/1875/1368 690/1099/690
f 1315/1786/1315 1316/1787/1316 796/1207/796
f 1316/1994/1316 789/1200/789 796/1993/796
f 1391/1939/1391 1140/1585/1140 1209/1851/1209
f 1406/1959/1406 1391/2081/1391 1209/1662/1209
f 1189/1638/1189 1188/1637/1188 1417/2049/1417
f 1188/1981/1188 1186/1635/1186 1417/1975/1417
f 961/1378/961 1429/2000/1429 1150/1595/1150
f 1149/1594/1149 961/1378/961 1150/1595/1150
f 927/2082/927 1237/1697/1237 1236/2044/1236
f 926/2016/926 1012/1442/1012 927/2082/927
f 1191/1640/1191 1116/1561/1116 1329/1800/1329
f 1329/1800/1329 1116/1561/1116 1083/1524/1083
f 1394/1942/1394 1397/1948/1397 813/1224/813
f 812/1223/812 1394/1942/1394 813/1224/813
f 952/2083/952 913/1918/913 911/1917/911
f 951/2070/951 913/1329/913 952/2084/952
f 1352/1842/1352 1227/1683/1227 802/1213/802
f 801/1212/801 1352/1842/1352 802/1213/802
f 953/1972/953 1039/1472/1039 892/2085/892
f 892/2085/892 1396/1945/1396 826/1947/826
f 696/1105/696 1418/2050/1418 1415/2055/1415
f 1418/1976/1418 915/1331/915 1415/1973/1415
f 690/1099/690 832/1243/832 691/1100/691
f 832/1243/832 694/1103/694 691/1658/691
f 925/1342/925 927/1344/927 1440/2026/1440
f 1128/1573/1128 1202/1652/1202 1129/1574/1129
f 803/1214/803 1409/1964/1409 1049/1486/1049
f 1048/1485/1048 803/1214/803 1049/1486/1049
f 1087/1528/1087 1089/1530/1089 1037/1470/1037
f 1376/2006/1376 1087/1528/1087 1037/1470/1037
f 1151/1596/1151 1150/1595/1150 1006/1434/1006
f 1151/1596/1151 1006/1434/1006 957/2009/957
f 1153/1837/1153 1348/1838/1348 1156/1868/1156
f 1154/1599/1154 1153/1598/1153 1156/1601/1156
f 748/1157/748 708/1117/708 1235/1695/1235
f 1235/1815/1235 708/2086/708 710/1935/710
f 1154/1599/1154 1156/1601/1156 1155/1600/1155
f 1142/1587/1142 1154/1599/1154 1155/1600/1155
f 1102/1545/1102 726/1135/726 728/1137/728
f 1100/1543/1100 726/1135/726 1102/1545/1102
f 881/1294/881 1280/1746/1280 1056/1495/1056
f 881/1294/881 1056/1495/1056 882/1295/882
f 917/1333/917 1250/1712/1250 805/1216/805
f 805/1216/805 1250/1712/1250 1127/1572/1127
f 950/1367/950 952/1369/952 910/1326/910
f 1210/1663/1210 1230/1686/1230 1211/1664/1211
f 972/1922/972 907/1323/907 1381/2087/1381
f 1381/2087/1381 907/1323/907 1448/2071/1448
f 1305/1775/1305 1306/1776/1306 976/1395/976
f 1306/1776/1306 967/1384/967 976/1395/976
f 1346/1830/1346 1272/1738/1272 1347/2088/1347
f 1272/1896/1272 1364/1897/1364 1347/1861/1347
f 745/1154/745 1315/1786/1315 795/1206/795
f 1315/1786/1315 796/1207/796 795/1206/795
f 1023/1456/1023 1185/1634/1185 1024/1457/1024
f 1185/1634/1185 1020/1477/1020 1024/1457/1024
f 1353/1843/1353 694/1103/694 771/1180/771
f 856/1267/856 1353/1843/1353 771/1180/771
f 959/1376/959 961/1378/961 1149/1594/1149
f 1152/1963/1152 959/1376/959 1384/1926/1384
f 750/1159/750 1305/1775/1305 975/1394/975
f 1305/1775/1305 976/1395/976 975/1394/975
f 1346/1830/1346 1347/2088/1347 1065/1808/1065
f 1336/1807/1336 1346/1830/1346 1065/1808/1065
f 776/1186/776 778/1188/778 983/1699/983
f 778/1414/778 987/1413/987 983/1406/983
f 973/1390/973 1342/2089/1342 820/1391/820
f 1342/2090/1342 694/1103/694 820/1231/820
f 1081/1522/1081 1212/1665/1212 1203/1653/1203
f 1212/1665/1212 1213/1666/1213 1203/1653/1203
f 1383/1925/1383 1300/1769/1300 754/1163/754
f 1300/1769/1300 755/1164/755 754/1163/754
f 783/1194/783 695/1694/695 1430/2002/1430
f 695/1104/695 694/1103/694 1430/2001/1430
f 1081/1522/1081 1203/1653/1203 700/1109/700
f 1051/1488/1051 1081/1522/1081 700/1109/700
f 724/1133/724 1383/1925/1383 1298/1767/1298
f 1383/1925/1383 754/1163/754 1298/1767/1298
f 1180/1629/1180 1420/1979/1420 706/1115/706
f 705/1114/705 1180/1629/1180 706/1115/706
f 1431/2003/1431 1207/1657/1207 1351/1841/1351
f 1410/1965/1410 1207/1657/1207 1431/2003/1431
f 1255/1718/1255 946/1363/946 943/1360/943
f 946/1363/946 948/1365/948 943/1360/943
f 1126/1571/1126 1013/1858/1013 1361/1857/1361
f 1250/1712/1250 1132/1577/1132 1362/1860/1362
f 1392/1940/1392 767/1873/767 776/1298/776
f 776/1510/776 786/1197/786 1392/2091/1392
f 1410/1965/1410 1206/1656/1206 1207/1657/1207
f 1398/1949/1398 1206/1656/1206 1410/1965/1410
f 1312/1783/1312 1332/1803/1332 1317/1788/1317
f 1311/1782/1311 1317/1788/1317 1332/1803/1332
f 1110/1555/1110 922/1339/922 924/1341/924
f 1362/1860/1362 922/1339/922 1110/1555/1110
f 971/2092/971 1097/1540/1097 972/1922/972
f 1018/2058/1018 1350/1840/1350 971/2092/971
f 1294/1763/1294 1085/1526/1085 1293/1761/1293
f 880/1293/880 1294/1763/1294 1293/1761/1293
f 1385/1928/1385 1192/1641/1192 760/1169/760
f 1192/1641/1192 761/1170/761 760/1169/760
f 734/1143/734 1385/1928/1385 1190/1639/1190
f 1385/1928/1385 760/1169/760 1190/1639/1190
f 923/1921/923 1096/1539/1096 1349/1839/1349
f 1096/1539/1096 908/1324/908 1349/1839/1349
f 1107/2093/1107 896/1605/896 1162/1608/1162
f 776/1186/776 1107/2093/1107 1162/1608/1162
f 1438/2022/1438 1326/1797/1326 1078/1519/1078
f 859/1270/859 858/1269/858 1326/1797/1326
f 1177/1626/1177 1064/1619/1064 1172/1621/1172
f 1064/1503/1064 1063/1502/1063 1172/1855/1172
f 1287/1916/1287 1367/1874/1367 1284/1882/1284
f 1424/1991/1424 1287/1753/1287 1284/1750/1284
f 1293/1761/1293 1094/1938/1094 1092/1937/1092
f 1094/1537/1094 1086/1527/1086 1092/1535/1092
f 1340/1820/1340 1114/1559/1114 1397/1948/1397
f 1394/1942/1394 1340/1820/1340 1397/1948/1397
f 781/1191/781 823/1234/823 822/1233/822
f 776/1186/776 781/1191/781 822/1233/822
f 1449/2094/1449 873/1285/873 874/1287/874
f 1449/2094/1449 1378/1989/1378 873/1285/873
f 1406/1959/1406 1209/1662/1209 1071/1511/1071
f 776/1510/776 1406/1959/1406 1071/1511/1071
f 1407/1995/1407 1338/1811/1338 1253/1722/1253
f 1408/1962/1408 1407/1961/1407 1253/1716/1253
f 1265/1889/1265 1372/1890/1372 1271/1895/1271
f 1269/1735/1269 1265/1731/1265 1271/1737/1271
f 1449/2094/1449 874/1482/874 1047/1484/1047
f 1449/2094/1449 1047/1484/1047 1378/1989/1378
f 735/1144/735 734/1143/734 714/1123/714
f 734/1143/734 1190/1639/1190 714/1123/714
f 1040/1474/1040 1335/1806/1335 1026/1459/1026
f 1181/1630/1181 1335/1806/1335 1040/1946/1040
f 1408/1962/1408 1253/1716/1253 1030/1463/1030
f 1029/1462/1029 1408/1962/1408 1030/1463/1030
f 1177/1626/1177 1172/1621/1172 1171/1620/1171
f 1161/1607/1161 1177/1626/1177 1171/1620/1171
f 1285/1883/1285 1357/1847/1357 1327/1853/1327
f 1226/1682/1226 1285/1751/1285 1327/1798/1327
f 1262/1728/1262 1157/1602/1157 1365/2020/1365
f 1157/1869/1157 1359/2052/1359 1365/2095/1365
f 725/1134/725 724/1133/724 988/1415/988
f 724/1133/724 1298/1767/1298 988/1415/988
f 714/1123/714 1354/1844/1354 715/1124/715
f 715/1124/715 1354/1844/1354 1328/1799/1328
f 1269/1735/1269 1271/1737/1271 1270/1736/1270
f 769/1178/769 1269/1735/1269 1270/1736/1270
f 1251/1714/1251 1252/1715/1252 1141/1586/1141
f 1140/1585/1140 1251/1714/1251 1141/1586/1141
f 1226/1682/1226 1327/1798/1327 1224/1680/1224
f 1220/1676/1220 1226/1682/1226 1224/1680/1224
f 764/1173/764 733/1142/733 735/1144/735
f 764/1173/764 735/1144/735 1122/1567/1122
f 1443/2035/1443 809/1220/809 879/1292/879
f 1223/1679/1223 1443/2035/1443 879/1292/879
f 860/1271/860 862/1273/862 1002/1430/1002
f 862/1273/862 1339/2096/1339 1002/1430/1002
f 1424/1991/1424 1284/1750/1284 1283/1749/1283
f 1219/1675/1219 1424/1991/1424 1283/1749/1283
f 878/1907/878 1138/1583/1138 1137/1582/1137
f 879/1292/879 878/1291/878 1137/1713/1137
f 1262/1728/1262 1365/2020/1365 1437/2019/1437
f 768/1177/768 1262/1728/1262 1437/2019/1437
f 1322/1793/1322 841/2097/841 1088/1529/1088
f 1321/1792/1321 841/2097/841 1322/1793/1322
f 776/1186/776 1401/2046/1401 848/1259/848
f 1401/1952/1401 982/1404/982 848/1403/848
f 911/1917/911 914/1919/914 1244/1706/1244
f 914/1919/914 908/1441/908 1244/1706/1244
f 979/1400/979 1381/1923/1381 969/1386/969
f 969/1386/969 1381/1923/1381 1448/2076/1448
f 1276/1754/1276 1289/1756/1289 1286/1915/1286
f 1276/1742/1276 1286/1752/1286 1282/1748/1282
f 971/2092/971 1350/1840/1350 1097/1540/1097
f 1350/1840/1350 908/1324/908 1097/1540/1097
f 988/1415/988 1343/1827/1343 989/1416/989
f 989/1416/989 1343/1827/1343 1240/1702/1240
f 1433/2007/1433 1062/1618/1062 1170/1617/1170
f 1433/2008/1433 1105/1548/1105 1062/1501/1062
f 1448/2071/1448 909/1325/909 1324/1795/1324
f 909/1325/909 908/1324/908 1324/1795/1324
f 1335/1806/1335 1334/1805/1334 1027/1460/1027
f 1334/1805/1334 705/2074/705 1027/1460/1027
f 1110/1555/1110 924/1341/924 1111/1556/1111
f 1111/2069/1111 924/1448/924 1296/1765/1296
f 992/1419/992 991/1418/991 1425/1992/1425
f 991/1418/991 746/1155/746 1425/1992/1425
f 1404/1955/1404 1425/1992/1425 1402/1953/1402
f 1404/1955/1404 1402/1953/1402 737/1146/737
f 740/1149/740 723/1132/723 725/1134/725
f 740/1149/740 725/1134/725 875/1288/875
f 972/1922/972 1098/1541/1098 907/1323/907
f 1098/1541/1098 908/1324/908 907/1323/907
f 1211/1664/1211 912/1328/912 1213/1666/1213
f 1213/1666/1213 912/1328/912 1246/1708/1246
f 851/1262/851 808/1219/808 807/1218/807
f 851/2018/851 1260/1726/1260 808/1725/808
f 776/1186/776 819/1230/819 1441/2033/1441
f 819/1411/819 1399/1950/1399 1441/2032/1441
f 1125/2079/1125 1238/1698/1238 1019/1451/1019
f 1238/1698/1238 908/1452/908 1019/1451/1019
f 1230/1686/1230 910/1326/910 1211/1664/1211
f 1211/1664/1211 910/1326/910 912/1328/912
f 1196/1646/1196 970/1387/970 979/1400/979
f 1295/1764/1295 1297/1766/1297 1113/1558/1113
f 763/1481/763 738/1147/738 774/2098/774
f 738/1147/738 773/1182/773 774/2098/774
f 1290/1757/1290 897/1313/897 903/1319/903
f 1176/1625/1176 897/1313/897 1290/1757/1290
f 1213/1666/1213 1246/1708/1246 1204/1654/1204
f 1204/1654/1204 1246/1708/1246 941/1358/941
f 1374/1898/1374 846/1257/846 845/1256/845
f 776/1186/776 1374/1898/1374 845/1256/845
f 1121/1566/1121 1082/1523/1082 1428/1999/1428
f 1082/1523/1082 1099/1542/1099 1428/1999/1428
f 922/1339/922 1015/1859/1015 923/1340/923
f 1361/1857/1361 1015/1859/1015 922/1339/922
f 1413/1969/1413 1428/1999/1428 1411/1967/1411
f 1413/1969/1413 1411/1967/1411 1146/1591/1146
f 1132/1577/1132 1361/1857/1361 1362/1860/1362
f 1362/1860/1362 1361/1857/1361 922/1339/922
f 1442/2034/1442 785/1196/785 784/1195/784
f 776/1510/776 1442/2034/1442 784/1195/784
f 927/2082/927 1012/1442/1012 1237/1697/1237
f 1012/1442/1012 908/1441/908 1237/1697/1237
f 1131/1576/1131 1126/1571/1126 1132/1577/1132
f 1132/1577/1132 1126/1571/1126 1361/1857/1361
f 798/1209/798 800/1211/800 1301/1770/1301
f 776/1298/776 798/1209/798 1301/1770/1301
f 1222/1678/1222 1033/1466/1033 850/1261/850
f 1033/1466/1033 851/1262/851 850/1261/850
f 1015/1445/1015 1014/1444/1014 1095/1538/1095
f 1014/1444/1014 908/1452/908 1095/1538/1095
f 1118/1563/1118 827/1238/827 1167/1613/1167
f 827/1864/827 1165/1611/1165 1167/1865/1167
f 1175/1624/1175 883/1296/883 1176/1625/1176
f 702/1111/702 704/1113/704 883/1296/883
f 1274/1740/1274 1276/1742/1276 1281/1747/1281
f 1330/1801/1330 1274/1740/1274 1281/1747/1281
f 1061/1500/1061 702/1111/702 1175/1624/1175
f 1175/1624/1175 702/1111/702 883/1296/883
f 1160/1606/1160 1067/1506/1067 1439/2023/1439
f 1067/1506/1067 1433/2007/1433 1439/2023/1439
f 1297/1766/1297 971/1388/971 970/1387/970
f 1113/1558/1113 1297/1766/1297 970/1387/970
f 739/1148/739 1147/1592/1147 1143/1588/1143
f 1147/1592/1147 1144/1589/1144 1143/1588/1143
f 1321/1792/1321 839/2099/839 841/2097/841
f 1405/1956/1405 839/2099/839 1321/1792/1321
f 1409/1964/1409 1210/1663/1210 1080/1521/1080
f 1049/1486/1049 1409/1964/1409 1080/1521/1080
f 1369/1876/1369 1043/1478/1043 1044/1479/1044
f 1369/1876/1369 1044/1479/1044 830/1894/830
f 1231/1689/1231 1234/1692/1234 703/1112/703
f 702/1111/702 1231/1689/1231 703/1112/703
f 958/2100/958 1008/2101/1008 1375/1900/1375
f 1008/2101/1008 1007/1901/1007 1375/1900/1375
f 1234/1692/1234 1017/1447/1017 703/1112/703
f 1234/1692/1234 955/1372/955 1017/1447/1017
f 943/1360/943 948/1365/948 944/1361/944
f 948/1365/948 940/1357/940 944/1361/944
f 1197/1647/1197 979/1400/979 969/1386/969
f 1196/1646/1196 979/1400/979 1197/1647/1197
f 1090/1532/1090 998/1425/998 1323/1794/1323
f 1090/1532/1090 1323/1794/1323 956/1533/956
f 1230/1686/1230 950/1367/950 910/1326/910
f 1228/1684/1228 950/1367/950 1230/1686/1230
f 1058/1497/1058 1175/1624/1175 1435/2014/1435
f 1056/1495/1056 1058/1497/1058 1435/2014/1435
f 1046/1773/1046 992/1419/992 1403/1954/1403
f 992/1419/992 1404/1955/1404 1403/1954/1403
f 1039/1472/1039 1181/1630/1181 1396/1945/1396
f 892/2085/892 1039/1472/1039 1396/1945/1396
f 998/1425/998 1322/1793/1322 1434/2013/1434
f 998/1425/998 1434/2013/1434 1323/1794/1323
f 766/1175/766 1121/1566/1121 1412/1968/1412
f 1121/1566/1121 1413/1969/1413 1412/1968/1412
f 886/1312/886 895/1310/895 894/1309/894
f 776/1298/776 886/1300/886 894/1551/894
f 1438/2022/1438 1078/1519/1078 1228/1684/1228
f 1228/1684/1228 1078/1519/1078 950/1367/950
f 842/1253/842 844/1255/844 1010/2102/1010
f 1010/2102/1010 844/1255/844 1405/2072/1405
f 859/1270/859 1326/1797/1326 1438/2022/1438
f 1351/1841/1351 859/1270/859 1438/2022/1438
f 1371/1880/1371 1148/1593/1148 967/1384/967
f 712/1121/712 1148/1593/1148 1371/1880/1371
f 1204/1654/1204 941/1358/941 1201/1651/1201
f 1201/1651/1201 941/1358/941 925/1342/925
f 1376/2006/1376 1037/1470/1037 953/1972/953
f 1377/1903/1377 1376/1902/1376 953/1370/953
f 882/1295/882 1445/2051/1445 906/1322/906
f 882/1295/882 1435/2014/1435 1445/2051/1445
f 1351/1841/1351 1438/2022/1438 1227/1683/1227
f 1352/1842/1352 1351/1841/1351 1227/1683/1227
f 1016/1885/1016 995/1422/995 1258/1886/1258
f 1232/1690/1232 1016/1446/1016 1258/1721/1258
f 898/1314/898 1377/1903/1377 891/1306/891
f 1377/1903/1377 953/1370/953 891/1306/891
f 1201/1651/1201 925/1342/925 1202/1652/1202
f 1202/1652/1202 925/1342/925 1440/2026/1440
f 1176/1625/1176 883/1296/883 884/1297/884
f 1176/1625/1176 884/1297/884 897/1313/897
f 1114/1559/1114 1196/1646/1196 1195/1645/1195
f 1397/1948/1397 1114/1559/1114 1195/1645/1195
f 1129/1574/1129 1440/2026/1440 1124/1569/1124
f 1202/1652/1202 1440/2026/1440 1129/1574/1129
f 862/1273/862 1109/1554/1109 1339/2096/1339
f 1109/1554/1109 1111/1556/1111 1339/2096/1339
f 696/1105/696 963/1380/963 1004/1432/1004
f 963/1380/963 1432/2004/1432 1004/1432/1004
f 1129/1574/1129 1124/1569/1124 1131/1576/1131
f 1131/1576/1131 1124/1569/1124 1126/1571/1126
f 1111/2069/1111 1296/1765/1296 1295/1764/1295
f 1295/1764/1295 1296/1765/1296 1297/1766/1297
f 1379/1911/1379 1046/1773/1046 1045/1480/1045
f 1379/1911/1379 1045/1480/1045 763/1481/763
f 1388/1933/1388 742/1151/742 739/1148/739
f 1388/1933/1388 766/1175/766 742/1151/742
f 696/1105/696 1446/2054/1446 1447/2061/1447
f 696/1105/696 1415/2055/1415 1446/2054/1446
f 1114/1559/1114 1113/1558/1113 1196/1646/1196
f 1113/1558/1113 970/1387/970 1196/1646/1196
f 1025/1458/1025 1042/1476/1042 1370/1878/1370
f 868/1877/868 1025/1458/1025 1370/1878/1370
f 718/1127/718 1108/1553/1108 1373/1892/1373
f 1373/1892/1373 1108/1553/1108 789/1200/789
f 1057/1496/1057 1279/1745/1279 1059/1498/1059
f 1279/1745/1279 1060/1499/1060 1059/1498/1059
f 1028/1461/1028 1184/1633/1184 1166/1612/1166
f 1028/1461/1028 707/1970/707 1184/1633/1184
f 696/1105/696 1345/1829/1345 697/1106/697
f 1345/2077/1345 1048/2040/1048 697/2031/697
f 1384/1926/1384 1149/1594/1149 1151/1596/1151
f 959/1376/959 1149/1594/1149 1384/1926/1384
f 1247/2073/1247 1245/1707/1245 1011/1440/1011
f 1245/1707/1245 908/1441/908 1011/1440/1011
f 1409/1964/1409 1229/1685/1229 1210/1663/1210
f 1229/1685/1229 1230/1686/1230 1210/1663/1210
f 827/1864/827 1041/1475/1041 1165/1611/1165
f 1041/1475/1041 1026/1459/1026 1165/1611/1165
f 958/2100/958 1375/1900/1375 837/1899/837
f 836/1247/836 958/1375/958 837/1248/837
